unresolved_crosswalk_id,unresolved_ip_name,unresolved_normalized_ip_name,unresolved_activity_registry_id,unresolved_indicator_registry_id,unresolved_activity_code,unresolved_normalized_activity_name,unresolved_indicator_code,unresolved_normalized_indicator_name,unresolved_output,unresolved_outcome,unresolved_cpd_indicator,unresolved_sp_indicator,unresolved_unsdcf_indicator,unresolved_reporting_year,unresolved_reporting_quarter,unresolved_target_registry_id,unresolved_evidence_required,unresolved_source_document,unresolved_source_sheet,unresolved_source_row,unresolved_mapping_method,unresolved_mapping_confidence,unresolved_mapping_status,unresolved_validation_status,unresolved_contribution_type,unresolved_gap_reason,unresolved_me_review_status,unresolved_me_corrected_value,unresolved_me_comments,unresolved_approved_by,unresolved_approved_date,crosswalk_crosswalk_id,crosswalk_ip_name,crosswalk_normalized_ip_name,crosswalk_activity_registry_id,crosswalk_indicator_registry_id,crosswalk_activity_code,crosswalk_normalized_activity_name,crosswalk_indicator_code,crosswalk_normalized_indicator_name,crosswalk_output,crosswalk_outcome,crosswalk_cpd_indicator,crosswalk_sp_indicator,crosswalk_unsdcf_indicator,crosswalk_reporting_year,crosswalk_reporting_quarter,crosswalk_target_registry_id,crosswalk_evidence_required,crosswalk_source_document,crosswalk_source_sheet,crosswalk_source_row,crosswalk_mapping_method,crosswalk_mapping_confidence,crosswalk_mapping_status,crosswalk_validation_status,crosswalk_contribution_type,crosswalk_gap_reason,crosswalk_me_review_status,crosswalk_me_corrected_value,crosswalk_me_comments,crosswalk_approved_by,crosswalk_approved_date,target_registry_id,target_ip_name,target_normalized_ip_name,target_indicator_code,target_indicator_name,target_reporting_year,target_annual_target,target_q1_target,target_q2_target,target_q3_target,target_q4_target,target_cumulative_target,target_target_type,target_unit_of_measure,target_source_document,target_source_sheet,target_source_row,target_mapping_status,target_validation_status,target_gap_reason,target_me_review_status,target_me_corrected_value,target_me_comments,target_approved_by,target_approved_date,evidence_evidence_registry_id,evidence_ip_name,evidence_activity_code,evidence_activity_name,evidence_indicator_code,evidence_indicator_name,evidence_evidence_required,evidence_evidence_type,evidence_evidence_frequency,evidence_responsible_team_or_person,evidence_source_document,evidence_source_sheet,evidence_source_row,evidence_validation_status,evidence_notes,evidence_me_review_status,evidence_me_corrected_value,evidence_me_comments,evidence_approved_by,evidence_approved_date,nrcs_crosswalk_id,nrcs_ip_name,nrcs_normalized_ip_name,nrcs_activity_registry_id,nrcs_indicator_registry_id,nrcs_activity_code,nrcs_normalized_activity_name,nrcs_indicator_code,nrcs_normalized_indicator_name,nrcs_output,nrcs_outcome,nrcs_cpd_indicator,nrcs_sp_indicator,nrcs_unsdcf_indicator,nrcs_reporting_year,nrcs_reporting_quarter,nrcs_target_registry_id,nrcs_evidence_required,nrcs_source_document,nrcs_source_sheet,nrcs_source_row,nrcs_mapping_method,nrcs_mapping_confidence,nrcs_mapping_status,nrcs_validation_status,nrcs_gap_reason,nrcs_me_review_status,nrcs_me_corrected_value,nrcs_me_comments,nrcs_approved_by,nrcs_approved_date,ip_registry_registry_id,ip_registry_ip_name,ip_registry_normalized_ip_name,ip_registry_source_document,ip_registry_source_folder,ip_registry_mapping_status,ip_registry_mapping_confidence,ip_registry_validation_status,ip_registry_remarks,ip_registry_me_review_status,ip_registry_me_corrected_value,ip_registry_me_comments,ip_registry_approved_by,ip_registry_approved_date,issue_group,decision_needed,proposed_fix,fix_confidence,requires_human_approval,agent_triage_note
xwalk_62a5b89b65ac58,PeaceWin,peacewin,act_a25ca99da25d22,ind_8542fb7dca4c1c,CDEU1115,sub activity 1 1 1 1 intergenerational dialogue between boys and men 30 in each palikas,,indicator registry not available in source workbook,Output 1.1 – Men and boys have increased capacity to challenge discriminatory social and gender norms and to act as role models that promote positive masculinities,"Outcome 1 - Men and boys, families and communities demonstrate more gender-equitable behaviours and support for positive social and gender norms that promote GEWE, and women and girls have increased agency",,,,2026.0,,,unknown,peacewinprogramindicator.xlsx,finalactivitylist,2.0,incomplete_source_workbook,0.0,incomplete_source,requires_me_review,,missing_indicator_target_registry,,,,,,,,,,,,,,,,,,,,,,,,,,,,,,,,,,,,,,,,,,,,,,,,,,,,,,,,,,,,,,,,,,,,,,,,,,,,,,,,,,,,,,,,,,,,,,,,,,,,,,,,,,,,,,,,,,,,,,,,,,,,,,,,,yes,,,yes,review proposed fixes
xwalk_778428dbb84d6c,PeaceWin,peacewin,act_def5fbee252d49,ind_8542fb7dca4c1c,ADVOEU1118,sub activity 1 1 1 3 adolescent friendly information corners afic mobilisation in school,,indicator registry not available in source workbook,Output 1.1 – Men and boys have increased capacity to challenge discriminatory social and gender norms and to act as role models that promote positive masculinities,"Outcome 1 - Men and boys, families and communities demonstrate more gender-equitable behaviours and support for positive social and gender norms that promote GEWE, and women and girls have increased agency",,,,2026.0,,,unknown,peacewinprogramindicator.xlsx,finalactivitylist,3.0,incomplete_source_workbook,0.0,incomplete_source,requires_me_review,,missing_indicator_target_registry,,,,,,,,,,,,,,,,,,,,,,,,,,,,,,,,,,,,,,,,,,,,,,,,,,,,,,,,,,,,,,,,,,,,,,,,,,,,,,,,,,,,,,,,,,,,,,,,,,,,,,,,,,,,,,,,,,,,,,,,,,,,,,,,,yes,,,yes,review proposed fixes
xwalk_8d0f189ba6ec03,PeaceWin,peacewin,act_7b97463c5a6bda,ind_8542fb7dca4c1c,ADVOEU1118 A,sub activity 1 1 1 4 inter school learning visits to afics from non afic schools participants non afic school s students,,indicator registry not available in source workbook,Output 1.1 – Men and boys have increased capacity to challenge discriminatory social and gender norms and to act as role models that promote positive masculinities,"Outcome 1 - Men and boys, families and communities demonstrate more gender-equitable behaviours and support for positive social and gender norms that promote GEWE, and women and girls have increased agency",,,,2026.0,,,unknown,peacewinprogramindicator.xlsx,finalactivitylist,4.0,incomplete_source_workbook,0.0,incomplete_source,requires_me_review,,missing_indicator_target_registry,,,,,,,,,,,,,,,,,,,,,,,,,,,,,,,,,,,,,,,,,,,,,,,,,,,,,,,,,,,,,,,,,,,,,,,,,,,,,,,,,,,,,,,,,,,,,,,,,,,,,,,,,,,,,,,,,,,,,,,,,,,,,,,,,yes,,,yes,review proposed fixes
xwalk_f0d6e32bd900c1,PeaceWin,peacewin,act_be2871530ce7ad,ind_8542fb7dca4c1c,ADVOEU11251,learning sharing between male champions early enablers on the action plan follow ups to be faciltiated by peacewin staff 6 male champions from 3 palikas,,indicator registry not available in source workbook,Output 1.1 – Men and boys have increased capacity to challenge discriminatory social and gender norms and to act as role models that promote positive masculinities,"Outcome 1 - Men and boys, families and communities demonstrate more gender-equitable behaviours and support for positive social and gender norms that promote GEWE, and women and girls have increased agency",,,,2026.0,,,unknown,peacewinprogramindicator.xlsx,finalactivitylist,5.0,incomplete_source_workbook,0.0,incomplete_source,requires_me_review,,missing_indicator_target_registry,,,,,,,,,,,,,,,,,,,,,,,,,,,,,,,,,,,,,,,,,,,,,,,,,,,,,,,,,,,,,,,,,,,,,,,,,,,,,,,,,,,,,,,,,,,,,,,,,,,,,,,,,,,,,,,,,,,,,,,,,,,,,,,,,yes,,,yes,review proposed fixes
xwalk_2813dcd4cfda38,PeaceWin,peacewin,act_9d2e9521190728,ind_8542fb7dca4c1c,ADVOEU11252,sub activity 1 1 2 5 learning sharing between male champions between 4 punos to identify synegy for social norm change media engagement with the male champions will be conducted 30 participants in total in sudurpashchim 15 from unfpa 15 from other punos,,indicator registry not available in source workbook,Output 1.1 – Men and boys have increased capacity to challenge discriminatory social and gender norms and to act as role models that promote positive masculinities,"Outcome 1 - Men and boys, families and communities demonstrate more gender-equitable behaviours and support for positive social and gender norms that promote GEWE, and women and girls have increased agency",,,,2026.0,,,unknown,peacewinprogramindicator.xlsx,finalactivitylist,6.0,incomplete_source_workbook,0.0,incomplete_source,requires_me_review,,missing_indicator_target_registry,,,,,,,,,,,,,,,,,,,,,,,,,,,,,,,,,,,,,,,,,,,,,,,,,,,,,,,,,,,,,,,,,,,,,,,,,,,,,,,,,,,,,,,,,,,,,,,,,,,,,,,,,,,,,,,,,,,,,,,,,,,,,,,,,yes,,,yes,review proposed fixes
xwalk_2c012387d702de,PeaceWin,peacewin,act_de73d8d2672976,ind_8542fb7dca4c1c,CDEU1234,sub activity 1 2 2 5 family dialogue sessions for beneficiaries and families who have received economic support from ilo women on gta 300 community people,,indicator registry not available in source workbook,Output 1.2 – Families and communities have increased capacity to enhance the economic role of women and nurture equitable and non-discriminatory relationships,"Outcome 1 - Men and boys, families and communities demonstrate more gender-equitable behaviours and support for positive social and gender norms that promote GEWE, and women and girls have increased agency",,,,2026.0,,,unknown,peacewinprogramindicator.xlsx,finalactivitylist,7.0,incomplete_source_workbook,0.0,incomplete_source,requires_me_review,,missing_indicator_target_registry,,,,,,,,,,,,,,,,,,,,,,,,,,,,,,,,,,,,,,,,,,,,,,,,,,,,,,,,,,,,,,,,,,,,,,,,,,,,,,,,,,,,,,,,,,,,,,,,,,,,,,,,,,,,,,,,,,,,,,,,,,,,,,,,,yes,,,yes,review proposed fixes
xwalk_1e71937c509cdc,PeaceWin,peacewin,act_6085ae259d0757,ind_8542fb7dca4c1c,CDEU1235,sub activity 1 2 2 6 support for gbv prevention community mainly the family dialogue graduates on business linkages and business development services 135 families 2 times in three lgs,,indicator registry not available in source workbook,Output 1.2 – Families and communities have increased capacity to enhance the economic role of women and nurture equitable and non-discriminatory relationships,"Outcome 1 - Men and boys, families and communities demonstrate more gender-equitable behaviours and support for positive social and gender norms that promote GEWE, and women and girls have increased agency",,,,2026.0,,,unknown,peacewinprogramindicator.xlsx,finalactivitylist,8.0,incomplete_source_workbook,0.0,incomplete_source,requires_me_review,,missing_indicator_target_registry,,,,,,,,,,,,,,,,,,,,,,,,,,,,,,,,,,,,,,,,,,,,,,,,,,,,,,,,,,,,,,,,,,,,,,,,,,,,,,,,,,,,,,,,,,,,,,,,,,,,,,,,,,,,,,,,,,,,,,,,,,,,,,,,,yes,,,yes,review proposed fixes
xwalk_e547cb55c0cf58,PeaceWin,peacewin,act_ee23baf05bcb37,ind_8542fb7dca4c1c,CDEU1236,sub activity 1 2 2 7 three days formalize your business grow your business training to the gbv prevention community memners family dialogue graduates which have started the micro enterprises after completing the family dialogue session,,indicator registry not available in source workbook,Output 1.2 – Families and communities have increased capacity to enhance the economic role of women and nurture equitable and non-discriminatory relationships,"Outcome 1 - Men and boys, families and communities demonstrate more gender-equitable behaviours and support for positive social and gender norms that promote GEWE, and women and girls have increased agency",,,,2026.0,,,unknown,peacewinprogramindicator.xlsx,finalactivitylist,9.0,incomplete_source_workbook,0.0,incomplete_source,requires_me_review,,missing_indicator_target_registry,,,,,,,,,,,,,,,,,,,,,,,,,,,,,,,,,,,,,,,,,,,,,,,,,,,,,,,,,,,,,,,,,,,,,,,,,,,,,,,,,,,,,,,,,,,,,,,,,,,,,,,,,,,,,,,,,,,,,,,,,,,,,,,,,yes,,,yes,review proposed fixes
xwalk_1fbc17db34f3ad,PeaceWin,peacewin,act_82a4ed2a1b3623,ind_8542fb7dca4c1c,CDEU1315,sub activity 1 3 1 5 intergenerational dialogue on gbv issues with women and girls 30 women and girls in each palikas,,indicator registry not available in source workbook,"Output 1.3 – Women and girls have increased capacity to advocate for gender equality and the rights of women and girls, hold duty bearers accountable for action on GEWE, and challenge discriminatory social and gender norms both individually and collectively","Outcome 1 - Men and boys, families and communities demonstrate more gender-equitable behaviours and support for positive social and gender norms that promote GEWE, and women and girls have increased agency",,,,2026.0,,,unknown,peacewinprogramindicator.xlsx,finalactivitylist,10.0,incomplete_source_workbook,0.0,incomplete_source,requires_me_review,,missing_indicator_target_registry,,,,,,,,,,,,,,,,,,,,,,,,,,,,,,,,,,,,,,,,,,,,,,,,,,,,,,,,,,,,,,,,,,,,,,,,,,,,,,,,,,,,,,,,,,,,,,,,,,,,,,,,,,,,,,,,,,,,,,,,,,,,,,,,,yes,,,yes,review proposed fixes
xwalk_097d3a33bac8d8,PeaceWin,peacewin,act_6d29106ece5b23,ind_8542fb7dca4c1c,CDEU1322,sub activity 1 3 2 1 mobilisation of opinion leaders specifically with traditional religious leaders amongst others 15 opinion leaders in 3 palikas 2 times in new areas supported under ilo and unwomen,,indicator registry not available in source workbook,"Output 1.3 – Women and girls have increased capacity to advocate for gender equality and the rights of women and girls, hold duty bearers accountable for action on GEWE, and challenge discriminatory social and gender norms both individually and collectively","Outcome 1 - Men and boys, families and communities demonstrate more gender-equitable behaviours and support for positive social and gender norms that promote GEWE, and women and girls have increased agency",,,,2026.0,,,unknown,peacewinprogramindicator.xlsx,finalactivitylist,11.0,incomplete_source_workbook,0.0,incomplete_source,requires_me_review,,missing_indicator_target_registry,,,,,,,,,,,,,,,,,,,,,,,,,,,,,,,,,,,,,,,,,,,,,,,,,,,,,,,,,,,,,,,,,,,,,,,,,,,,,,,,,,,,,,,,,,,,,,,,,,,,,,,,,,,,,,,,,,,,,,,,,,,,,,,,,yes,,,yes,review proposed fixes
xwalk_efd977cfcb6a87,PeaceWin,peacewin,act_292494950553e0,ind_8542fb7dca4c1c,CDEU13231,sub activity 1 3 2 2 mobilisation of early adopters and champions for community awareness raising intensive as well as light palikas cascading activities,,indicator registry not available in source workbook,"Output 1.3 – Women and girls have increased capacity to advocate for gender equality and the rights of women and girls, hold duty bearers accountable for action on GEWE, and challenge discriminatory social and gender norms both individually and collectively","Outcome 1 - Men and boys, families and communities demonstrate more gender-equitable behaviours and support for positive social and gender norms that promote GEWE, and women and girls have increased agency",,,,2026.0,,,unknown,peacewinprogramindicator.xlsx,finalactivitylist,12.0,incomplete_source_workbook,0.0,incomplete_source,requires_me_review,,missing_indicator_target_registry,,,,,,,,,,,,,,,,,,,,,,,,,,,,,,,,,,,,,,,,,,,,,,,,,,,,,,,,,,,,,,,,,,,,,,,,,,,,,,,,,,,,,,,,,,,,,,,,,,,,,,,,,,,,,,,,,,,,,,,,,,,,,,,,,yes,,,yes,review proposed fixes
xwalk_10ab58a5a889a7,PeaceWin,peacewin,act_984aa9e24bae27,ind_8542fb7dca4c1c,CDEU13232,sub activity 1 3 2 3 early adopters change agents consultation and policy dialogue meeting at badimaika belauri and dipayal shilgadhi municiplaity 3 palika two times,,indicator registry not available in source workbook,"Output 1.3 – Women and girls have increased capacity to advocate for gender equality and the rights of women and girls, hold duty bearers accountable for action on GEWE, and challenge discriminatory social and gender norms both individually and collectively","Outcome 1 - Men and boys, families and communities demonstrate more gender-equitable behaviours and support for positive social and gender norms that promote GEWE, and women and girls have increased agency",,,,2026.0,,,unknown,peacewinprogramindicator.xlsx,finalactivitylist,13.0,incomplete_source_workbook,0.0,incomplete_source,requires_me_review,,missing_indicator_target_registry,,,,,,,,,,,,,,,,,,,,,,,,,,,,,,,,,,,,,,,,,,,,,,,,,,,,,,,,,,,,,,,,,,,,,,,,,,,,,,,,,,,,,,,,,,,,,,,,,,,,,,,,,,,,,,,,,,,,,,,,,,,,,,,,,yes,,,yes,review proposed fixes
xwalk_fcfc889de6e3cc,PeaceWin,peacewin,act_5eb293aec877c6,ind_8542fb7dca4c1c,CDEU1324,sub activity 1 3 2 4 three days gender transformative approach training to the adolescents and youth identified as the early adopters change agents including the opinion makers 25 from each 3 palika belauri badimalika and dipayal shilgadhi total 75 persion,,indicator registry not available in source workbook,"Output 1.3 – Women and girls have increased capacity to advocate for gender equality and the rights of women and girls, hold duty bearers accountable for action on GEWE, and challenge discriminatory social and gender norms both individually and collectively","Outcome 1 - Men and boys, families and communities demonstrate more gender-equitable behaviours and support for positive social and gender norms that promote GEWE, and women and girls have increased agency",,,,2026.0,,,unknown,peacewinprogramindicator.xlsx,finalactivitylist,14.0,incomplete_source_workbook,0.0,incomplete_source,requires_me_review,,missing_indicator_target_registry,,,,,,,,,,,,,,,,,,,,,,,,,,,,,,,,,,,,,,,,,,,,,,,,,,,,,,,,,,,,,,,,,,,,,,,,,,,,,,,,,,,,,,,,,,,,,,,,,,,,,,,,,,,,,,,,,,,,,,,,,,,,,,,,,yes,,,yes,review proposed fixes
xwalk_3ce48e3a92fd80,PeaceWin,peacewin,act_179ce52f2ddd21,ind_8542fb7dca4c1c,CDEU2121,sub activity 2 1 2 1 three days gender non residential training on transformative approach and survivor centric business development support for the escs fncci fwean representative of ministry of labour and industry and local representatives of selected municipalities to deliver employment services sudurpashchim 17 participants non focused lgs 8,,indicator registry not available in source workbook,Output 1.2 – Families and communities have increased capacity to enhance the economic role of women and nurture equitable and non-discriminatory relationships,"Outcome 1 - Men and boys, families and communities demonstrate more gender-equitable behaviours and support for positive social and gender norms that promote GEWE, and women and girls have increased agency",,,,2026.0,,,unknown,peacewinprogramindicator.xlsx,finalactivitylist,15.0,incomplete_source_workbook,0.0,incomplete_source,requires_me_review,,missing_indicator_target_registry,,,,,,,,,,,,,,,,,,,,,,,,,,,,,,,,,,,,,,,,,,,,,,,,,,,,,,,,,,,,,,,,,,,,,,,,,,,,,,,,,,,,,,,,,,,,,,,,,,,,,,,,,,,,,,,,,,,,,,,,,,,,,,,,,yes,,,yes,review proposed fixes
xwalk_342778f82aa12a,PeaceWin,peacewin,act_a3a09149c6fe92,ind_8542fb7dca4c1c,ADVOEU3115,sub activity 3 1 1 1 mobilisation and operationalisation of provincial and local level gbv network 30 in each palikas half yearly meeting aligning with annual plan and mid year review,,indicator registry not available in source workbook,Output 1 - National Women’s Machinery has the improved capacity to advance GEWE in line with international/ national normative frameworks,"Outcome 3 - Institutions deliver gender equality outcomes in all spheres, in line with international and national normative frameworks",,,,2026.0,,,unknown,peacewinprogramindicator.xlsx,finalactivitylist,16.0,incomplete_source_workbook,0.0,incomplete_source,requires_me_review,,missing_indicator_target_registry,,,,,,,,,,,,,,,,,,,,,,,,,,,,,,,,,,,,,,,,,,,,,,,,,,,,,,,,,,,,,,,,,,,,,,,,,,,,,,,,,,,,,,,,,,,,,,,,,,,,,,,,,,,,,,,,,,,,,,,,,,,,,,,,,yes,,,yes,review proposed fixes
xwalk_8ec41f27a6665b,PeaceWin,peacewin,act_835e53d103bd04,ind_8542fb7dca4c1c,ADVOEU3112,two days review meting with provincial level gbv prevention and response network members on gender transformative approach in aligning with icpd cedaw sustainable development goals and national frameworks on gbv and srhr,,indicator registry not available in source workbook,Output 1 - National Women’s Machinery has the improved capacity to advance GEWE in line with international/ national normative frameworks,"Outcome 3 - Institutions deliver gender equality outcomes in all spheres, in line with international and national normative frameworks",,,,2026.0,,,unknown,peacewinprogramindicator.xlsx,finalactivitylist,17.0,incomplete_source_workbook,0.0,incomplete_source,requires_me_review,,missing_indicator_target_registry,,,,,,,,,,,,,,,,,,,,,,,,,,,,,,,,,,,,,,,,,,,,,,,,,,,,,,,,,,,,,,,,,,,,,,,,,,,,,,,,,,,,,,,,,,,,,,,,,,,,,,,,,,,,,,,,,,,,,,,,,,,,,,,,,yes,,,yes,review proposed fixes
xwalk_26b4f7d03952ea,PeaceWin,peacewin,act_f274d5e44b35a3,ind_8542fb7dca4c1c,ADVOEU3241,sub activity 3 2 4 1 international day celebration,,indicator registry not available in source workbook,Output 1 - National Women’s Machinery has the improved capacity to advance GEWE in line with international/ national normative frameworks,"Outcome 3 - Institutions deliver gender equality outcomes in all spheres, in line with international and national normative frameworks",,,,2026.0,,,unknown,peacewinprogramindicator.xlsx,finalactivitylist,18.0,incomplete_source_workbook,0.0,incomplete_source,requires_me_review,,missing_indicator_target_registry,,,,,,,,,,,,,,,,,,,,,,,,,,,,,,,,,,,,,,,,,,,,,,,,,,,,,,,,,,,,,,,,,,,,,,,,,,,,,,,,,,,,,,,,,,,,,,,,,,,,,,,,,,,,,,,,,,,,,,,,,,,,,,,,,yes,,,yes,review proposed fixes
xwalk_99db4bf1cb21c7,PeaceWin,peacewin,act_a8f4325b385235,ind_8542fb7dca4c1c,ADVOEU3311,sub activity 3 3 3 1 mobilisation of cbos on gender transformative approaches regular meetings with selected cbos and support in implementing action plan and linking them to lgs 15 in each palikas,,indicator registry not available in source workbook,Output 1.2 – Families and communities have increased capacity to enhance the economic role of women and nurture equitable and non-discriminatory relationships,"Outcome 1 - Men and boys, families and communities demonstrate more gender-equitable behaviours and support for positive social and gender norms that promote GEWE, and women and girls have increased agency",,,,2026.0,,,unknown,peacewinprogramindicator.xlsx,finalactivitylist,20.0,incomplete_source_workbook,0.0,incomplete_source,requires_me_review,,missing_indicator_target_registry,,,,,,,,,,,,,,,,,,,,,,,,,,,,,,,,,,,,,,,,,,,,,,,,,,,,,,,,,,,,,,,,,,,,,,,,,,,,,,,,,,,,,,,,,,,,,,,,,,,,,,,,,,,,,,,,,,,,,,,,,,,,,,,,,yes,,,yes,review proposed fixes
xwalk_75792e40f0299e,PeaceWin,peacewin,act_7960bfa48ac259,ind_8542fb7dca4c1c,MONITOREU1,activity 3 1 5 joint monitoring government project staff and executive committee members including trainers and officials from the phd phtc petc and sprta,,indicator registry not available in source workbook,Monitoring & Evaluation,Monitoring & Evaluation,,,,2026.0,,,unknown,peacewinprogramindicator.xlsx,finalactivitylist,21.0,incomplete_source_workbook,0.0,incomplete_source,requires_me_review,,missing_indicator_target_registry,,,,,,,,,,,,,,,,,,,,,,,,,,,,,,,,,,,,,,,,,,,,,,,,,,,,,,,,,,,,,,,,,,,,,,,,,,,,,,,,,,,,,,,,,,,,,,,,,,,,,,,,,,,,,,,,,,,,,,,,,,,,,,,,,yes,,,yes,review proposed fixes
xwalk_9aa841fbfe3683,PeaceWin,peacewin,act_83ed6ce7e41527,ind_8542fb7dca4c1c,MONITOREU2,activity 3 1 6 review and reflection workshop on a bi annual basis two days participants and learning sharing meeting with punos and ips,,indicator registry not available in source workbook,Monitoring & Evaluation,Monitoring & Evaluation,,,,2026.0,,,unknown,peacewinprogramindicator.xlsx,finalactivitylist,22.0,incomplete_source_workbook,0.0,incomplete_source,requires_me_review,,missing_indicator_target_registry,,,,,,,,,,,,,,,,,,,,,,,,,,,,,,,,,,,,,,,,,,,,,,,,,,,,,,,,,,,,,,,,,,,,,,,,,,,,,,,,,,,,,,,,,,,,,,,,,,,,,,,,,,,,,,,,,,,,,,,,,,,,,,,,,yes,,,yes,review proposed fixes
xwalk_0bd7ce3842bd98,PeaceWin,peacewin,act_08352e45385503,ind_8542fb7dca4c1c,CDHPRUPUCJ112,activity 1 1 1 2 school mapping to identify the implementation of the digital rupantaran,,indicator registry not available in source workbook,"Output 1110: Underserved/marginalized adolescent girls (aged 10-19) who are at risk of child marriage, married, separated, divorced, and widowed adolescent girls and adolescent girls who are pregnant or already have children, are engaged in gender-transformative life skills and comprehensive sexuality education programmes that build their knowledge, skills, and awareness of their rights, and connect them to services.","1100: Enhanced knowledge, education and skills, and attitudes of marginalized adolescent girls – in both development and humanitarian contexts – on matters such as their rights, relationships, sexual and reproductive health, and financial literacy",,,,2026.0,,,unknown,peacewinprogramindicator.xlsx,finalactivitylist,23.0,incomplete_source_workbook,0.0,incomplete_source,requires_me_review,,missing_indicator_target_registry,,,,,,,,,,,,,,,,,,,,,,,,,,,,,,,,,,,,,,,,,,,,,,,,,,,,,,,,,,,,,,,,,,,,,,,,,,,,,,,,,,,,,,,,,,,,,,,,,,,,,,,,,,,,,,,,,,,,,,,,,,,,,,,,,yes,,,yes,review proposed fixes
xwalk_0ac63daa81e53b,PeaceWin,peacewin,act_0a7e862f9832df,ind_8542fb7dca4c1c,CDHPRUPUCJ1113,conduct face to face rupantaran sessions to adolescet girls in cost sharing basis with local governments,,indicator registry not available in source workbook,"Output 1110: Underserved/marginalized adolescent girls (aged 10-19) who are at risk of child marriage, married, separated, divorced, and widowed adolescent girls and adolescent girls who are pregnant or already have children, are engaged in gender-transformative life skills and comprehensive sexuality education programmes that build their knowledge, skills, and awareness of their rights, and connect them to services.","1100:Enhanced knowledge, education and skills, and attitudes of marginalized adolescent girls – in both development and humanitarian contexts – on matters such as their rights, relationships, sexual and reproductive health, and financial literacy",,,,2026.0,,,unknown,peacewinprogramindicator.xlsx,finalactivitylist,24.0,incomplete_source_workbook,0.0,incomplete_source,requires_me_review,,missing_indicator_target_registry,,,,,,,,,,,,,,,,,,,,,,,,,,,,,,,,,,,,,,,,,,,,,,,,,,,,,,,,,,,,,,,,,,,,,,,,,,,,,,,,,,,,,,,,,,,,,,,,,,,,,,,,,,,,,,,,,,,,,,,,,,,,,,,,,yes,,,yes,review proposed fixes
xwalk_0a1664c35783ec,PeaceWin,peacewin,act_bce6d7ef5f3046,ind_8542fb7dca4c1c,CDHPRUPUCJ1114,review meeting with peer facilitators one day focusing on the challenges learnings and progress of rupantaran sessions and orientation on endorsed ecm strategy and it s implementation 3 events 2 times with 60 participants,,indicator registry not available in source workbook,"Output 1110: Underserved/marginalized adolescent girls (aged 10-19) who are at risk of child marriage, married, separated, divorced, and widowed adolescent girls and adolescent girls who are pregnant or already have children, are engaged in gender-transformative life skills and comprehensive sexuality education programmes that build their knowledge, skills, and awareness of their rights, and connect them to services.","1100: Enhanced knowledge, education and skills, and attitudes of marginalized adolescent girls – in both development and humanitarian contexts – on matters such as their rights, relationships, sexual and reproductive health, and financial literacy",,,,2026.0,,,unknown,peacewinprogramindicator.xlsx,finalactivitylist,25.0,incomplete_source_workbook,0.0,incomplete_source,requires_me_review,,missing_indicator_target_registry,,,,,,,,,,,,,,,,,,,,,,,,,,,,,,,,,,,,,,,,,,,,,,,,,,,,,,,,,,,,,,,,,,,,,,,,,,,,,,,,,,,,,,,,,,,,,,,,,,,,,,,,,,,,,,,,,,,,,,,,,,,,,,,,,yes,,,yes,review proposed fixes
xwalk_1b725fedbf8622,PeaceWin,peacewin,act_5e896550100b70,ind_8542fb7dca4c1c,CDHPRUPUCJ1221,conduct three days rupantaran adult package to the parents for out of school adolescent girls enrolled in the rupantaran sessions,,indicator registry not available in source workbook,"Output 1220: Families, traditional and religious leaders, community members (girls, women, boys and men), community groups, and other influencers (e.g., youth, women, and feminist advocates) are engaged in gender-transformative dialogues, advocacy and consensus-building on alternatives to child marriage (including education), the rights of adolescent girls, and gender equality.","2100: Increased capacity of education, health, gender-based violence prevention and response and child protection to deliver coordinated, quality programmes and services that are responsive to the needs of adolescent girls and their families in both development and humanitarian contexts",,,,2026.0,,,unknown,peacewinprogramindicator.xlsx,finalactivitylist,26.0,incomplete_source_workbook,0.0,incomplete_source,requires_me_review,,missing_indicator_target_registry,,,,,,,,,,,,,,,,,,,,,,,,,,,,,,,,,,,,,,,,,,,,,,,,,,,,,,,,,,,,,,,,,,,,,,,,,,,,,,,,,,,,,,,,,,,,,,,,,,,,,,,,,,,,,,,,,,,,,,,,,,,,,,,,,yes,,,yes,review proposed fixes
xwalk_f76ead62570149,PeaceWin,peacewin,act_8c90f9fa50ce10,ind_8542fb7dca4c1c,CDHPUCJ1223,conduct inter generational dialogues between the out of school boys and parents of adolescent girls enrolled in rupantaran 200 senior parents and 200 adolescents boys,,indicator registry not available in source workbook,"Output 1220: Families, traditional and religious leaders, community members (girls, women, boys and men), community groups, and other influencers (e.g., youth, women, and feminist advocates) are engaged in gender-transformative dialogues, advocacy and consensus-building on alternatives to child marriage (including education), the rights of adolescent girls, and gender equality.","2100 : Increased capacity of education, health, gender-based violence prevention and response and child protection to deliver coordinated, quality programmes and services that are responsive to the needs of adolescent girls and their families in both development and humanitarian contexts",,,,2026.0,,,unknown,peacewinprogramindicator.xlsx,finalactivitylist,27.0,incomplete_source_workbook,0.0,incomplete_source,requires_me_review,,missing_indicator_target_registry,,,,,,,,,,,,,,,,,,,,,,,,,,,,,,,,,,,,,,,,,,,,,,,,,,,,,,,,,,,,,,,,,,,,,,,,,,,,,,,,,,,,,,,,,,,,,,,,,,,,,,,,,,,,,,,,,,,,,,,,,,,,,,,,,yes,,,yes,review proposed fixes
xwalk_0d7b32bed895d7,PeaceWin,peacewin,act_e248de6d2193d5,ind_8542fb7dca4c1c,ADVOHPUCJ3112,technical support to the provincial government for the implementation of the ecm strategy child policy two events one in jan feb,,indicator registry not available in source workbook,"Output 1220: Families, traditional and religious leaders, community members (girls, women, boys and men), community groups, and other influencers (e.g., youth, women, and feminist advocates) are engaged in gender-transformative dialogues, advocacy and consensus-building on alternatives to child marriage (including education), the rights of adolescent girls, and gender equality.","3100 Enhanced capacity of governments, local authorities and civil society organizations to coordinate and implement budgeted national, and sub-national action plans, policies and systems to end child marriage",,,,2026.0,,,unknown,peacewinprogramindicator.xlsx,finalactivitylist,28.0,incomplete_source_workbook,0.0,incomplete_source,requires_me_review,,missing_indicator_target_registry,,,,,,,,,,,,,,,,,,,,,,,,,,,,,,,,,,,,,,,,,,,,,,,,,,,,,,,,,,,,,,,,,,,,,,,,,,,,,,,,,,,,,,,,,,,,,,,,,,,,,,,,,,,,,,,,,,,,,,,,,,,,,,,,,yes,,,yes,review proposed fixes
xwalk_c678cf3938c024,PeaceWin,peacewin,act_0fb98365c3662b,ind_8542fb7dca4c1c,ADVOHPUCJ3113,technical support to the local government for the implementation to endorsed ecm strategy in cost sharing basis with lgs 6 lgs 4 times peacewin will cover the cost of 3 times and lgs will cover the cost of 1 time of meeting worth with rs 171700 00 4 in baitadi 4 in bajhang,,indicator registry not available in source workbook,"Output 1220: Families, traditional and religious leaders, community members (girls, women, boys and men), community groups, and other influencers (e.g., youth, women, and feminist advocates) are engaged in gender-transformative dialogues, advocacy and consensus-building on alternatives to child marriage (including education), the rights of adolescent girls, and gender equality.","3100 Enhanced capacity of governments, local authorities and civil society organizations to coordinate and implement budgeted national, and sub-national action plans, policies and systems to end child marriage",,,,2026.0,,,unknown,peacewinprogramindicator.xlsx,finalactivitylist,29.0,incomplete_source_workbook,0.0,incomplete_source,requires_me_review,,missing_indicator_target_registry,,,,,,,,,,,,,,,,,,,,,,,,,,,,,,,,,,,,,,,,,,,,,,,,,,,,,,,,,,,,,,,,,,,,,,,,,,,,,,,,,,,,,,,,,,,,,,,,,,,,,,,,,,,,,,,,,,,,,,,,,,,,,,,,,yes,,,yes,review proposed fixes
xwalk_328ca67dd2d8be,PeaceWin,peacewin,act_25588ae6bf39bb,ind_8542fb7dca4c1c,ADVOHPUCJ3114,technical support to three local goverments in organizing local level adolescent s conference in cost sharing basis,,indicator registry not available in source workbook,"Output 1220: Families, traditional and religious leaders, community members (girls, women, boys and men), community groups, and other influencers (e.g., youth, women, and feminist advocates) are engaged in gender-transformative dialogues, advocacy and consensus-building on alternatives to child marriage (including education), the rights of adolescent girls, and gender equality.","3100 Enhanced capacity of governments, local authorities and civil society organizations to coordinate and implement budgeted national, and sub-national action plans, policies and systems to end child marriage",,,,2026.0,,,unknown,peacewinprogramindicator.xlsx,finalactivitylist,30.0,incomplete_source_workbook,0.0,incomplete_source,requires_me_review,,missing_indicator_target_registry,,,,,,,,,,,,,,,,,,,,,,,,,,,,,,,,,,,,,,,,,,,,,,,,,,,,,,,,,,,,,,,,,,,,,,,,,,,,,,,,,,,,,,,,,,,,,,,,,,,,,,,,,,,,,,,,,,,,,,,,,,,,,,,,,yes,,,yes,review proposed fixes
xwalk_d05e5b3f34bb61,PeaceWin,peacewin,act_c2876eef0371af,ind_8542fb7dca4c1c,MONITORUCJ,joint monitoring government project staff and executive committee members,,indicator registry not available in source workbook,Monitoring & Evaluation,Monitoring & Evaluation,,,,2026.0,,,unknown,peacewinprogramindicator.xlsx,finalactivitylist,31.0,incomplete_source_workbook,0.0,incomplete_source,requires_me_review,,missing_indicator_target_registry,,,,,,,,,,,,,,,,,,,,,,,,,,,,,,,,,,,,,,,,,,,,,,,,,,,,,,,,,,,,,,,,,,,,,,,,,,,,,,,,,,,,,,,,,,,,,,,,,,,,,,,,,,,,,,,,,,,,,,,,,,,,,,,,,yes,,,yes,review proposed fixes
xwalk_9f094a5e088408,PeaceWin,peacewin,act_c6826c7ea0f8cb,ind_8542fb7dca4c1c,ADVOKRA118,advokra118 three days of non residential training on ai including its consiquances on tfgbv and tfcm to the adolescents and youths in coordination with provincial youth council 25 participants including safe girls project areas,,indicator registry not available in source workbook,Output 1.1: Adolescent girls and young women’s agency enhanced with new skills and knowledge.,Outcome 1. The capabilities of adolescent girls and young women to act as change agents in society is increased.,,,,2026.0,,,unknown,peacewinprogramindicator.xlsx,finalactivitylist,32.0,incomplete_source_workbook,0.0,incomplete_source,requires_me_review,,missing_indicator_target_registry,,,,,,,,,,,,,,,,,,,,,,,,,,,,,,,,,,,,,,,,,,,,,,,,,,,,,,,,,,,,,,,,,,,,,,,,,,,,,,,,,,,,,,,,,,,,,,,,,,,,,,,,,,,,,,,,,,,,,,,,,,,,,,,,,yes,,,yes,review proposed fixes
xwalk_70801b179fd3a3,PeaceWin,peacewin,act_d1931a0556f62c,ind_8542fb7dca4c1c,ADVOKRA321,advokra321 sbgbv tfgbv tfcm capacity development of computer teachers 3 days of training 25 participants x 2 districts,,indicator registry not available in source workbook,Output 3.2: Policy support to integrate CSE in school curricula at national and sub-national level deepened.,Outcome 3 The quality and reach of comprehensive sexuality education is strengthened,,,,2026.0,,,unknown,peacewinprogramindicator.xlsx,finalactivitylist,33.0,incomplete_source_workbook,0.0,incomplete_source,requires_me_review,,missing_indicator_target_registry,,,,,,,,,,,,,,,,,,,,,,,,,,,,,,,,,,,,,,,,,,,,,,,,,,,,,,,,,,,,,,,,,,,,,,,,,,,,,,,,,,,,,,,,,,,,,,,,,,,,,,,,,,,,,,,,,,,,,,,,,,,,,,,,,yes,,,yes,review proposed fixes
xwalk_a4dbec8fbbc99b,PeaceWin,peacewin,act_60ec408ecec492,ind_8542fb7dca4c1c,ADVOKRA322,advokra321 workshop on sbgbv with provincial governments including petc pded and ministry of social development one day workshop,,indicator registry not available in source workbook,Output 3.2: Policy support to integrate CSE in school curricula at national and sub-national level deepened.,Outcome 3 The quality and reach of comprehensive sexuality education is strengthened,,,,2026.0,,,unknown,peacewinprogramindicator.xlsx,finalactivitylist,34.0,incomplete_source_workbook,0.0,incomplete_source,requires_me_review,,missing_indicator_target_registry,,,,,,,,,,,,,,,,,,,,,,,,,,,,,,,,,,,,,,,,,,,,,,,,,,,,,,,,,,,,,,,,,,,,,,,,,,,,,,,,,,,,,,,,,,,,,,,,,,,,,,,,,,,,,,,,,,,,,,,,,,,,,,,,,yes,,,yes,review proposed fixes
xwalk_914759e3bebb09,PeaceWin,peacewin,act_630b1bc8e8a107,ind_8542fb7dca4c1c,CDGEWEFPA1,five days of training on tfgbv cyber crime investigation and prosecution to the police officials and prosecutors 20 focal points and public prosecuters on 9 districts,,indicator registry not available in source workbook,"Output 2: Strengthened national and subnational capacities to provide survivor-centered, multisector responses to gender-based violence and harmful practices, including child marriage, and to address discriminatory social and gender norms that limit bodily autonomy and reproductive rights, across the humanitarian and development continuum, with a focus on vulnerable and marginalized populations, including people with disabilities.","OUTCOME(S): 2. By 2027, more people, especially women, youth, children and the most marginalized increasingly participate in and benefit from equitably improved quality social services. 4. By 2027, more people, especially women, youth and the most marginalized increasingly participate in and benefit from coordinated, inclusive, participatory, transparent, and gender-responsive governance, access to justice and human rights at federal, provincial and local levels",,,,2026.0,,,unknown,peacewinprogramindicator.xlsx,finalactivitylist,35.0,incomplete_source_workbook,0.0,incomplete_source,requires_me_review,,missing_indicator_target_registry,,,,,,,,,,,,,,,,,,,,,,,,,,,,,,,,,,,,,,,,,,,,,,,,,,,,,,,,,,,,,,,,,,,,,,,,,,,,,,,,,,,,,,,,,,,,,,,,,,,,,,,,,,,,,,,,,,,,,,,,,,,,,,,,,yes,,,yes,review proposed fixes
xwalk_ffe27e06489deb,PeaceWin,peacewin,act_32ad52d3fe3a3f,ind_8542fb7dca4c1c,CDGEWEFPA11,engage with provincial youth council to strengthen youth participation in decision making bodies,,indicator registry not available in source workbook,"Output 2: Strengthened national and subnational capacities to provide survivor-centered, multisector responses to gender-based violence and harmful practices, including child marriage, and to address discriminatory social and gender norms that limit bodily autonomy and reproductive rights, across the humanitarian and development continuum, with a focus on vulnerable and marginalized populations, including people with disabilities.","OUTCOME(S): 2. By 2027, more people, especially women, youth, children and the most marginalized increasingly participate in and benefit from equitably improved quality social services. 4. By 2027, more people, especially women, youth and the most marginalized increasingly participate in and benefit from coordinated, inclusive, participatory, transparent, and gender-responsive governance, access to justice and human rights at federal, provincial and local levels",,,,2026.0,,,unknown,peacewinprogramindicator.xlsx,finalactivitylist,36.0,incomplete_source_workbook,0.0,incomplete_source,requires_me_review,,missing_indicator_target_registry,,,,,,,,,,,,,,,,,,,,,,,,,,,,,,,,,,,,,,,,,,,,,,,,,,,,,,,,,,,,,,,,,,,,,,,,,,,,,,,,,,,,,,,,,,,,,,,,,,,,,,,,,,,,,,,,,,,,,,,,,,,,,,,,,yes,,,yes,review proposed fixes
xwalk_e945dd5b5b1cce,PeaceWin,peacewin,act_9593e033118a64,ind_8542fb7dca4c1c,CDGEWEFPA12,support provincial youth council to develop local youth councils in local palika dhangadhi coordination with provincil youth council,,indicator registry not available in source workbook,"Output 2: Strengthened national and subnational capacities to provide survivor-centered, multisector responses to gender-based violence and harmful practices, including child marriage, and to address discriminatory social and gender norms that limit bodily autonomy and reproductive rights, across the humanitarian and development continuum, with a focus on vulnerable and marginalized populations, including people with disabilities.","OUTCOME(S): 2. By 2027, more people, especially women, youth, children and the most marginalized increasingly participate in and benefit from equitably improved quality social services. 4. By 2027, more people, especially women, youth and the most marginalized increasingly participate in and benefit from coordinated, inclusive, participatory, transparent, and gender-responsive governance, access to justice and human rights at federal, provincial and local levels",,,,2026.0,,,unknown,peacewinprogramindicator.xlsx,finalactivitylist,37.0,incomplete_source_workbook,0.0,incomplete_source,requires_me_review,,missing_indicator_target_registry,,,,,,,,,,,,,,,,,,,,,,,,,,,,,,,,,,,,,,,,,,,,,,,,,,,,,,,,,,,,,,,,,,,,,,,,,,,,,,,,,,,,,,,,,,,,,,,,,,,,,,,,,,,,,,,,,,,,,,,,,,,,,,,,,yes,,,yes,review proposed fixes
xwalk_1089ca23d1a3ff,PeaceWin,peacewin,act_d78e92dd9ace99,ind_8542fb7dca4c1c,CDPOLFP,material and equipment support to district police office women children and senior citizen service center kailali,,indicator registry not available in source workbook,"Output 2: Strengthened national and subnational capacities to provide survivor-centered, multisector responses to gender-based violence and harmful practices, including child marriage, and to address discriminatory social and gender norms that limit bodily autonomy and reproductive rights, across the humanitarian and development continuum, with a focus on vulnerable and marginalized populations, including people with disabilities.","OUTCOME(S): 2. By 2027, more people, especially women, youth, children and the most marginalized increasingly participate in and benefit from equitably improved quality social services. 4. By 2027, more people, especially women, youth and the most marginalized increasingly participate in and benefit from coordinated, inclusive, participatory, transparent, and gender-responsive governance, access to justice and human rights at federal, provincial and local levels",,,,2026.0,,,unknown,peacewinprogramindicator.xlsx,finalactivitylist,38.0,incomplete_source_workbook,0.0,incomplete_source,requires_me_review,,missing_indicator_target_registry,,,,,,,,,,,,,,,,,,,,,,,,,,,,,,,,,,,,,,,,,,,,,,,,,,,,,,,,,,,,,,,,,,,,,,,,,,,,,,,,,,,,,,,,,,,,,,,,,,,,,,,,,,,,,,,,,,,,,,,,,,,,,,,,,yes,,,yes,review proposed fixes
xwalk_024bd24f9f696e,PeaceWin,peacewin,act_38bdbbebc63e7c,ind_8542fb7dca4c1c,ADVSRHR11,sub activity 1 1 conduct orientation and advocacy with elected representatives and officals of 8 municipalities on on evidence based planning budgeting and budget execution to strengthen health systems governance,,indicator registry not available in source workbook,"Output 1.1: Strengthened and supported provinces municipalities ensure that SRHR issues are incorporated, and adequate budget is allocated","Outcome 1: Strengthened laws, policies, financing, and accountability for SRHR for women and girls, particularly AY, people living with disability and the most vulnerable, at the federal level and in selected provinces municipalities in the development humanitarian continuum",,,,2026.0,,,unknown,peacewinprogramindicator.xlsx,finalactivitylist,39.0,incomplete_source_workbook,0.0,incomplete_source,requires_me_review,,missing_indicator_target_registry,,,,,,,,,,,,,,,,,,,,,,,,,,,,,,,,,,,,,,,,,,,,,,,,,,,,,,,,,,,,,,,,,,,,,,,,,,,,,,,,,,,,,,,,,,,,,,,,,,,,,,,,,,,,,,,,,,,,,,,,,,,,,,,,,yes,,,yes,review proposed fixes
xwalk_ea347ff8040998,PeaceWin,peacewin,act_065440f36caaaf,ind_8542fb7dca4c1c,ADVSRHR12,sub activity 1 2 conduct project steering committee meeting with social development committee members focusing on key priority identified from different activities implemented in hfs sa hfomc and mss from 2025 linking with planning and budgeting of 2026,,indicator registry not available in source workbook,"Output 1.1: Strengthened and supported provinces municipalities ensure that SRHR issues are incorporated, and adequate budget is allocated","Outcome 1: Strengthened laws, policies, financing, and accountability for SRHR for women and girls, particularly AY, people living with disability and the most vulnerable, at the federal level and in selected provinces municipalities in the development humanitarian continuum",,,,2026.0,,,unknown,peacewinprogramindicator.xlsx,finalactivitylist,40.0,incomplete_source_workbook,0.0,incomplete_source,requires_me_review,,missing_indicator_target_registry,,,,,,,,,,,,,,,,,,,,,,,,,,,,,,,,,,,,,,,,,,,,,,,,,,,,,,,,,,,,,,,,,,,,,,,,,,,,,,,,,,,,,,,,,,,,,,,,,,,,,,,,,,,,,,,,,,,,,,,,,,,,,,,,,yes,,,yes,review proposed fixes
xwalk_b8212fc521e1b8,PeaceWin,peacewin,act_12e560641e743b,ind_8542fb7dca4c1c,ADVSRHR13,sub activity 1 3 support municiplaities to organize sharing of social audit findings with prepration of scale up plan in remaining health facilities from municipal resources 8 event 15 participants in each,,indicator registry not available in source workbook,"Output 1.1: Strengthened and supported provinces municipalities ensure that SRHR issues are incorporated, and adequate budget is allocated","Outcome 1: Strengthened laws, policies, financing, and accountability for SRHR for women and girls, particularly AY, people living with disability and the most vulnerable, at the federal level and in selected provinces municipalities in the development humanitarian continuum",,,,2026.0,,,unknown,peacewinprogramindicator.xlsx,finalactivitylist,41.0,incomplete_source_workbook,0.0,incomplete_source,requires_me_review,,missing_indicator_target_registry,,,,,,,,,,,,,,,,,,,,,,,,,,,,,,,,,,,,,,,,,,,,,,,,,,,,,,,,,,,,,,,,,,,,,,,,,,,,,,,,,,,,,,,,,,,,,,,,,,,,,,,,,,,,,,,,,,,,,,,,,,,,,,,,,yes,,,yes,review proposed fixes
xwalk_c87b56c2687e4c,PeaceWin,peacewin,act_8f8ba383c0f063,ind_8542fb7dca4c1c,ADVSRHR14,sub activity 1 4 orientation on srhr toolkit to provincial nrmin muan members provincial level event 25 30 participants,,indicator registry not available in source workbook,"Output 1.1: Strengthened and supported provinces municipalities ensure that SRHR issues are incorporated, and adequate budget is allocated","Outcome 1: Strengthened laws, policies, financing, and accountability for SRHR for women and girls, particularly AY, people living with disability and the most vulnerable, at the federal level and in selected provinces municipalities in the development humanitarian continuum",,,,2026.0,,,unknown,peacewinprogramindicator.xlsx,finalactivitylist,42.0,incomplete_source_workbook,0.0,incomplete_source,requires_me_review,,missing_indicator_target_registry,,,,,,,,,,,,,,,,,,,,,,,,,,,,,,,,,,,,,,,,,,,,,,,,,,,,,,,,,,,,,,,,,,,,,,,,,,,,,,,,,,,,,,,,,,,,,,,,,,,,,,,,,,,,,,,,,,,,,,,,,,,,,,,,,yes,,,yes,review proposed fixes
xwalk_9d8f5802cc64f3,PeaceWin,peacewin,act_0e056e7861ad58,ind_8542fb7dca4c1c,ADVSRHR15,sub activity 1 5 orientation on srhr toolkit to elected representative from rhea municipalities in bajhang and bajura district level event 40 participants in each district,,indicator registry not available in source workbook,"Output 1.1: Strengthened and supported provinces municipalities ensure that SRHR issues are incorporated, and adequate budget is allocated","Outcome 1: Strengthened laws, policies, financing, and accountability for SRHR for women and girls, particularly AY, people living with disability and the most vulnerable, at the federal level and in selected provinces municipalities in the development humanitarian continuum",,,,2026.0,,,unknown,peacewinprogramindicator.xlsx,finalactivitylist,43.0,incomplete_source_workbook,0.0,incomplete_source,requires_me_review,,missing_indicator_target_registry,,,,,,,,,,,,,,,,,,,,,,,,,,,,,,,,,,,,,,,,,,,,,,,,,,,,,,,,,,,,,,,,,,,,,,,,,,,,,,,,,,,,,,,,,,,,,,,,,,,,,,,,,,,,,,,,,,,,,,,,,,,,,,,,,yes,,,yes,review proposed fixes
xwalk_efb8680c90ab20,PeaceWin,peacewin,act_ee2dc42c1d58d8,ind_8542fb7dca4c1c,CDSRHR21,sub activity 2 1 support to provide follow up and monitoring visit to selected hfs to provide coaching and mentoring with specific focus on adolescent friendly srh service delivery 4 hf in each district 8hfs,,indicator registry not available in source workbook,"Output 1.1: Strengthened and supported provinces municipalities ensure that SRHR issues are incorporated, and adequate budget is allocated","Outcome 1: Strengthened laws, policies, financing, and accountability for SRHR for women and girls, particularly AY, people living with disability and the most vulnerable, at the federal level and in selected provinces municipalities in the development humanitarian continuum",,,,2026.0,,,unknown,peacewinprogramindicator.xlsx,finalactivitylist,44.0,incomplete_source_workbook,0.0,incomplete_source,requires_me_review,,missing_indicator_target_registry,,,,,,,,,,,,,,,,,,,,,,,,,,,,,,,,,,,,,,,,,,,,,,,,,,,,,,,,,,,,,,,,,,,,,,,,,,,,,,,,,,,,,,,,,,,,,,,,,,,,,,,,,,,,,,,,,,,,,,,,,,,,,,,,,yes,,,yes,review proposed fixes
xwalk_1eacf789904222,PeaceWin,peacewin,act_0d8a01b178b508,ind_8542fb7dca4c1c,CDSRHR22,sub activity 2 2 support to organize jont monitoring visit to hfs which received the support on hfomc mss sa in previous years with specific focus to review the implementation status of action points and service delivery status on cervical cancer screening sa before the sdc meeting at municipality 5 hf in each district 10hfs,,indicator registry not available in source workbook,"Output 1.1: Strengthened and supported provinces municipalities ensure that SRHR issues are incorporated, and adequate budget is allocated","Outcome 1: Strengthened laws, policies, financing, and accountability for SRHR for women and girls, particularly AY, people living with disability and the most vulnerable, at the federal level and in selected provinces municipalities in the development humanitarian continuum",,,,2026.0,,,unknown,peacewinprogramindicator.xlsx,finalactivitylist,45.0,incomplete_source_workbook,0.0,incomplete_source,requires_me_review,,missing_indicator_target_registry,,,,,,,,,,,,,,,,,,,,,,,,,,,,,,,,,,,,,,,,,,,,,,,,,,,,,,,,,,,,,,,,,,,,,,,,,,,,,,,,,,,,,,,,,,,,,,,,,,,,,,,,,,,,,,,,,,,,,,,,,,,,,,,,,yes,,,yes,review proposed fixes
xwalk_91a8e50394820c,PeaceWin,peacewin,act_9bfddb76e59314,ind_8542fb7dca4c1c,CDSRHR23,sub activity 2 3 facilitate an exchange visit between municipalities for demonstration of waste management sites established in 2025 and the replication of models 1 event in each districts 30 partcipants 6 7 per palika mayor d mayor hc sdc chair hfomc chair hp,,indicator registry not available in source workbook,"Output 1.1: Strengthened and supported provinces municipalities ensure that SRHR issues are incorporated, and adequate budget is allocated","Outcome 1: Strengthened laws, policies, financing, and accountability for SRHR for women and girls, particularly AY, people living with disability and the most vulnerable, at the federal level and in selected provinces municipalities in the development humanitarian continuum",,,,2026.0,,,unknown,peacewinprogramindicator.xlsx,finalactivitylist,46.0,incomplete_source_workbook,0.0,incomplete_source,requires_me_review,,missing_indicator_target_registry,,,,,,,,,,,,,,,,,,,,,,,,,,,,,,,,,,,,,,,,,,,,,,,,,,,,,,,,,,,,,,,,,,,,,,,,,,,,,,,,,,,,,,,,,,,,,,,,,,,,,,,,,,,,,,,,,,,,,,,,,,,,,,,,,yes,,,yes,review proposed fixes
xwalk_10a12ad60f835b,PeaceWin,peacewin,act_95905051b969a7,ind_8542fb7dca4c1c,CCDSRHR24,sub activity 2 4 support health office to scale up of pam v2 at health failities of bajhang to ensure proper recording and reporting strengthening the scm to ensure availability of fp rh commodities for continiue srhr service delivery 120 participants 5 batch,,indicator registry not available in source workbook,"Output 1.1: Strengthened and supported provinces municipalities ensure that SRHR issues are incorporated, and adequate budget is allocated","Outcome 1: Strengthened laws, policies, financing, and accountability for SRHR for women and girls, particularly AY, people living with disability and the most vulnerable, at the federal level and in selected provinces municipalities in the development humanitarian continuum",,,,2026.0,,,unknown,peacewinprogramindicator.xlsx,finalactivitylist,47.0,incomplete_source_workbook,0.0,incomplete_source,requires_me_review,,missing_indicator_target_registry,,,,,,,,,,,,,,,,,,,,,,,,,,,,,,,,,,,,,,,,,,,,,,,,,,,,,,,,,,,,,,,,,,,,,,,,,,,,,,,,,,,,,,,,,,,,,,,,,,,,,,,,,,,,,,,,,,,,,,,,,,,,,,,,,yes,,,yes,review proposed fixes
xwalk_45612acec299ab,PeaceWin,peacewin,act_6e3566632818d2,ind_8542fb7dca4c1c,ADVCSE31,sub activity 3 1 one day review and reflection of afic established in 2024 including nursing staff of the hfs near by afic to strengthen the quaity of afic and linkages between afic and hfs with specific focus on fp srh 1 event in each district 30 participants in each afic focal teacher nursing staff near by hfs and student,,indicator registry not available in source workbook,"Output 1.1: Strengthened and supported provinces municipalities ensure that SRHR issues are incorporated, and adequate budget is allocated","Outcome 1: Strengthened laws, policies, financing, and accountability for SRHR for women and girls, particularly AY, people living with disability and the most vulnerable, at the federal level and in selected provinces municipalities in the development humanitarian continuum",,,,2026.0,,,unknown,peacewinprogramindicator.xlsx,finalactivitylist,48.0,incomplete_source_workbook,0.0,incomplete_source,requires_me_review,,missing_indicator_target_registry,,,,,,,,,,,,,,,,,,,,,,,,,,,,,,,,,,,,,,,,,,,,,,,,,,,,,,,,,,,,,,,,,,,,,,,,,,,,,,,,,,,,,,,,,,,,,,,,,,,,,,,,,,,,,,,,,,,,,,,,,,,,,,,,,yes,,,yes,review proposed fixes
xwalk_ec657ae7e7c306,PeaceWin,peacewin,act_b0327ba2d6eb84,ind_8542fb7dca4c1c,MONITORRH1,joint monitoring government project staff and executive committee members,,indicator registry not available in source workbook,"Output 1.1: Strengthened and supported provinces municipalities ensure that SRHR issues are incorporated, and adequate budget is allocated","Outcome 1: Strengthened laws, policies, financing, and accountability for SRHR for women and girls, particularly AY, people living with disability and the most vulnerable, at the federal level and in selected provinces municipalities in the development humanitarian continuum",,,,2026.0,,,unknown,peacewinprogramindicator.xlsx,finalactivitylist,49.0,incomplete_source_workbook,0.0,incomplete_source,requires_me_review,,missing_indicator_target_registry,,,,,,,,,,,,,,,,,,,,,,,,,,,,,,,,,,,,,,,,,,,,,,,,,,,,,,,,,,,,,,,,,,,,,,,,,,,,,,,,,,,,,,,,,,,,,,,,,,,,,,,,,,,,,,,,,,,,,,,,,,,,,,,,,yes,,,yes,review proposed fixes
xwalk_c424e662f02a9f,PeaceWin,peacewin,act_22b51587e3d505,ind_8542fb7dca4c1c,CDMNH11,sub activity 1 1 support one day emergency obstetric care eoc mpdsr review and referral coordination workshop district level event in kailali and kanchanpur 35 participant from beonc and selected high high volume bcs,,indicator registry not available in source workbook,"Output 1.1: Strengthened and supported provinces municipalities ensure that SRHR issues are incorporated, and adequate budget is allocated","Outcome 1: Strengthened laws, policies, financing, and accountability for SRHR for women and girls, particularly AY, people living with disability and the most vulnerable, at the federal level and in selected provinces municipalities in the development humanitarian continuum",,,,2026.0,,,unknown,peacewinprogramindicator.xlsx,finalactivitylist,50.0,incomplete_source_workbook,0.0,incomplete_source,requires_me_review,,missing_indicator_target_registry,,,,,,,,,,,,,,,,,,,,,,,,,,,,,,,,,,,,,,,,,,,,,,,,,,,,,,,,,,,,,,,,,,,,,,,,,,,,,,,,,,,,,,,,,,,,,,,,,,,,,,,,,,,,,,,,,,,,,,,,,,,,,,,,,yes,,,yes,review proposed fixes
xwalk_1d5f3b5a85522d,PeaceWin,peacewin,act_452d42fceb8141,ind_8542fb7dca4c1c,CDMNH12,sub activity 1 2 review and technical update on safe abortion cervical cancer fp ppfp sti to service providers from high volume health facilities in bajhang and bajura with involvement of trainer from training sites 2 days event 2 event 30 participants in each,,indicator registry not available in source workbook,"Output 1.1: Strengthened and supported provinces municipalities ensure that SRHR issues are incorporated, and adequate budget is allocated","Outcome 1: Strengthened laws, policies, financing, and accountability for SRHR for women and girls, particularly AY, people living with disability and the most vulnerable, at the federal level and in selected provinces municipalities in the development humanitarian continuum",,,,2026.0,,,unknown,peacewinprogramindicator.xlsx,finalactivitylist,51.0,incomplete_source_workbook,0.0,incomplete_source,requires_me_review,,missing_indicator_target_registry,,,,,,,,,,,,,,,,,,,,,,,,,,,,,,,,,,,,,,,,,,,,,,,,,,,,,,,,,,,,,,,,,,,,,,,,,,,,,,,,,,,,,,,,,,,,,,,,,,,,,,,,,,,,,,,,,,,,,,,,,,,,,,,,,yes,,,yes,review proposed fixes
xwalk_9d1560c55c7872,PeaceWin,peacewin,act_80573ae78fcb4e,ind_8542fb7dca4c1c,CDMNH13,sub activity 1 3 training on disability inclusive and respectful maternity care for staff from selected hospitals of sudurpaschim 20 participants at province nursing maternity incharge phtc,,indicator registry not available in source workbook,"Output 1.1: Strengthened and supported provinces municipalities ensure that SRHR issues are incorporated, and adequate budget is allocated","Outcome 1: Strengthened laws, policies, financing, and accountability for SRHR for women and girls, particularly AY, people living with disability and the most vulnerable, at the federal level and in selected provinces municipalities in the development humanitarian continuum",,,,2026.0,,,unknown,peacewinprogramindicator.xlsx,finalactivitylist,52.0,incomplete_source_workbook,0.0,incomplete_source,requires_me_review,,missing_indicator_target_registry,,,,,,,,,,,,,,,,,,,,,,,,,,,,,,,,,,,,,,,,,,,,,,,,,,,,,,,,,,,,,,,,,,,,,,,,,,,,,,,,,,,,,,,,,,,,,,,,,,,,,,,,,,,,,,,,,,,,,,,,,,,,,,,,,yes,,,yes,review proposed fixes
xwalk_f290ce97c6ecc8,PeaceWin,peacewin,act_cff8f7ac2c82ce,ind_8542fb7dca4c1c,CDRHMNH14,sub activity 1 4 training on trainer tot on rh intigrated rh morbidity 3 days 20 partcipants from health office provicional health training centre and selected hospital,,indicator registry not available in source workbook,"Output 1.1: Strengthened and supported provinces municipalities ensure that SRHR issues are incorporated, and adequate budget is allocated","Outcome 1: Strengthened laws, policies, financing, and accountability for SRHR for women and girls, particularly AY, people living with disability and the most vulnerable, at the federal level and in selected provinces municipalities in the development humanitarian continuum",,,,2026.0,,,unknown,peacewinprogramindicator.xlsx,finalactivitylist,53.0,incomplete_source_workbook,0.0,incomplete_source,requires_me_review,,missing_indicator_target_registry,,,,,,,,,,,,,,,,,,,,,,,,,,,,,,,,,,,,,,,,,,,,,,,,,,,,,,,,,,,,,,,,,,,,,,,,,,,,,,,,,,,,,,,,,,,,,,,,,,,,,,,,,,,,,,,,,,,,,,,,,,,,,,,,,yes,,,yes,review proposed fixes
xwalk_06d6d0becf08fe,PeaceWin,peacewin,act_c97c39bd86e8ab,ind_8542fb7dca4c1c,CDMNH15,sub activity 1 5 support mosd to organize referral coordintation meeting focusing on mpdsr and emergency obstretic care partcipants from selected referral hospitals of kailali and kanchanpur 40 participants at province,,indicator registry not available in source workbook,"Output 1.1: Strengthened and supported provinces municipalities ensure that SRHR issues are incorporated, and adequate budget is allocated","Outcome 1: Strengthened laws, policies, financing, and accountability for SRHR for women and girls, particularly AY, people living with disability and the most vulnerable, at the federal level and in selected provinces municipalities in the development humanitarian continuum",,,,2026.0,,,unknown,peacewinprogramindicator.xlsx,finalactivitylist,54.0,incomplete_source_workbook,0.0,incomplete_source,requires_me_review,,missing_indicator_target_registry,,,,,,,,,,,,,,,,,,,,,,,,,,,,,,,,,,,,,,,,,,,,,,,,,,,,,,,,,,,,,,,,,,,,,,,,,,,,,,,,,,,,,,,,,,,,,,,,,,,,,,,,,,,,,,,,,,,,,,,,,,,,,,,,,yes,,,yes,review proposed fixes
xwalk_d83d4839a2d337,PeaceWin,peacewin,act_f24ba3cfafc896,ind_8542fb7dca4c1c,MONITORRH2,joint monitoring government project staff and executive committee members,,indicator registry not available in source workbook,"Output 1.1: Strengthened and supported provinces municipalities ensure that SRHR issues are incorporated, and adequate budget is allocated","Outcome 1: Strengthened laws, policies, financing, and accountability for SRHR for women and girls, particularly AY, people living with disability and the most vulnerable, at the federal level and in selected provinces municipalities in the development humanitarian continuum",,,,2026.0,,,unknown,peacewinprogramindicator.xlsx,finalactivitylist,55.0,incomplete_source_workbook,0.0,incomplete_source,requires_me_review,,missing_indicator_target_registry,,,,,,,,,,,,,,,,,,,,,,,,,,,,,,,,,,,,,,,,,,,,,,,,,,,,,,,,,,,,,,,,,,,,,,,,,,,,,,,,,,,,,,,,,,,,,,,,,,,,,,,,,,,,,,,,,,,,,,,,,,,,,,,,,yes,,,yes,review proposed fixes
xwalk_2e612cde744506,PeaceWin,peacewin,act_82c84b18a670bb,ind_8542fb7dca4c1c,ADVSRHR111,advsrhr1 support provincial government to disseminate the findings from emonc prioritization workshop to strengthen the emonc service delivery,,indicator registry not available in source workbook,"Output 1.1: Strengthened and supported provinces municipalities ensure that SRHR issues are incorporated, and adequate budget is allocated","Outcome 1: Strengthened laws, policies, financing, and accountability for SRHR for women and girls, particularly AY, people living with disability and the most vulnerable, at the federal level and in selected provinces municipalities in the development humanitarian continuum",,,,2026.0,,,unknown,peacewinprogramindicator.xlsx,finalactivitylist,56.0,incomplete_source_workbook,0.0,incomplete_source,requires_me_review,,missing_indicator_target_registry,,,,,,,,,,,,,,,,,,,,,,,,,,,,,,,,,,,,,,,,,,,,,,,,,,,,,,,,,,,,,,,,,,,,,,,,,,,,,,,,,,,,,,,,,,,,,,,,,,,,,,,,,,,,,,,,,,,,,,,,,,,,,,,,,yes,,,yes,review proposed fixes
xwalk_f7a7a8d2953561,PeaceWin,peacewin,act_2a53665ed31484,ind_8542fb7dca4c1c,ADVSRHR2,advsrhr2 dialogue and interaction among government stakeholders and people living with disability lgbtiq including relevant stakeholder to ensure adequate consideration of policy and programme on sexual and reproductive health needs and right including during humanitarian situation to promote accountability towards their right and need 35 participant facilitation support from nfdn and lgbtiq community,,indicator registry not available in source workbook,"Output 1.1: Strengthened and supported provinces municipalities ensure that SRHR issues are incorporated, and adequate budget is allocated","Outcome 1: Strengthened laws, policies, financing, and accountability for SRHR for women and girls, particularly AY, people living with disability and the most vulnerable, at the federal level and in selected provinces municipalities in the development humanitarian continuum",,,,2026.0,,,unknown,peacewinprogramindicator.xlsx,finalactivitylist,57.0,incomplete_source_workbook,0.0,incomplete_source,requires_me_review,,missing_indicator_target_registry,,,,,,,,,,,,,,,,,,,,,,,,,,,,,,,,,,,,,,,,,,,,,,,,,,,,,,,,,,,,,,,,,,,,,,,,,,,,,,,,,,,,,,,,,,,,,,,,,,,,,,,,,,,,,,,,,,,,,,,,,,,,,,,,,yes,,,yes,review proposed fixes
xwalk_883156d9d58ae5,PeaceWin,peacewin,act_7ce8db0984ade7,ind_8542fb7dca4c1c,CDSRHR311,cdsrhr3 organize orientation to male adolscents boys and male parents on family planning and safe motherhood high risk pregnancy and danger signs fp emergency contraceptives 10 events near by the high volumn birthing centres 30 participants in each,,indicator registry not available in source workbook,"Output 1.1: Strengthened and supported provinces municipalities ensure that SRHR issues are incorporated, and adequate budget is allocated","Outcome 1: Strengthened laws, policies, financing, and accountability for SRHR for women and girls, particularly AY, people living with disability and the most vulnerable, at the federal level and in selected provinces municipalities in the development humanitarian continuum",,,,2026.0,,,unknown,peacewinprogramindicator.xlsx,finalactivitylist,58.0,incomplete_source_workbook,0.0,incomplete_source,requires_me_review,,missing_indicator_target_registry,,,,,,,,,,,,,,,,,,,,,,,,,,,,,,,,,,,,,,,,,,,,,,,,,,,,,,,,,,,,,,,,,,,,,,,,,,,,,,,,,,,,,,,,,,,,,,,,,,,,,,,,,,,,,,,,,,,,,,,,,,,,,,,,,yes,,,yes,review proposed fixes
xwalk_320d632eb0e17a,PeaceWin,peacewin,act_fcb025b1011ca1,ind_8542fb7dca4c1c,ADVHF11,sub activity 1 1 pre planning workshop with executive member and municipal official to ensure evidence based planning and budgeting on fp scm 1 day event lg level accham and baitadi 30 participants each palika 5,,indicator registry not available in source workbook,"Output 1.1: Strengthened and supported provinces municipalities ensure that SRHR issues are incorporated, and adequate budget is allocated","Outcome 1: Strengthened laws, policies, financing, and accountability for SRHR for women and girls, particularly AY, people living with disability and the most vulnerable, at the federal level and in selected provinces municipalities in the development humanitarian continuum",,,,2026.0,,,unknown,peacewinprogramindicator.xlsx,finalactivitylist,59.0,incomplete_source_workbook,0.0,incomplete_source,requires_me_review,,missing_indicator_target_registry,,,,,,,,,,,,,,,,,,,,,,,,,,,,,,,,,,,,,,,,,,,,,,,,,,,,,,,,,,,,,,,,,,,,,,,,,,,,,,,,,,,,,,,,,,,,,,,,,,,,,,,,,,,,,,,,,,,,,,,,,,,,,,,,,yes,,,yes,review proposed fixes
xwalk_17fb175a497e81,PeaceWin,peacewin,act_ce2773a0020de7,ind_8542fb7dca4c1c,ADVHF12,sub activity 1 2 support health directorate to organize fp rh focused review and planning meeting including representative from private sector provider province level event partcipants from health office and private institution,,indicator registry not available in source workbook,"Output 1.1: Strengthened and supported provinces municipalities ensure that SRHR issues are incorporated, and adequate budget is allocated","Outcome 1: Strengthened laws, policies, financing, and accountability for SRHR for women and girls, particularly AY, people living with disability and the most vulnerable, at the federal level and in selected provinces municipalities in the development humanitarian continuum",,,,2026.0,,,unknown,peacewinprogramindicator.xlsx,finalactivitylist,60.0,incomplete_source_workbook,0.0,incomplete_source,requires_me_review,,missing_indicator_target_registry,,,,,,,,,,,,,,,,,,,,,,,,,,,,,,,,,,,,,,,,,,,,,,,,,,,,,,,,,,,,,,,,,,,,,,,,,,,,,,,,,,,,,,,,,,,,,,,,,,,,,,,,,,,,,,,,,,,,,,,,,,,,,,,,,yes,,,yes,review proposed fixes
xwalk_ed64e86ec44717,PeaceWin,peacewin,act_48d3a2622abba3,ind_8542fb7dca4c1c,ADVHF13,sub activity 1 3 support to functionalize srhr fp coordination mechanism rhcc to create program enabling environment and resource mobilization 1 event in each kailali and kanchanpur district level event 30 participant in each including rh focal person from lg,,indicator registry not available in source workbook,"Output 1.1: Strengthened and supported provinces municipalities ensure that SRHR issues are incorporated, and adequate budget is allocated","Outcome 1: Strengthened laws, policies, financing, and accountability for SRHR for women and girls, particularly AY, people living with disability and the most vulnerable, at the federal level and in selected provinces municipalities in the development humanitarian continuum",,,,2026.0,,,unknown,peacewinprogramindicator.xlsx,finalactivitylist,61.0,incomplete_source_workbook,0.0,incomplete_source,requires_me_review,,missing_indicator_target_registry,,,,,,,,,,,,,,,,,,,,,,,,,,,,,,,,,,,,,,,,,,,,,,,,,,,,,,,,,,,,,,,,,,,,,,,,,,,,,,,,,,,,,,,,,,,,,,,,,,,,,,,,,,,,,,,,,,,,,,,,,,,,,,,,,yes,,,yes,review proposed fixes
xwalk_d4cda17c234198,PeaceWin,peacewin,act_7d5c7491f9c284,ind_8542fb7dca4c1c,ADVHF14,sub activity 1 4 fp rh review workshop including fp rh commodities security identify the key issues and gaps and prepare action points to be considered in programme and planning 2 days district level events in kailali and kanchanpur 30 participants in each events 2 participants from each lg ho and distrct hospital and phd,,indicator registry not available in source workbook,"Output 1.1: Strengthened and supported provinces municipalities ensure that SRHR issues are incorporated, and adequate budget is allocated","Outcome 1: Strengthened laws, policies, financing, and accountability for SRHR for women and girls, particularly AY, people living with disability and the most vulnerable, at the federal level and in selected provinces municipalities in the development humanitarian continuum",,,,2026.0,,,unknown,peacewinprogramindicator.xlsx,finalactivitylist,62.0,incomplete_source_workbook,0.0,incomplete_source,requires_me_review,,missing_indicator_target_registry,,,,,,,,,,,,,,,,,,,,,,,,,,,,,,,,,,,,,,,,,,,,,,,,,,,,,,,,,,,,,,,,,,,,,,,,,,,,,,,,,,,,,,,,,,,,,,,,,,,,,,,,,,,,,,,,,,,,,,,,,,,,,,,,,yes,,,yes,review proposed fixes
xwalk_6ab1ade2e98ac2,PeaceWin,peacewin,act_9c38f44fd31bf3,ind_8542fb7dca4c1c,CDSCM21,sub activity 2 1 2 days forecasting and quantification training to health coordinator and store focal person from each llg of kanchanpur,,indicator registry not available in source workbook,"Output 1.1: Strengthened and supported provinces municipalities ensure that SRHR issues are incorporated, and adequate budget is allocated","Outcome 1: Strengthened laws, policies, financing, and accountability for SRHR for women and girls, particularly AY, people living with disability and the most vulnerable, at the federal level and in selected provinces municipalities in the development humanitarian continuum",,,,2026.0,,,unknown,peacewinprogramindicator.xlsx,finalactivitylist,63.0,incomplete_source_workbook,0.0,incomplete_source,requires_me_review,,missing_indicator_target_registry,,,,,,,,,,,,,,,,,,,,,,,,,,,,,,,,,,,,,,,,,,,,,,,,,,,,,,,,,,,,,,,,,,,,,,,,,,,,,,,,,,,,,,,,,,,,,,,,,,,,,,,,,,,,,,,,,,,,,,,,,,,,,,,,,yes,,,yes,review proposed fixes
xwalk_683e12218dd69b,PeaceWin,peacewin,act_2ca500599e4dc2,ind_8542fb7dca4c1c,CDSCM22,sub activity 2 2 training of trainer tot on pams v2 to participant from district store and and hospitals provincial level events 20 participants,,indicator registry not available in source workbook,"Output 1.1: Strengthened and supported provinces municipalities ensure that SRHR issues are incorporated, and adequate budget is allocated","Outcome 1: Strengthened laws, policies, financing, and accountability for SRHR for women and girls, particularly AY, people living with disability and the most vulnerable, at the federal level and in selected provinces municipalities in the development humanitarian continuum",,,,2026.0,,,unknown,peacewinprogramindicator.xlsx,finalactivitylist,64.0,incomplete_source_workbook,0.0,incomplete_source,requires_me_review,,missing_indicator_target_registry,,,,,,,,,,,,,,,,,,,,,,,,,,,,,,,,,,,,,,,,,,,,,,,,,,,,,,,,,,,,,,,,,,,,,,,,,,,,,,,,,,,,,,,,,,,,,,,,,,,,,,,,,,,,,,,,,,,,,,,,,,,,,,,,,yes,,,yes,review proposed fixes
xwalk_b1f32985693acc,PeaceWin,peacewin,act_0dc79f5f285542,ind_8542fb7dca4c1c,CDSCM23,sub activity 2 3 training on pams v2 for coordinator store focal persons of lg bajura 2 days 18 particiants,,indicator registry not available in source workbook,"Output 1.1: Strengthened and supported provinces municipalities ensure that SRHR issues are incorporated, and adequate budget is allocated","Outcome 1: Strengthened laws, policies, financing, and accountability for SRHR for women and girls, particularly AY, people living with disability and the most vulnerable, at the federal level and in selected provinces municipalities in the development humanitarian continuum",,,,2026.0,,,unknown,peacewinprogramindicator.xlsx,finalactivitylist,65.0,incomplete_source_workbook,0.0,incomplete_source,requires_me_review,,missing_indicator_target_registry,,,,,,,,,,,,,,,,,,,,,,,,,,,,,,,,,,,,,,,,,,,,,,,,,,,,,,,,,,,,,,,,,,,,,,,,,,,,,,,,,,,,,,,,,,,,,,,,,,,,,,,,,,,,,,,,,,,,,,,,,,,,,,,,,yes,,,yes,review proposed fixes
xwalk_d3b89c33ae06e0,PeaceWin,peacewin,act_8317fcec6328b9,ind_8542fb7dca4c1c,CCDSCM24,sub activity 2 4 support health office to scale up of pam v2 at health failities of kanchanpur to ensure proper recording and reporting and strengthening the scm 125 sdps 9 llgs 4 batch,,indicator registry not available in source workbook,"Output 1.1: Strengthened and supported provinces municipalities ensure that SRHR issues are incorporated, and adequate budget is allocated","Outcome 1: Strengthened laws, policies, financing, and accountability for SRHR for women and girls, particularly AY, people living with disability and the most vulnerable, at the federal level and in selected provinces municipalities in the development humanitarian continuum",,,,2026.0,,,unknown,peacewinprogramindicator.xlsx,finalactivitylist,66.0,incomplete_source_workbook,0.0,incomplete_source,requires_me_review,,missing_indicator_target_registry,,,,,,,,,,,,,,,,,,,,,,,,,,,,,,,,,,,,,,,,,,,,,,,,,,,,,,,,,,,,,,,,,,,,,,,,,,,,,,,,,,,,,,,,,,,,,,,,,,,,,,,,,,,,,,,,,,,,,,,,,,,,,,,,,yes,,,yes,review proposed fixes
xwalk_75794a4859c20c,PeaceWin,peacewin,act_7b7092635acdd7,ind_8542fb7dca4c1c,CDSCM25,sub activity 2 5 improve the visibility of unfpa supported commodities by conducting joint spot checks provide coaching and mentoring jointly with the government stakeholders phlmc ho district store municipalities minimum 20 hf 10 institution llg district store,,indicator registry not available in source workbook,"Output 1.1: Strengthened and supported provinces municipalities ensure that SRHR issues are incorporated, and adequate budget is allocated","Outcome 1: Strengthened laws, policies, financing, and accountability for SRHR for women and girls, particularly AY, people living with disability and the most vulnerable, at the federal level and in selected provinces municipalities in the development humanitarian continuum",,,,2026.0,,,unknown,peacewinprogramindicator.xlsx,finalactivitylist,67.0,incomplete_source_workbook,0.0,incomplete_source,requires_me_review,,missing_indicator_target_registry,,,,,,,,,,,,,,,,,,,,,,,,,,,,,,,,,,,,,,,,,,,,,,,,,,,,,,,,,,,,,,,,,,,,,,,,,,,,,,,,,,,,,,,,,,,,,,,,,,,,,,,,,,,,,,,,,,,,,,,,,,,,,,,,,yes,,,yes,review proposed fixes
xwalk_58b2a960e2f3cf,PeaceWin,peacewin,act_02f0bc840fff8d,ind_8542fb7dca4c1c,CDSCM26,sub activity 2 6 support to phlmc through supply chain consultant to strengthen scm and improve the stock out situation of the province,,indicator registry not available in source workbook,"Output 1.1: Strengthened and supported provinces municipalities ensure that SRHR issues are incorporated, and adequate budget is allocated","Outcome 1: Strengthened laws, policies, financing, and accountability for SRHR for women and girls, particularly AY, people living with disability and the most vulnerable, at the federal level and in selected provinces municipalities in the development humanitarian continuum",,,,2026.0,,,unknown,peacewinprogramindicator.xlsx,finalactivitylist,68.0,incomplete_source_workbook,0.0,incomplete_source,requires_me_review,,missing_indicator_target_registry,,,,,,,,,,,,,,,,,,,,,,,,,,,,,,,,,,,,,,,,,,,,,,,,,,,,,,,,,,,,,,,,,,,,,,,,,,,,,,,,,,,,,,,,,,,,,,,,,,,,,,,,,,,,,,,,,,,,,,,,,,,,,,,,,yes,,,yes,review proposed fixes
xwalk_060edf95e8720a,PeaceWin,peacewin,act_1970fd13e21c5c,ind_8542fb7dca4c1c,CDFPAA31,sub activity 3 1 strengthening ppfp larc and safe abortion services in selected hf mnh service provider targeting iucd implant and safe abortion sites distritc level event participants from high volume service site 1 event in each district baitadi bajhang bajura accham 25 hfs participants,,indicator registry not available in source workbook,"Output 1.1: Strengthened and supported provinces municipalities ensure that SRHR issues are incorporated, and adequate budget is allocated","Outcome 1: Strengthened laws, policies, financing, and accountability for SRHR for women and girls, particularly AY, people living with disability and the most vulnerable, at the federal level and in selected provinces municipalities in the development humanitarian continuum",,,,2026.0,,,unknown,peacewinprogramindicator.xlsx,finalactivitylist,69.0,incomplete_source_workbook,0.0,incomplete_source,requires_me_review,,missing_indicator_target_registry,,,,,,,,,,,,,,,,,,,,,,,,,,,,,,,,,,,,,,,,,,,,,,,,,,,,,,,,,,,,,,,,,,,,,,,,,,,,,,,,,,,,,,,,,,,,,,,,,,,,,,,,,,,,,,,,,,,,,,,,,,,,,,,,,yes,,,yes,review proposed fixes
xwalk_ae6141f947e875,PeaceWin,peacewin,act_d55938d6fe80df,ind_8542fb7dca4c1c,CDFPAA32,sub activity 3 2 mobilization of volunteers at holding center of kailali and kanchanpur focusing on especial needs of migrant workers need fp gbv sti message before new year and dashain 2 times 4 month in a year in coordination with undp global fund,,indicator registry not available in source workbook,"Output 1.1: Strengthened and supported provinces municipalities ensure that SRHR issues are incorporated, and adequate budget is allocated","Outcome 1: Strengthened laws, policies, financing, and accountability for SRHR for women and girls, particularly AY, people living with disability and the most vulnerable, at the federal level and in selected provinces municipalities in the development humanitarian continuum",,,,2026.0,,,unknown,peacewinprogramindicator.xlsx,finalactivitylist,70.0,incomplete_source_workbook,0.0,incomplete_source,requires_me_review,,missing_indicator_target_registry,,,,,,,,,,,,,,,,,,,,,,,,,,,,,,,,,,,,,,,,,,,,,,,,,,,,,,,,,,,,,,,,,,,,,,,,,,,,,,,,,,,,,,,,,,,,,,,,,,,,,,,,,,,,,,,,,,,,,,,,,,,,,,,,,yes,,,yes,review proposed fixes
xwalk_80666e8fb86451,PeaceWin,peacewin,act_28c6a0f1d8dee2,ind_8542fb7dca4c1c,CDFPAA33,sub activity 3 3 support to organize two days review and technical update to strengthen the post pregnance family planning services of selected hospitals facility level 1 event in each district hospital of baitadi bajhang bajura dadeldhura 20 participants in each,,indicator registry not available in source workbook,"Output 1.1: Strengthened and supported provinces municipalities ensure that SRHR issues are incorporated, and adequate budget is allocated","Outcome 1: Strengthened laws, policies, financing, and accountability for SRHR for women and girls, particularly AY, people living with disability and the most vulnerable, at the federal level and in selected provinces municipalities in the development humanitarian continuum",,,,2026.0,,,unknown,peacewinprogramindicator.xlsx,finalactivitylist,71.0,incomplete_source_workbook,0.0,incomplete_source,requires_me_review,,missing_indicator_target_registry,,,,,,,,,,,,,,,,,,,,,,,,,,,,,,,,,,,,,,,,,,,,,,,,,,,,,,,,,,,,,,,,,,,,,,,,,,,,,,,,,,,,,,,,,,,,,,,,,,,,,,,,,,,,,,,,,,,,,,,,,,,,,,,,,yes,,,yes,review proposed fixes
xwalk_3678fbe028df74,PeaceWin,peacewin,act_52e0c21a502dae,ind_8542fb7dca4c1c,CDCAC34,sub activity 3 4 review and technical update onsafe abortion and family planning from high volume health acilities hospital with involvement of trainer from training sites 1 days event baitadi accham doti 30 participants in each events,,indicator registry not available in source workbook,"Output 1.1: Strengthened and supported provinces municipalities ensure that SRHR issues are incorporated, and adequate budget is allocated","Outcome 1: Strengthened laws, policies, financing, and accountability for SRHR for women and girls, particularly AY, people living with disability and the most vulnerable, at the federal level and in selected provinces municipalities in the development humanitarian continuum",,,,2026.0,,,unknown,peacewinprogramindicator.xlsx,finalactivitylist,72.0,incomplete_source_workbook,0.0,incomplete_source,requires_me_review,,missing_indicator_target_registry,,,,,,,,,,,,,,,,,,,,,,,,,,,,,,,,,,,,,,,,,,,,,,,,,,,,,,,,,,,,,,,,,,,,,,,,,,,,,,,,,,,,,,,,,,,,,,,,,,,,,,,,,,,,,,,,,,,,,,,,,,,,,,,,,yes,,,yes,review proposed fixes
,,,,,,,,,,,,,,,,,,,,,,,,,,,,,,,,xwalk_62a5b89b65ac58,PeaceWin,peacewin,act_a25ca99da25d22,ind_8542fb7dca4c1c,CDEU1115,sub activity 1 1 1 1 intergenerational dialogue between boys and men 30 in each palikas,,indicator registry not available in source workbook,Output 1.1 – Men and boys have increased capacity to challenge discriminatory social and gender norms and to act as role models that promote positive masculinities,"Outcome 1 - Men and boys, families and communities demonstrate more gender-equitable behaviours and support for positive social and gender norms that promote GEWE, and women and girls have increased agency",,,,2026.0,,,unknown,peacewinprogramindicator.xlsx,finalactivitylist,2.0,incomplete_source_workbook,0.0,incomplete_source,requires_me_review,,missing_indicator_target_registry,,,,,,,,,,,,,,,,,,,,,,,,,,,,,,,evidence_21f1572d5a275a,PeaceWin,CDEU1115,Sub-activity: 1.1.1.1 Intergenerational dialogue between boys and men - (30 in each Palikas),,,unknown,unknown,unknown,unknown,peacewinprogramindicator.xlsx,finalactivitylist,2.0,requires_me_review,Source workbook does not provide a normalized evidence requirement field.,,,,,,,,,,,,,,,,,,,,,,,,,,,,,,,,,,,,,,,,,,,,,,,,,,,,yes,,,yes,review proposed fixes
,,,,,,,,,,,,,,,,,,,,,,,,,,,,,,,,xwalk_778428dbb84d6c,PeaceWin,peacewin,act_def5fbee252d49,ind_8542fb7dca4c1c,ADVOEU1118,sub activity 1 1 1 3 adolescent friendly information corners afic mobilisation in school,,indicator registry not available in source workbook,Output 1.1 – Men and boys have increased capacity to challenge discriminatory social and gender norms and to act as role models that promote positive masculinities,"Outcome 1 - Men and boys, families and communities demonstrate more gender-equitable behaviours and support for positive social and gender norms that promote GEWE, and women and girls have increased agency",,,,2026.0,,,unknown,peacewinprogramindicator.xlsx,finalactivitylist,3.0,incomplete_source_workbook,0.0,incomplete_source,requires_me_review,,missing_indicator_target_registry,,,,,,,,,,,,,,,,,,,,,,,,,,,,,,,evidence_eec693c9848a71,PeaceWin,ADVOEU1118,Sub-activity: 1.1.1.3 Adolescent Friendly Information Corners (AFIC) mobilisation in School,,,unknown,unknown,unknown,unknown,peacewinprogramindicator.xlsx,finalactivitylist,3.0,requires_me_review,Source workbook does not provide a normalized evidence requirement field.,,,,,,,,,,,,,,,,,,,,,,,,,,,,,,,,,,,,,,,,,,,,,,,,,,,,yes,,,yes,review proposed fixes
,,,,,,,,,,,,,,,,,,,,,,,,,,,,,,,,xwalk_8d0f189ba6ec03,PeaceWin,peacewin,act_7b97463c5a6bda,ind_8542fb7dca4c1c,ADVOEU1118 A,sub activity 1 1 1 4 inter school learning visits to afics from non afic schools participants non afic school s students,,indicator registry not available in source workbook,Output 1.1 – Men and boys have increased capacity to challenge discriminatory social and gender norms and to act as role models that promote positive masculinities,"Outcome 1 - Men and boys, families and communities demonstrate more gender-equitable behaviours and support for positive social and gender norms that promote GEWE, and women and girls have increased agency",,,,2026.0,,,unknown,peacewinprogramindicator.xlsx,finalactivitylist,4.0,incomplete_source_workbook,0.0,incomplete_source,requires_me_review,,missing_indicator_target_registry,,,,,,,,,,,,,,,,,,,,,,,,,,,,,,,evidence_609b28ddc6c368,PeaceWin,ADVOEU1118 A,Sub-activity: 1.1.1.4 Inter-school learning visits to AFICs from non-AFIC schools (Participants: Non AFIC school's students),,,unknown,unknown,unknown,unknown,peacewinprogramindicator.xlsx,finalactivitylist,4.0,requires_me_review,Source workbook does not provide a normalized evidence requirement field.,,,,,,,,,,,,,,,,,,,,,,,,,,,,,,,,,,,,,,,,,,,,,,,,,,,,yes,,,yes,review proposed fixes
,,,,,,,,,,,,,,,,,,,,,,,,,,,,,,,,xwalk_f0d6e32bd900c1,PeaceWin,peacewin,act_be2871530ce7ad,ind_8542fb7dca4c1c,ADVOEU11251,learning sharing between male champions early enablers on the action plan follow ups to be faciltiated by peacewin staff 6 male champions from 3 palikas,,indicator registry not available in source workbook,Output 1.1 – Men and boys have increased capacity to challenge discriminatory social and gender norms and to act as role models that promote positive masculinities,"Outcome 1 - Men and boys, families and communities demonstrate more gender-equitable behaviours and support for positive social and gender norms that promote GEWE, and women and girls have increased agency",,,,2026.0,,,unknown,peacewinprogramindicator.xlsx,finalactivitylist,5.0,incomplete_source_workbook,0.0,incomplete_source,requires_me_review,,missing_indicator_target_registry,,,,,,,,,,,,,,,,,,,,,,,,,,,,,,,evidence_5adf6779871882,PeaceWin,ADVOEU11251,Learning sharing between male champions early enablers on the action plan follow ups to be faciltiated by Peacewin staff ( 6 male champions from 3 palikas),,,unknown,unknown,unknown,unknown,peacewinprogramindicator.xlsx,finalactivitylist,5.0,requires_me_review,Source workbook does not provide a normalized evidence requirement field.,,,,,,,,,,,,,,,,,,,,,,,,,,,,,,,,,,,,,,,,,,,,,,,,,,,,yes,,,yes,review proposed fixes
,,,,,,,,,,,,,,,,,,,,,,,,,,,,,,,,xwalk_2813dcd4cfda38,PeaceWin,peacewin,act_9d2e9521190728,ind_8542fb7dca4c1c,ADVOEU11252,sub activity 1 1 2 5 learning sharing between male champions between 4 punos to identify synegy for social norm change media engagement with the male champions will be conducted 30 participants in total in sudurpashchim 15 from unfpa 15 from other punos,,indicator registry not available in source workbook,Output 1.1 – Men and boys have increased capacity to challenge discriminatory social and gender norms and to act as role models that promote positive masculinities,"Outcome 1 - Men and boys, families and communities demonstrate more gender-equitable behaviours and support for positive social and gender norms that promote GEWE, and women and girls have increased agency",,,,2026.0,,,unknown,peacewinprogramindicator.xlsx,finalactivitylist,6.0,incomplete_source_workbook,0.0,incomplete_source,requires_me_review,,missing_indicator_target_registry,,,,,,,,,,,,,,,,,,,,,,,,,,,,,,,evidence_62d27f0d7958da,PeaceWin,ADVOEU11252,Sub-activity: 1.1.2.5 Learning sharing between male champions between 4 PUNOs to identify synegy for social norm change- media engagement with the male champions will be conducted (30 participants in total in Sudurpashchim - 15 from UNFPA 15 from other PUNOs),,,unknown,unknown,unknown,unknown,peacewinprogramindicator.xlsx,finalactivitylist,6.0,requires_me_review,Source workbook does not provide a normalized evidence requirement field.,,,,,,,,,,,,,,,,,,,,,,,,,,,,,,,,,,,,,,,,,,,,,,,,,,,,yes,,,yes,review proposed fixes
,,,,,,,,,,,,,,,,,,,,,,,,,,,,,,,,xwalk_2c012387d702de,PeaceWin,peacewin,act_de73d8d2672976,ind_8542fb7dca4c1c,CDEU1234,sub activity 1 2 2 5 family dialogue sessions for beneficiaries and families who have received economic support from ilo women on gta 300 community people,,indicator registry not available in source workbook,Output 1.2 – Families and communities have increased capacity to enhance the economic role of women and nurture equitable and non-discriminatory relationships,"Outcome 1 - Men and boys, families and communities demonstrate more gender-equitable behaviours and support for positive social and gender norms that promote GEWE, and women and girls have increased agency",,,,2026.0,,,unknown,peacewinprogramindicator.xlsx,finalactivitylist,7.0,incomplete_source_workbook,0.0,incomplete_source,requires_me_review,,missing_indicator_target_registry,,,,,,,,,,,,,,,,,,,,,,,,,,,,,,,evidence_517808f0fc402e,PeaceWin,CDEU1234,Sub-activity: 1.2.2.5 Family dialogue sessions for beneficiaries and families who have received economic support from ILO/Women on GTA (300 community people),,,unknown,unknown,unknown,unknown,peacewinprogramindicator.xlsx,finalactivitylist,7.0,requires_me_review,Source workbook does not provide a normalized evidence requirement field.,,,,,,,,,,,,,,,,,,,,,,,,,,,,,,,,,,,,,,,,,,,,,,,,,,,,yes,,,yes,review proposed fixes
,,,,,,,,,,,,,,,,,,,,,,,,,,,,,,,,xwalk_1e71937c509cdc,PeaceWin,peacewin,act_6085ae259d0757,ind_8542fb7dca4c1c,CDEU1235,sub activity 1 2 2 6 support for gbv prevention community mainly the family dialogue graduates on business linkages and business development services 135 families 2 times in three lgs,,indicator registry not available in source workbook,Output 1.2 – Families and communities have increased capacity to enhance the economic role of women and nurture equitable and non-discriminatory relationships,"Outcome 1 - Men and boys, families and communities demonstrate more gender-equitable behaviours and support for positive social and gender norms that promote GEWE, and women and girls have increased agency",,,,2026.0,,,unknown,peacewinprogramindicator.xlsx,finalactivitylist,8.0,incomplete_source_workbook,0.0,incomplete_source,requires_me_review,,missing_indicator_target_registry,,,,,,,,,,,,,,,,,,,,,,,,,,,,,,,evidence_bcb15f60bfa20e,PeaceWin,CDEU1235,Sub-activity: 1.2.2.6 Support for GBV prevention community mainly the family dialogue graduates on business linkages and business development services. 135 families* 2 times in three LGs).,,,unknown,unknown,unknown,unknown,peacewinprogramindicator.xlsx,finalactivitylist,8.0,requires_me_review,Source workbook does not provide a normalized evidence requirement field.,,,,,,,,,,,,,,,,,,,,,,,,,,,,,,,,,,,,,,,,,,,,,,,,,,,,yes,,,yes,review proposed fixes
,,,,,,,,,,,,,,,,,,,,,,,,,,,,,,,,xwalk_e547cb55c0cf58,PeaceWin,peacewin,act_ee23baf05bcb37,ind_8542fb7dca4c1c,CDEU1236,sub activity 1 2 2 7 three days formalize your business grow your business training to the gbv prevention community memners family dialogue graduates which have started the micro enterprises after completing the family dialogue session,,indicator registry not available in source workbook,Output 1.2 – Families and communities have increased capacity to enhance the economic role of women and nurture equitable and non-discriminatory relationships,"Outcome 1 - Men and boys, families and communities demonstrate more gender-equitable behaviours and support for positive social and gender norms that promote GEWE, and women and girls have increased agency",,,,2026.0,,,unknown,peacewinprogramindicator.xlsx,finalactivitylist,9.0,incomplete_source_workbook,0.0,incomplete_source,requires_me_review,,missing_indicator_target_registry,,,,,,,,,,,,,,,,,,,,,,,,,,,,,,,evidence_0d29992d6b8583,PeaceWin,CDEU1236,"Sub-activity: 1.2.2.7 Three days formalize your business, grow your business training to the GBV prevention community memners (family dialogue graduates) which have started the micro enterprises after completing the family dialogue session.",,,unknown,unknown,unknown,unknown,peacewinprogramindicator.xlsx,finalactivitylist,9.0,requires_me_review,Source workbook does not provide a normalized evidence requirement field.,,,,,,,,,,,,,,,,,,,,,,,,,,,,,,,,,,,,,,,,,,,,,,,,,,,,yes,,,yes,review proposed fixes
,,,,,,,,,,,,,,,,,,,,,,,,,,,,,,,,xwalk_1fbc17db34f3ad,PeaceWin,peacewin,act_82a4ed2a1b3623,ind_8542fb7dca4c1c,CDEU1315,sub activity 1 3 1 5 intergenerational dialogue on gbv issues with women and girls 30 women and girls in each palikas,,indicator registry not available in source workbook,"Output 1.3 – Women and girls have increased capacity to advocate for gender equality and the rights of women and girls, hold duty bearers accountable for action on GEWE, and challenge discriminatory social and gender norms both individually and collectively","Outcome 1 - Men and boys, families and communities demonstrate more gender-equitable behaviours and support for positive social and gender norms that promote GEWE, and women and girls have increased agency",,,,2026.0,,,unknown,peacewinprogramindicator.xlsx,finalactivitylist,10.0,incomplete_source_workbook,0.0,incomplete_source,requires_me_review,,missing_indicator_target_registry,,,,,,,,,,,,,,,,,,,,,,,,,,,,,,,evidence_0ff5a19d7713ec,PeaceWin,CDEU1315,Sub-activity: 1.3.1.5 Intergenerational dialogue on GBV issues with women and girls (30 women and girls in each Palikas),,,unknown,unknown,unknown,unknown,peacewinprogramindicator.xlsx,finalactivitylist,10.0,requires_me_review,Source workbook does not provide a normalized evidence requirement field.,,,,,,,,,,,,,,,,,,,,,,,,,,,,,,,,,,,,,,,,,,,,,,,,,,,,yes,,,yes,review proposed fixes
,,,,,,,,,,,,,,,,,,,,,,,,,,,,,,,,xwalk_097d3a33bac8d8,PeaceWin,peacewin,act_6d29106ece5b23,ind_8542fb7dca4c1c,CDEU1322,sub activity 1 3 2 1 mobilisation of opinion leaders specifically with traditional religious leaders amongst others 15 opinion leaders in 3 palikas 2 times in new areas supported under ilo and unwomen,,indicator registry not available in source workbook,"Output 1.3 – Women and girls have increased capacity to advocate for gender equality and the rights of women and girls, hold duty bearers accountable for action on GEWE, and challenge discriminatory social and gender norms both individually and collectively","Outcome 1 - Men and boys, families and communities demonstrate more gender-equitable behaviours and support for positive social and gender norms that promote GEWE, and women and girls have increased agency",,,,2026.0,,,unknown,peacewinprogramindicator.xlsx,finalactivitylist,11.0,incomplete_source_workbook,0.0,incomplete_source,requires_me_review,,missing_indicator_target_registry,,,,,,,,,,,,,,,,,,,,,,,,,,,,,,,evidence_0baa5ebba330e2,PeaceWin,CDEU1322,Sub-activity: 1.3.2.1 Mobilisation of Opinion Leaders specifically with traditional/religious leaders amongst others - 15 Opinion leaders in 3 Palikas 2 times in new areas supported under ILO and UNWOMEN,,,unknown,unknown,unknown,unknown,peacewinprogramindicator.xlsx,finalactivitylist,11.0,requires_me_review,Source workbook does not provide a normalized evidence requirement field.,,,,,,,,,,,,,,,,,,,,,,,,,,,,,,,,,,,,,,,,,,,,,,,,,,,,yes,,,yes,review proposed fixes
,,,,,,,,,,,,,,,,,,,,,,,,,,,,,,,,xwalk_efd977cfcb6a87,PeaceWin,peacewin,act_292494950553e0,ind_8542fb7dca4c1c,CDEU13231,sub activity 1 3 2 2 mobilisation of early adopters and champions for community awareness raising intensive as well as light palikas cascading activities,,indicator registry not available in source workbook,"Output 1.3 – Women and girls have increased capacity to advocate for gender equality and the rights of women and girls, hold duty bearers accountable for action on GEWE, and challenge discriminatory social and gender norms both individually and collectively","Outcome 1 - Men and boys, families and communities demonstrate more gender-equitable behaviours and support for positive social and gender norms that promote GEWE, and women and girls have increased agency",,,,2026.0,,,unknown,peacewinprogramindicator.xlsx,finalactivitylist,12.0,incomplete_source_workbook,0.0,incomplete_source,requires_me_review,,missing_indicator_target_registry,,,,,,,,,,,,,,,,,,,,,,,,,,,,,,,evidence_057dfb723f068a,PeaceWin,CDEU13231,Sub-activity: 1.3.2.2 Mobilisation of early adopters and champions for community awareness raising intensive as well as light palikas. Cascading activities.,,,unknown,unknown,unknown,unknown,peacewinprogramindicator.xlsx,finalactivitylist,12.0,requires_me_review,Source workbook does not provide a normalized evidence requirement field.,,,,,,,,,,,,,,,,,,,,,,,,,,,,,,,,,,,,,,,,,,,,,,,,,,,,yes,,,yes,review proposed fixes
,,,,,,,,,,,,,,,,,,,,,,,,,,,,,,,,xwalk_10ab58a5a889a7,PeaceWin,peacewin,act_984aa9e24bae27,ind_8542fb7dca4c1c,CDEU13232,sub activity 1 3 2 3 early adopters change agents consultation and policy dialogue meeting at badimaika belauri and dipayal shilgadhi municiplaity 3 palika two times,,indicator registry not available in source workbook,"Output 1.3 – Women and girls have increased capacity to advocate for gender equality and the rights of women and girls, hold duty bearers accountable for action on GEWE, and challenge discriminatory social and gender norms both individually and collectively","Outcome 1 - Men and boys, families and communities demonstrate more gender-equitable behaviours and support for positive social and gender norms that promote GEWE, and women and girls have increased agency",,,,2026.0,,,unknown,peacewinprogramindicator.xlsx,finalactivitylist,13.0,incomplete_source_workbook,0.0,incomplete_source,requires_me_review,,missing_indicator_target_registry,,,,,,,,,,,,,,,,,,,,,,,,,,,,,,,evidence_54cc6513f9595f,PeaceWin,CDEU13232,"Sub-activity: 1.3.2.3 Early adopters/change agents consultation and policy dialogue meeting at Badimaika, Belauri and Dipayal Shilgadhi municiplaity. 3 Palika two times",,,unknown,unknown,unknown,unknown,peacewinprogramindicator.xlsx,finalactivitylist,13.0,requires_me_review,Source workbook does not provide a normalized evidence requirement field.,,,,,,,,,,,,,,,,,,,,,,,,,,,,,,,,,,,,,,,,,,,,,,,,,,,,yes,,,yes,review proposed fixes
,,,,,,,,,,,,,,,,,,,,,,,,,,,,,,,,xwalk_fcfc889de6e3cc,PeaceWin,peacewin,act_5eb293aec877c6,ind_8542fb7dca4c1c,CDEU1324,sub activity 1 3 2 4 three days gender transformative approach training to the adolescents and youth identified as the early adopters change agents including the opinion makers 25 from each 3 palika belauri badimalika and dipayal shilgadhi total 75 persion,,indicator registry not available in source workbook,"Output 1.3 – Women and girls have increased capacity to advocate for gender equality and the rights of women and girls, hold duty bearers accountable for action on GEWE, and challenge discriminatory social and gender norms both individually and collectively","Outcome 1 - Men and boys, families and communities demonstrate more gender-equitable behaviours and support for positive social and gender norms that promote GEWE, and women and girls have increased agency",,,,2026.0,,,unknown,peacewinprogramindicator.xlsx,finalactivitylist,14.0,incomplete_source_workbook,0.0,incomplete_source,requires_me_review,,missing_indicator_target_registry,,,,,,,,,,,,,,,,,,,,,,,,,,,,,,,evidence_2e44ad0cde8413,PeaceWin,CDEU1324,"Sub-activity: 1.3.2.4 Three days gender transformative approach training to the adolescents and youth identified as the early adopters, change agents including the opinion makers (25 from each 3 palika_ Belauri, Badimalika and Dipayal Shilgadhi) Total 75 persion",,,unknown,unknown,unknown,unknown,peacewinprogramindicator.xlsx,finalactivitylist,14.0,requires_me_review,Source workbook does not provide a normalized evidence requirement field.,,,,,,,,,,,,,,,,,,,,,,,,,,,,,,,,,,,,,,,,,,,,,,,,,,,,yes,,,yes,review proposed fixes
,,,,,,,,,,,,,,,,,,,,,,,,,,,,,,,,xwalk_3ce48e3a92fd80,PeaceWin,peacewin,act_179ce52f2ddd21,ind_8542fb7dca4c1c,CDEU2121,sub activity 2 1 2 1 three days gender non residential training on transformative approach and survivor centric business development support for the escs fncci fwean representative of ministry of labour and industry and local representatives of selected municipalities to deliver employment services sudurpashchim 17 participants non focused lgs 8,,indicator registry not available in source workbook,Output 1.2 – Families and communities have increased capacity to enhance the economic role of women and nurture equitable and non-discriminatory relationships,"Outcome 1 - Men and boys, families and communities demonstrate more gender-equitable behaviours and support for positive social and gender norms that promote GEWE, and women and girls have increased agency",,,,2026.0,,,unknown,peacewinprogramindicator.xlsx,finalactivitylist,15.0,incomplete_source_workbook,0.0,incomplete_source,requires_me_review,,missing_indicator_target_registry,,,,,,,,,,,,,,,,,,,,,,,,,,,,,,,evidence_6412297d0d1fe3,PeaceWin,CDEU2121,"Sub-activity: 2.1.2.1 Three days gender non-residential training on transformative approach and survivor centric Business Development Support for the ESCs, FNCCI, FWEAN, Representative of Ministry of Labour and Industry, and local representatives of selected municipalities to deliver employment services. (Sudurpashchim: 17 participants, non focused LGs: 8)",,,unknown,unknown,unknown,unknown,peacewinprogramindicator.xlsx,finalactivitylist,15.0,requires_me_review,Source workbook does not provide a normalized evidence requirement field.,,,,,,,,,,,,,,,,,,,,,,,,,,,,,,,,,,,,,,,,,,,,,,,,,,,,yes,,,yes,review proposed fixes
,,,,,,,,,,,,,,,,,,,,,,,,,,,,,,,,xwalk_342778f82aa12a,PeaceWin,peacewin,act_a3a09149c6fe92,ind_8542fb7dca4c1c,ADVOEU3115,sub activity 3 1 1 1 mobilisation and operationalisation of provincial and local level gbv network 30 in each palikas half yearly meeting aligning with annual plan and mid year review,,indicator registry not available in source workbook,Output 1 - National Women’s Machinery has the improved capacity to advance GEWE in line with international/ national normative frameworks,"Outcome 3 - Institutions deliver gender equality outcomes in all spheres, in line with international and national normative frameworks",,,,2026.0,,,unknown,peacewinprogramindicator.xlsx,finalactivitylist,16.0,incomplete_source_workbook,0.0,incomplete_source,requires_me_review,,missing_indicator_target_registry,,,,,,,,,,,,,,,,,,,,,,,,,,,,,,,evidence_401509f0771fe6,PeaceWin,ADVOEU3115,Sub-activity: 3.1.1.1 Mobilisation and Operationalisation of provincial and local level GBV network - 30 in each palikas (Half yearly meeting - aligning with annual plan and mid-year review),,,unknown,unknown,unknown,unknown,peacewinprogramindicator.xlsx,finalactivitylist,16.0,requires_me_review,Source workbook does not provide a normalized evidence requirement field.,,,,,,,,,,,,,,,,,,,,,,,,,,,,,,,,,,,,,,,,,,,,,,,,,,,,yes,,,yes,review proposed fixes
,,,,,,,,,,,,,,,,,,,,,,,,,,,,,,,,xwalk_8ec41f27a6665b,PeaceWin,peacewin,act_835e53d103bd04,ind_8542fb7dca4c1c,ADVOEU3112,two days review meting with provincial level gbv prevention and response network members on gender transformative approach in aligning with icpd cedaw sustainable development goals and national frameworks on gbv and srhr,,indicator registry not available in source workbook,Output 1 - National Women’s Machinery has the improved capacity to advance GEWE in line with international/ national normative frameworks,"Outcome 3 - Institutions deliver gender equality outcomes in all spheres, in line with international and national normative frameworks",,,,2026.0,,,unknown,peacewinprogramindicator.xlsx,finalactivitylist,17.0,incomplete_source_workbook,0.0,incomplete_source,requires_me_review,,missing_indicator_target_registry,,,,,,,,,,,,,,,,,,,,,,,,,,,,,,,evidence_87db62a0ee882d,PeaceWin,ADVOEU3112,"Two days review meting with provincial level GBV prevention and response network members on gender-transformative approach in aligning with ICPD, CEDAW, sustainable development goals and national frameworks on GBV and SRHR.",,,unknown,unknown,unknown,unknown,peacewinprogramindicator.xlsx,finalactivitylist,17.0,requires_me_review,Source workbook does not provide a normalized evidence requirement field.,,,,,,,,,,,,,,,,,,,,,,,,,,,,,,,,,,,,,,,,,,,,,,,,,,,,yes,,,yes,review proposed fixes
,,,,,,,,,,,,,,,,,,,,,,,,,,,,,,,,xwalk_26b4f7d03952ea,PeaceWin,peacewin,act_f274d5e44b35a3,ind_8542fb7dca4c1c,ADVOEU3241,sub activity 3 2 4 1 international day celebration,,indicator registry not available in source workbook,Output 1 - National Women’s Machinery has the improved capacity to advance GEWE in line with international/ national normative frameworks,"Outcome 3 - Institutions deliver gender equality outcomes in all spheres, in line with international and national normative frameworks",,,,2026.0,,,unknown,peacewinprogramindicator.xlsx,finalactivitylist,18.0,incomplete_source_workbook,0.0,incomplete_source,requires_me_review,,missing_indicator_target_registry,,,,,,,,,,,,,,,,,,,,,,,,,,,,,,,evidence_265c43954b7d6f,PeaceWin,ADVOEU3241,Sub-activity: 3.2.4.1 International Day Celebration,,,unknown,unknown,unknown,unknown,peacewinprogramindicator.xlsx,finalactivitylist,18.0,requires_me_review,Source workbook does not provide a normalized evidence requirement field.,,,,,,,,,,,,,,,,,,,,,,,,,,,,,,,,,,,,,,,,,,,,,,,,,,,,yes,,,yes,review proposed fixes
,,,,,,,,,,,,,,,,,,,,,,,,,,,,,,,,xwalk_99db4bf1cb21c7,PeaceWin,peacewin,act_a8f4325b385235,ind_8542fb7dca4c1c,ADVOEU3311,sub activity 3 3 3 1 mobilisation of cbos on gender transformative approaches regular meetings with selected cbos and support in implementing action plan and linking them to lgs 15 in each palikas,,indicator registry not available in source workbook,Output 1.2 – Families and communities have increased capacity to enhance the economic role of women and nurture equitable and non-discriminatory relationships,"Outcome 1 - Men and boys, families and communities demonstrate more gender-equitable behaviours and support for positive social and gender norms that promote GEWE, and women and girls have increased agency",,,,2026.0,,,unknown,peacewinprogramindicator.xlsx,finalactivitylist,20.0,incomplete_source_workbook,0.0,incomplete_source,requires_me_review,,missing_indicator_target_registry,,,,,,,,,,,,,,,,,,,,,,,,,,,,,,,evidence_349703a952d7b8,PeaceWin,ADVOEU3311,Sub-activity: 3.3.3.1. Mobilisation of CBOs on Gender Transformative Approaches (Regular meetings with selected CBOs and support in implementing action plan and linking them to LGs) - 15 in each palikas,,,unknown,unknown,unknown,unknown,peacewinprogramindicator.xlsx,finalactivitylist,20.0,requires_me_review,Source workbook does not provide a normalized evidence requirement field.,,,,,,,,,,,,,,,,,,,,,,,,,,,,,,,,,,,,,,,,,,,,,,,,,,,,yes,,,yes,review proposed fixes
,,,,,,,,,,,,,,,,,,,,,,,,,,,,,,,,xwalk_75792e40f0299e,PeaceWin,peacewin,act_7960bfa48ac259,ind_8542fb7dca4c1c,MONITOREU1,activity 3 1 5 joint monitoring government project staff and executive committee members including trainers and officials from the phd phtc petc and sprta,,indicator registry not available in source workbook,Monitoring & Evaluation,Monitoring & Evaluation,,,,2026.0,,,unknown,peacewinprogramindicator.xlsx,finalactivitylist,21.0,incomplete_source_workbook,0.0,incomplete_source,requires_me_review,,missing_indicator_target_registry,,,,,,,,,,,,,,,,,,,,,,,,,,,,,,,evidence_89869bb9233505,PeaceWin,MONITOREU1,"Activity: 3.1.5 Joint Monitoring (Government, project staff, and executive committee members). Including trainers and Officials from the PHD, PHTC, PETC and SPRTA",,,unknown,unknown,unknown,unknown,peacewinprogramindicator.xlsx,finalactivitylist,21.0,requires_me_review,Source workbook does not provide a normalized evidence requirement field.,,,,,,,,,,,,,,,,,,,,,,,,,,,,,,,,,,,,,,,,,,,,,,,,,,,,yes,,,yes,review proposed fixes
,,,,,,,,,,,,,,,,,,,,,,,,,,,,,,,,xwalk_9aa841fbfe3683,PeaceWin,peacewin,act_83ed6ce7e41527,ind_8542fb7dca4c1c,MONITOREU2,activity 3 1 6 review and reflection workshop on a bi annual basis two days participants and learning sharing meeting with punos and ips,,indicator registry not available in source workbook,Monitoring & Evaluation,Monitoring & Evaluation,,,,2026.0,,,unknown,peacewinprogramindicator.xlsx,finalactivitylist,22.0,incomplete_source_workbook,0.0,incomplete_source,requires_me_review,,missing_indicator_target_registry,,,,,,,,,,,,,,,,,,,,,,,,,,,,,,,evidence_9619409e9002fb,PeaceWin,MONITOREU2,"Activity: 3.1.6 Review and reflection workshop on a bi-annual basis (Two days), participants and learning sharing meeting with PUNOs and Ips",,,unknown,unknown,unknown,unknown,peacewinprogramindicator.xlsx,finalactivitylist,22.0,requires_me_review,Source workbook does not provide a normalized evidence requirement field.,,,,,,,,,,,,,,,,,,,,,,,,,,,,,,,,,,,,,,,,,,,,,,,,,,,,yes,,,yes,review proposed fixes
,,,,,,,,,,,,,,,,,,,,,,,,,,,,,,,,xwalk_0bd7ce3842bd98,PeaceWin,peacewin,act_08352e45385503,ind_8542fb7dca4c1c,CDHPRUPUCJ112,activity 1 1 1 2 school mapping to identify the implementation of the digital rupantaran,,indicator registry not available in source workbook,"Output 1110: Underserved/marginalized adolescent girls (aged 10-19) who are at risk of child marriage, married, separated, divorced, and widowed adolescent girls and adolescent girls who are pregnant or already have children, are engaged in gender-transformative life skills and comprehensive sexuality education programmes that build their knowledge, skills, and awareness of their rights, and connect them to services.","1100: Enhanced knowledge, education and skills, and attitudes of marginalized adolescent girls – in both development and humanitarian contexts – on matters such as their rights, relationships, sexual and reproductive health, and financial literacy",,,,2026.0,,,unknown,peacewinprogramindicator.xlsx,finalactivitylist,23.0,incomplete_source_workbook,0.0,incomplete_source,requires_me_review,,missing_indicator_target_registry,,,,,,,,,,,,,,,,,,,,,,,,,,,,,,,evidence_1ace133c2fe54b,PeaceWin,CDHPRUPUCJ112,Activity.1.1.1.2 School mapping to identify the implementation of the Digital Rupantaran,,,unknown,unknown,unknown,unknown,peacewinprogramindicator.xlsx,finalactivitylist,23.0,requires_me_review,Source workbook does not provide a normalized evidence requirement field.,,,,,,,,,,,,,,,,,,,,,,,,,,,,,,,,,,,,,,,,,,,,,,,,,,,,yes,,,yes,review proposed fixes
,,,,,,,,,,,,,,,,,,,,,,,,,,,,,,,,xwalk_0ac63daa81e53b,PeaceWin,peacewin,act_0a7e862f9832df,ind_8542fb7dca4c1c,CDHPRUPUCJ1113,conduct face to face rupantaran sessions to adolescet girls in cost sharing basis with local governments,,indicator registry not available in source workbook,"Output 1110: Underserved/marginalized adolescent girls (aged 10-19) who are at risk of child marriage, married, separated, divorced, and widowed adolescent girls and adolescent girls who are pregnant or already have children, are engaged in gender-transformative life skills and comprehensive sexuality education programmes that build their knowledge, skills, and awareness of their rights, and connect them to services.","1100:Enhanced knowledge, education and skills, and attitudes of marginalized adolescent girls – in both development and humanitarian contexts – on matters such as their rights, relationships, sexual and reproductive health, and financial literacy",,,,2026.0,,,unknown,peacewinprogramindicator.xlsx,finalactivitylist,24.0,incomplete_source_workbook,0.0,incomplete_source,requires_me_review,,missing_indicator_target_registry,,,,,,,,,,,,,,,,,,,,,,,,,,,,,,,evidence_6698940f9c0013,PeaceWin,CDHPRUPUCJ1113,Conduct face to face Rupantaran sessions to adolescet girls in cost sharing basis with local governments,,,unknown,unknown,unknown,unknown,peacewinprogramindicator.xlsx,finalactivitylist,24.0,requires_me_review,Source workbook does not provide a normalized evidence requirement field.,,,,,,,,,,,,,,,,,,,,,,,,,,,,,,,,,,,,,,,,,,,,,,,,,,,,yes,,,yes,review proposed fixes
,,,,,,,,,,,,,,,,,,,,,,,,,,,,,,,,xwalk_0a1664c35783ec,PeaceWin,peacewin,act_bce6d7ef5f3046,ind_8542fb7dca4c1c,CDHPRUPUCJ1114,review meeting with peer facilitators one day focusing on the challenges learnings and progress of rupantaran sessions and orientation on endorsed ecm strategy and it s implementation 3 events 2 times with 60 participants,,indicator registry not available in source workbook,"Output 1110: Underserved/marginalized adolescent girls (aged 10-19) who are at risk of child marriage, married, separated, divorced, and widowed adolescent girls and adolescent girls who are pregnant or already have children, are engaged in gender-transformative life skills and comprehensive sexuality education programmes that build their knowledge, skills, and awareness of their rights, and connect them to services.","1100: Enhanced knowledge, education and skills, and attitudes of marginalized adolescent girls – in both development and humanitarian contexts – on matters such as their rights, relationships, sexual and reproductive health, and financial literacy",,,,2026.0,,,unknown,peacewinprogramindicator.xlsx,finalactivitylist,25.0,incomplete_source_workbook,0.0,incomplete_source,requires_me_review,,missing_indicator_target_registry,,,,,,,,,,,,,,,,,,,,,,,,,,,,,,,evidence_691163f84c99d2,PeaceWin,CDHPRUPUCJ1114,"Review meeting with Peer facilitators (one day): Focusing on the challenges, learnings and progress of Rupantaran sessions and orientation on endorsed ECM strategy and it's implementation (3 events*2 times with 60 participants)",,,unknown,unknown,unknown,unknown,peacewinprogramindicator.xlsx,finalactivitylist,25.0,requires_me_review,Source workbook does not provide a normalized evidence requirement field.,,,,,,,,,,,,,,,,,,,,,,,,,,,,,,,,,,,,,,,,,,,,,,,,,,,,yes,,,yes,review proposed fixes
,,,,,,,,,,,,,,,,,,,,,,,,,,,,,,,,xwalk_1b725fedbf8622,PeaceWin,peacewin,act_5e896550100b70,ind_8542fb7dca4c1c,CDHPRUPUCJ1221,conduct three days rupantaran adult package to the parents for out of school adolescent girls enrolled in the rupantaran sessions,,indicator registry not available in source workbook,"Output 1220: Families, traditional and religious leaders, community members (girls, women, boys and men), community groups, and other influencers (e.g., youth, women, and feminist advocates) are engaged in gender-transformative dialogues, advocacy and consensus-building on alternatives to child marriage (including education), the rights of adolescent girls, and gender equality.","2100: Increased capacity of education, health, gender-based violence prevention and response and child protection to deliver coordinated, quality programmes and services that are responsive to the needs of adolescent girls and their families in both development and humanitarian contexts",,,,2026.0,,,unknown,peacewinprogramindicator.xlsx,finalactivitylist,26.0,incomplete_source_workbook,0.0,incomplete_source,requires_me_review,,missing_indicator_target_registry,,,,,,,,,,,,,,,,,,,,,,,,,,,,,,,evidence_a49cbe311679b2,PeaceWin,CDHPRUPUCJ1221,Conduct three days Rupantaran adult package to the parents for out of school adolescent girls enrolled in the Rupantaran sessions,,,unknown,unknown,unknown,unknown,peacewinprogramindicator.xlsx,finalactivitylist,26.0,requires_me_review,Source workbook does not provide a normalized evidence requirement field.,,,,,,,,,,,,,,,,,,,,,,,,,,,,,,,,,,,,,,,,,,,,,,,,,,,,yes,,,yes,review proposed fixes
,,,,,,,,,,,,,,,,,,,,,,,,,,,,,,,,xwalk_f76ead62570149,PeaceWin,peacewin,act_8c90f9fa50ce10,ind_8542fb7dca4c1c,CDHPUCJ1223,conduct inter generational dialogues between the out of school boys and parents of adolescent girls enrolled in rupantaran 200 senior parents and 200 adolescents boys,,indicator registry not available in source workbook,"Output 1220: Families, traditional and religious leaders, community members (girls, women, boys and men), community groups, and other influencers (e.g., youth, women, and feminist advocates) are engaged in gender-transformative dialogues, advocacy and consensus-building on alternatives to child marriage (including education), the rights of adolescent girls, and gender equality.","2100 : Increased capacity of education, health, gender-based violence prevention and response and child protection to deliver coordinated, quality programmes and services that are responsive to the needs of adolescent girls and their families in both development and humanitarian contexts",,,,2026.0,,,unknown,peacewinprogramindicator.xlsx,finalactivitylist,27.0,incomplete_source_workbook,0.0,incomplete_source,requires_me_review,,missing_indicator_target_registry,,,,,,,,,,,,,,,,,,,,,,,,,,,,,,,evidence_06055fb1d99c76,PeaceWin,CDHPUCJ1223,Conduct inter generational dialogues between the out of school boys and parents of adolescent girls enrolled in Rupantaran (200 senior parents and 200 adolescents boys),,,unknown,unknown,unknown,unknown,peacewinprogramindicator.xlsx,finalactivitylist,27.0,requires_me_review,Source workbook does not provide a normalized evidence requirement field.,,,,,,,,,,,,,,,,,,,,,,,,,,,,,,,,,,,,,,,,,,,,,,,,,,,,yes,,,yes,review proposed fixes
,,,,,,,,,,,,,,,,,,,,,,,,,,,,,,,,xwalk_0d7b32bed895d7,PeaceWin,peacewin,act_e248de6d2193d5,ind_8542fb7dca4c1c,ADVOHPUCJ3112,technical support to the provincial government for the implementation of the ecm strategy child policy two events one in jan feb,,indicator registry not available in source workbook,"Output 1220: Families, traditional and religious leaders, community members (girls, women, boys and men), community groups, and other influencers (e.g., youth, women, and feminist advocates) are engaged in gender-transformative dialogues, advocacy and consensus-building on alternatives to child marriage (including education), the rights of adolescent girls, and gender equality.","3100 Enhanced capacity of governments, local authorities and civil society organizations to coordinate and implement budgeted national, and sub-national action plans, policies and systems to end child marriage",,,,2026.0,,,unknown,peacewinprogramindicator.xlsx,finalactivitylist,28.0,incomplete_source_workbook,0.0,incomplete_source,requires_me_review,,missing_indicator_target_registry,,,,,,,,,,,,,,,,,,,,,,,,,,,,,,,evidence_ee7033d835b62e,PeaceWin,ADVOHPUCJ3112,Technical support to the provincial government for the implementation of the ECM strategy/Child Policy. Two events one in Jan/Feb,,,unknown,unknown,unknown,unknown,peacewinprogramindicator.xlsx,finalactivitylist,28.0,requires_me_review,Source workbook does not provide a normalized evidence requirement field.,,,,,,,,,,,,,,,,,,,,,,,,,,,,,,,,,,,,,,,,,,,,,,,,,,,,yes,,,yes,review proposed fixes
,,,,,,,,,,,,,,,,,,,,,,,,,,,,,,,,xwalk_c678cf3938c024,PeaceWin,peacewin,act_0fb98365c3662b,ind_8542fb7dca4c1c,ADVOHPUCJ3113,technical support to the local government for the implementation to endorsed ecm strategy in cost sharing basis with lgs 6 lgs 4 times peacewin will cover the cost of 3 times and lgs will cover the cost of 1 time of meeting worth with rs 171700 00 4 in baitadi 4 in bajhang,,indicator registry not available in source workbook,"Output 1220: Families, traditional and religious leaders, community members (girls, women, boys and men), community groups, and other influencers (e.g., youth, women, and feminist advocates) are engaged in gender-transformative dialogues, advocacy and consensus-building on alternatives to child marriage (including education), the rights of adolescent girls, and gender equality.","3100 Enhanced capacity of governments, local authorities and civil society organizations to coordinate and implement budgeted national, and sub-national action plans, policies and systems to end child marriage",,,,2026.0,,,unknown,peacewinprogramindicator.xlsx,finalactivitylist,29.0,incomplete_source_workbook,0.0,incomplete_source,requires_me_review,,missing_indicator_target_registry,,,,,,,,,,,,,,,,,,,,,,,,,,,,,,,evidence_3d0704924905d8,PeaceWin,ADVOHPUCJ3113,"Technical support to the local government for the implementation to endorsed ECM strategy in cost sharing basis with LGs. (6 LGs* 4 Times) PeaceWin will cover the cost of 3 times and LGs will cover the cost of 1 time of meeting worth with Rs. 171700.00 (4 in Baitadi, 4 in Bajhang)",,,unknown,unknown,unknown,unknown,peacewinprogramindicator.xlsx,finalactivitylist,29.0,requires_me_review,Source workbook does not provide a normalized evidence requirement field.,,,,,,,,,,,,,,,,,,,,,,,,,,,,,,,,,,,,,,,,,,,,,,,,,,,,yes,,,yes,review proposed fixes
,,,,,,,,,,,,,,,,,,,,,,,,,,,,,,,,xwalk_328ca67dd2d8be,PeaceWin,peacewin,act_25588ae6bf39bb,ind_8542fb7dca4c1c,ADVOHPUCJ3114,technical support to three local goverments in organizing local level adolescent s conference in cost sharing basis,,indicator registry not available in source workbook,"Output 1220: Families, traditional and religious leaders, community members (girls, women, boys and men), community groups, and other influencers (e.g., youth, women, and feminist advocates) are engaged in gender-transformative dialogues, advocacy and consensus-building on alternatives to child marriage (including education), the rights of adolescent girls, and gender equality.","3100 Enhanced capacity of governments, local authorities and civil society organizations to coordinate and implement budgeted national, and sub-national action plans, policies and systems to end child marriage",,,,2026.0,,,unknown,peacewinprogramindicator.xlsx,finalactivitylist,30.0,incomplete_source_workbook,0.0,incomplete_source,requires_me_review,,missing_indicator_target_registry,,,,,,,,,,,,,,,,,,,,,,,,,,,,,,,evidence_3a7d576c934daf,PeaceWin,ADVOHPUCJ3114,Technical support to three local goverments in organizing local level adolescent's conference in cost sharing basis.,,,unknown,unknown,unknown,unknown,peacewinprogramindicator.xlsx,finalactivitylist,30.0,requires_me_review,Source workbook does not provide a normalized evidence requirement field.,,,,,,,,,,,,,,,,,,,,,,,,,,,,,,,,,,,,,,,,,,,,,,,,,,,,yes,,,yes,review proposed fixes
,,,,,,,,,,,,,,,,,,,,,,,,,,,,,,,,xwalk_d05e5b3f34bb61,PeaceWin,peacewin,act_c2876eef0371af,ind_8542fb7dca4c1c,MONITORUCJ,joint monitoring government project staff and executive committee members,,indicator registry not available in source workbook,Monitoring & Evaluation,Monitoring & Evaluation,,,,2026.0,,,unknown,peacewinprogramindicator.xlsx,finalactivitylist,31.0,incomplete_source_workbook,0.0,incomplete_source,requires_me_review,,missing_indicator_target_registry,,,,,,,,,,,,,,,,,,,,,,,,,,,,,,,evidence_03d708cfb516d1,PeaceWin,MONITORUCJ,"Joint Monitoring (Government, project staff, and executive committee members)",,,unknown,unknown,unknown,unknown,peacewinprogramindicator.xlsx,finalactivitylist,31.0,requires_me_review,Source workbook does not provide a normalized evidence requirement field.,,,,,,,,,,,,,,,,,,,,,,,,,,,,,,,,,,,,,,,,,,,,,,,,,,,,yes,,,yes,review proposed fixes
,,,,,,,,,,,,,,,,,,,,,,,,,,,,,,,,xwalk_9f094a5e088408,PeaceWin,peacewin,act_c6826c7ea0f8cb,ind_8542fb7dca4c1c,ADVOKRA118,advokra118 three days of non residential training on ai including its consiquances on tfgbv and tfcm to the adolescents and youths in coordination with provincial youth council 25 participants including safe girls project areas,,indicator registry not available in source workbook,Output 1.1: Adolescent girls and young women’s agency enhanced with new skills and knowledge.,Outcome 1. The capabilities of adolescent girls and young women to act as change agents in society is increased.,,,,2026.0,,,unknown,peacewinprogramindicator.xlsx,finalactivitylist,32.0,incomplete_source_workbook,0.0,incomplete_source,requires_me_review,,missing_indicator_target_registry,,,,,,,,,,,,,,,,,,,,,,,,,,,,,,,evidence_feb645223a4393,PeaceWin,ADVOKRA118,ADVOKRA118 Three days of non-residential training on AI including its consiquances on TFGBV and TFCM to the adolescents and youths in coordination with Provincial Youth Council (25 participants including Safe Girls Project areas),,,unknown,unknown,unknown,unknown,peacewinprogramindicator.xlsx,finalactivitylist,32.0,requires_me_review,Source workbook does not provide a normalized evidence requirement field.,,,,,,,,,,,,,,,,,,,,,,,,,,,,,,,,,,,,,,,,,,,,,,,,,,,,yes,,,yes,review proposed fixes
,,,,,,,,,,,,,,,,,,,,,,,,,,,,,,,,xwalk_70801b179fd3a3,PeaceWin,peacewin,act_d1931a0556f62c,ind_8542fb7dca4c1c,ADVOKRA321,advokra321 sbgbv tfgbv tfcm capacity development of computer teachers 3 days of training 25 participants x 2 districts,,indicator registry not available in source workbook,Output 3.2: Policy support to integrate CSE in school curricula at national and sub-national level deepened.,Outcome 3 The quality and reach of comprehensive sexuality education is strengthened,,,,2026.0,,,unknown,peacewinprogramindicator.xlsx,finalactivitylist,33.0,incomplete_source_workbook,0.0,incomplete_source,requires_me_review,,missing_indicator_target_registry,,,,,,,,,,,,,,,,,,,,,,,,,,,,,,,evidence_022b0c406d5fc4,PeaceWin,ADVOKRA321,"ADVOKRA321 SBGBV, TFGBV, TFCM Capacity Development of Computer teachers (3 days of training, 25 participants x 2 Districts)",,,unknown,unknown,unknown,unknown,peacewinprogramindicator.xlsx,finalactivitylist,33.0,requires_me_review,Source workbook does not provide a normalized evidence requirement field.,,,,,,,,,,,,,,,,,,,,,,,,,,,,,,,,,,,,,,,,,,,,,,,,,,,,yes,,,yes,review proposed fixes
,,,,,,,,,,,,,,,,,,,,,,,,,,,,,,,,xwalk_a4dbec8fbbc99b,PeaceWin,peacewin,act_60ec408ecec492,ind_8542fb7dca4c1c,ADVOKRA322,advokra321 workshop on sbgbv with provincial governments including petc pded and ministry of social development one day workshop,,indicator registry not available in source workbook,Output 3.2: Policy support to integrate CSE in school curricula at national and sub-national level deepened.,Outcome 3 The quality and reach of comprehensive sexuality education is strengthened,,,,2026.0,,,unknown,peacewinprogramindicator.xlsx,finalactivitylist,34.0,incomplete_source_workbook,0.0,incomplete_source,requires_me_review,,missing_indicator_target_registry,,,,,,,,,,,,,,,,,,,,,,,,,,,,,,,evidence_9872a6ff6d6c07,PeaceWin,ADVOKRA322,"ADVOKRA321 Workshop on SBGBV with provincial governments including PETC, PDED and Ministry of Social Development (One day workshop)",,,unknown,unknown,unknown,unknown,peacewinprogramindicator.xlsx,finalactivitylist,34.0,requires_me_review,Source workbook does not provide a normalized evidence requirement field.,,,,,,,,,,,,,,,,,,,,,,,,,,,,,,,,,,,,,,,,,,,,,,,,,,,,yes,,,yes,review proposed fixes
,,,,,,,,,,,,,,,,,,,,,,,,,,,,,,,,xwalk_914759e3bebb09,PeaceWin,peacewin,act_630b1bc8e8a107,ind_8542fb7dca4c1c,CDGEWEFPA1,five days of training on tfgbv cyber crime investigation and prosecution to the police officials and prosecutors 20 focal points and public prosecuters on 9 districts,,indicator registry not available in source workbook,"Output 2: Strengthened national and subnational capacities to provide survivor-centered, multisector responses to gender-based violence and harmful practices, including child marriage, and to address discriminatory social and gender norms that limit bodily autonomy and reproductive rights, across the humanitarian and development continuum, with a focus on vulnerable and marginalized populations, including people with disabilities.","OUTCOME(S): 2. By 2027, more people, especially women, youth, children and the most marginalized increasingly participate in and benefit from equitably improved quality social services. 4. By 2027, more people, especially women, youth and the most marginalized increasingly participate in and benefit from coordinated, inclusive, participatory, transparent, and gender-responsive governance, access to justice and human rights at federal, provincial and local levels",,,,2026.0,,,unknown,peacewinprogramindicator.xlsx,finalactivitylist,35.0,incomplete_source_workbook,0.0,incomplete_source,requires_me_review,,missing_indicator_target_registry,,,,,,,,,,,,,,,,,,,,,,,,,,,,,,,evidence_5d59c1591a2d8b,PeaceWin,CDGEWEFPA1,Five days of training on TFGBV/Cyber Crime investigation and prosecution to the police officials and prosecutors (20 Focal Points and Public Prosecuters on 9 districts),,,unknown,unknown,unknown,unknown,peacewinprogramindicator.xlsx,finalactivitylist,35.0,requires_me_review,Source workbook does not provide a normalized evidence requirement field.,,,,,,,,,,,,,,,,,,,,,,,,,,,,,,,,,,,,,,,,,,,,,,,,,,,,yes,,,yes,review proposed fixes
,,,,,,,,,,,,,,,,,,,,,,,,,,,,,,,,xwalk_ffe27e06489deb,PeaceWin,peacewin,act_32ad52d3fe3a3f,ind_8542fb7dca4c1c,CDGEWEFPA11,engage with provincial youth council to strengthen youth participation in decision making bodies,,indicator registry not available in source workbook,"Output 2: Strengthened national and subnational capacities to provide survivor-centered, multisector responses to gender-based violence and harmful practices, including child marriage, and to address discriminatory social and gender norms that limit bodily autonomy and reproductive rights, across the humanitarian and development continuum, with a focus on vulnerable and marginalized populations, including people with disabilities.","OUTCOME(S): 2. By 2027, more people, especially women, youth, children and the most marginalized increasingly participate in and benefit from equitably improved quality social services. 4. By 2027, more people, especially women, youth and the most marginalized increasingly participate in and benefit from coordinated, inclusive, participatory, transparent, and gender-responsive governance, access to justice and human rights at federal, provincial and local levels",,,,2026.0,,,unknown,peacewinprogramindicator.xlsx,finalactivitylist,36.0,incomplete_source_workbook,0.0,incomplete_source,requires_me_review,,missing_indicator_target_registry,,,,,,,,,,,,,,,,,,,,,,,,,,,,,,,evidence_c4f5cff33eab1a,PeaceWin,CDGEWEFPA11,Engage with Provincial Youth Council to strengthen youth participation in decision making bodies,,,unknown,unknown,unknown,unknown,peacewinprogramindicator.xlsx,finalactivitylist,36.0,requires_me_review,Source workbook does not provide a normalized evidence requirement field.,,,,,,,,,,,,,,,,,,,,,,,,,,,,,,,,,,,,,,,,,,,,,,,,,,,,yes,,,yes,review proposed fixes
,,,,,,,,,,,,,,,,,,,,,,,,,,,,,,,,xwalk_e945dd5b5b1cce,PeaceWin,peacewin,act_9593e033118a64,ind_8542fb7dca4c1c,CDGEWEFPA12,support provincial youth council to develop local youth councils in local palika dhangadhi coordination with provincil youth council,,indicator registry not available in source workbook,"Output 2: Strengthened national and subnational capacities to provide survivor-centered, multisector responses to gender-based violence and harmful practices, including child marriage, and to address discriminatory social and gender norms that limit bodily autonomy and reproductive rights, across the humanitarian and development continuum, with a focus on vulnerable and marginalized populations, including people with disabilities.","OUTCOME(S): 2. By 2027, more people, especially women, youth, children and the most marginalized increasingly participate in and benefit from equitably improved quality social services. 4. By 2027, more people, especially women, youth and the most marginalized increasingly participate in and benefit from coordinated, inclusive, participatory, transparent, and gender-responsive governance, access to justice and human rights at federal, provincial and local levels",,,,2026.0,,,unknown,peacewinprogramindicator.xlsx,finalactivitylist,37.0,incomplete_source_workbook,0.0,incomplete_source,requires_me_review,,missing_indicator_target_registry,,,,,,,,,,,,,,,,,,,,,,,,,,,,,,,evidence_8006646abd4c85,PeaceWin,CDGEWEFPA12,Support Provincial Youth Council to develop Local Youth Councils in Local Palika (Dhangadhi) coordination with provincil youth council,,,unknown,unknown,unknown,unknown,peacewinprogramindicator.xlsx,finalactivitylist,37.0,requires_me_review,Source workbook does not provide a normalized evidence requirement field.,,,,,,,,,,,,,,,,,,,,,,,,,,,,,,,,,,,,,,,,,,,,,,,,,,,,yes,,,yes,review proposed fixes
,,,,,,,,,,,,,,,,,,,,,,,,,,,,,,,,xwalk_1089ca23d1a3ff,PeaceWin,peacewin,act_d78e92dd9ace99,ind_8542fb7dca4c1c,CDPOLFP,material and equipment support to district police office women children and senior citizen service center kailali,,indicator registry not available in source workbook,"Output 2: Strengthened national and subnational capacities to provide survivor-centered, multisector responses to gender-based violence and harmful practices, including child marriage, and to address discriminatory social and gender norms that limit bodily autonomy and reproductive rights, across the humanitarian and development continuum, with a focus on vulnerable and marginalized populations, including people with disabilities.","OUTCOME(S): 2. By 2027, more people, especially women, youth, children and the most marginalized increasingly participate in and benefit from equitably improved quality social services. 4. By 2027, more people, especially women, youth and the most marginalized increasingly participate in and benefit from coordinated, inclusive, participatory, transparent, and gender-responsive governance, access to justice and human rights at federal, provincial and local levels",,,,2026.0,,,unknown,peacewinprogramindicator.xlsx,finalactivitylist,38.0,incomplete_source_workbook,0.0,incomplete_source,requires_me_review,,missing_indicator_target_registry,,,,,,,,,,,,,,,,,,,,,,,,,,,,,,,evidence_e146ae4ddf10d3,PeaceWin,CDPOLFP,"Material and Equipment support to District Police Office-Women, Children and Senior Citizen Service Center, Kailali",,,unknown,unknown,unknown,unknown,peacewinprogramindicator.xlsx,finalactivitylist,38.0,requires_me_review,Source workbook does not provide a normalized evidence requirement field.,,,,,,,,,,,,,,,,,,,,,,,,,,,,,,,,,,,,,,,,,,,,,,,,,,,,yes,,,yes,review proposed fixes
,,,,,,,,,,,,,,,,,,,,,,,,,,,,,,,,xwalk_024bd24f9f696e,PeaceWin,peacewin,act_38bdbbebc63e7c,ind_8542fb7dca4c1c,ADVSRHR11,sub activity 1 1 conduct orientation and advocacy with elected representatives and officals of 8 municipalities on on evidence based planning budgeting and budget execution to strengthen health systems governance,,indicator registry not available in source workbook,"Output 1.1: Strengthened and supported provinces municipalities ensure that SRHR issues are incorporated, and adequate budget is allocated","Outcome 1: Strengthened laws, policies, financing, and accountability for SRHR for women and girls, particularly AY, people living with disability and the most vulnerable, at the federal level and in selected provinces municipalities in the development humanitarian continuum",,,,2026.0,,,unknown,peacewinprogramindicator.xlsx,finalactivitylist,39.0,incomplete_source_workbook,0.0,incomplete_source,requires_me_review,,missing_indicator_target_registry,,,,,,,,,,,,,,,,,,,,,,,,,,,,,,,evidence_fd5d9236295fb4,PeaceWin,ADVSRHR11,"Sub Activity- 1.1: Conduct Orientation and advocacy with elected representatives and officals of 8 municipalities on on evidence based planning, budgeting and budget execution to strengthen health systems governance",,,unknown,unknown,unknown,unknown,peacewinprogramindicator.xlsx,finalactivitylist,39.0,requires_me_review,Source workbook does not provide a normalized evidence requirement field.,,,,,,,,,,,,,,,,,,,,,,,,,,,,,,,,,,,,,,,,,,,,,,,,,,,,yes,,,yes,review proposed fixes
,,,,,,,,,,,,,,,,,,,,,,,,,,,,,,,,xwalk_ea347ff8040998,PeaceWin,peacewin,act_065440f36caaaf,ind_8542fb7dca4c1c,ADVSRHR12,sub activity 1 2 conduct project steering committee meeting with social development committee members focusing on key priority identified from different activities implemented in hfs sa hfomc and mss from 2025 linking with planning and budgeting of 2026,,indicator registry not available in source workbook,"Output 1.1: Strengthened and supported provinces municipalities ensure that SRHR issues are incorporated, and adequate budget is allocated","Outcome 1: Strengthened laws, policies, financing, and accountability for SRHR for women and girls, particularly AY, people living with disability and the most vulnerable, at the federal level and in selected provinces municipalities in the development humanitarian continuum",,,,2026.0,,,unknown,peacewinprogramindicator.xlsx,finalactivitylist,40.0,incomplete_source_workbook,0.0,incomplete_source,requires_me_review,,missing_indicator_target_registry,,,,,,,,,,,,,,,,,,,,,,,,,,,,,,,evidence_11bb2aa8d67871,PeaceWin,ADVSRHR12,"Sub Activity- 1.2: Conduct project steering committee meeting with social development committee members focusing on key priority identified from different activities implemented in HFs (SA, HFOMC and MSS) from 2025 linking with planning and budgeting of 2026",,,unknown,unknown,unknown,unknown,peacewinprogramindicator.xlsx,finalactivitylist,40.0,requires_me_review,Source workbook does not provide a normalized evidence requirement field.,,,,,,,,,,,,,,,,,,,,,,,,,,,,,,,,,,,,,,,,,,,,,,,,,,,,yes,,,yes,review proposed fixes
,,,,,,,,,,,,,,,,,,,,,,,,,,,,,,,,xwalk_b8212fc521e1b8,PeaceWin,peacewin,act_12e560641e743b,ind_8542fb7dca4c1c,ADVSRHR13,sub activity 1 3 support municiplaities to organize sharing of social audit findings with prepration of scale up plan in remaining health facilities from municipal resources 8 event 15 participants in each,,indicator registry not available in source workbook,"Output 1.1: Strengthened and supported provinces municipalities ensure that SRHR issues are incorporated, and adequate budget is allocated","Outcome 1: Strengthened laws, policies, financing, and accountability for SRHR for women and girls, particularly AY, people living with disability and the most vulnerable, at the federal level and in selected provinces municipalities in the development humanitarian continuum",,,,2026.0,,,unknown,peacewinprogramindicator.xlsx,finalactivitylist,41.0,incomplete_source_workbook,0.0,incomplete_source,requires_me_review,,missing_indicator_target_registry,,,,,,,,,,,,,,,,,,,,,,,,,,,,,,,evidence_1bd51125856294,PeaceWin,ADVSRHR13,Sub Activity- 1.3: Support municiplaities to Organize sharing of social audit findings with prepration of scale up plan in remaining health facilities from municipal resources (8 event 15 participants in each),,,unknown,unknown,unknown,unknown,peacewinprogramindicator.xlsx,finalactivitylist,41.0,requires_me_review,Source workbook does not provide a normalized evidence requirement field.,,,,,,,,,,,,,,,,,,,,,,,,,,,,,,,,,,,,,,,,,,,,,,,,,,,,yes,,,yes,review proposed fixes
,,,,,,,,,,,,,,,,,,,,,,,,,,,,,,,,xwalk_c87b56c2687e4c,PeaceWin,peacewin,act_8f8ba383c0f063,ind_8542fb7dca4c1c,ADVSRHR14,sub activity 1 4 orientation on srhr toolkit to provincial nrmin muan members provincial level event 25 30 participants,,indicator registry not available in source workbook,"Output 1.1: Strengthened and supported provinces municipalities ensure that SRHR issues are incorporated, and adequate budget is allocated","Outcome 1: Strengthened laws, policies, financing, and accountability for SRHR for women and girls, particularly AY, people living with disability and the most vulnerable, at the federal level and in selected provinces municipalities in the development humanitarian continuum",,,,2026.0,,,unknown,peacewinprogramindicator.xlsx,finalactivitylist,42.0,incomplete_source_workbook,0.0,incomplete_source,requires_me_review,,missing_indicator_target_registry,,,,,,,,,,,,,,,,,,,,,,,,,,,,,,,evidence_30ae907178cfce,PeaceWin,ADVSRHR14,"Sub Activity- 1.4: Orientation on SRHR toolkit to provincial NRMIN/MUAN members (Provincial level event,25-30 Participants)",,,unknown,unknown,unknown,unknown,peacewinprogramindicator.xlsx,finalactivitylist,42.0,requires_me_review,Source workbook does not provide a normalized evidence requirement field.,,,,,,,,,,,,,,,,,,,,,,,,,,,,,,,,,,,,,,,,,,,,,,,,,,,,yes,,,yes,review proposed fixes
,,,,,,,,,,,,,,,,,,,,,,,,,,,,,,,,xwalk_9d8f5802cc64f3,PeaceWin,peacewin,act_0e056e7861ad58,ind_8542fb7dca4c1c,ADVSRHR15,sub activity 1 5 orientation on srhr toolkit to elected representative from rhea municipalities in bajhang and bajura district level event 40 participants in each district,,indicator registry not available in source workbook,"Output 1.1: Strengthened and supported provinces municipalities ensure that SRHR issues are incorporated, and adequate budget is allocated","Outcome 1: Strengthened laws, policies, financing, and accountability for SRHR for women and girls, particularly AY, people living with disability and the most vulnerable, at the federal level and in selected provinces municipalities in the development humanitarian continuum",,,,2026.0,,,unknown,peacewinprogramindicator.xlsx,finalactivitylist,43.0,incomplete_source_workbook,0.0,incomplete_source,requires_me_review,,missing_indicator_target_registry,,,,,,,,,,,,,,,,,,,,,,,,,,,,,,,evidence_44872858eb5e70,PeaceWin,ADVSRHR15,"Sub Activity- 1.5: Orientation on SRHR toolkit to elected representative from RHEA municipalities in Bajhang and Bajura(District level event, 40 Participants in each district)",,,unknown,unknown,unknown,unknown,peacewinprogramindicator.xlsx,finalactivitylist,43.0,requires_me_review,Source workbook does not provide a normalized evidence requirement field.,,,,,,,,,,,,,,,,,,,,,,,,,,,,,,,,,,,,,,,,,,,,,,,,,,,,yes,,,yes,review proposed fixes
,,,,,,,,,,,,,,,,,,,,,,,,,,,,,,,,xwalk_efb8680c90ab20,PeaceWin,peacewin,act_ee2dc42c1d58d8,ind_8542fb7dca4c1c,CDSRHR21,sub activity 2 1 support to provide follow up and monitoring visit to selected hfs to provide coaching and mentoring with specific focus on adolescent friendly srh service delivery 4 hf in each district 8hfs,,indicator registry not available in source workbook,"Output 1.1: Strengthened and supported provinces municipalities ensure that SRHR issues are incorporated, and adequate budget is allocated","Outcome 1: Strengthened laws, policies, financing, and accountability for SRHR for women and girls, particularly AY, people living with disability and the most vulnerable, at the federal level and in selected provinces municipalities in the development humanitarian continuum",,,,2026.0,,,unknown,peacewinprogramindicator.xlsx,finalactivitylist,44.0,incomplete_source_workbook,0.0,incomplete_source,requires_me_review,,missing_indicator_target_registry,,,,,,,,,,,,,,,,,,,,,,,,,,,,,,,evidence_e980ad1530d204,PeaceWin,CDSRHR21,Sub Activity-2.1: Support to provide follow up and monitoring visit to selected HFs to provide coaching and mentoring with specific focus on adolescent friendly SRH service delivery (4 HF in each District=8HFs),,,unknown,unknown,unknown,unknown,peacewinprogramindicator.xlsx,finalactivitylist,44.0,requires_me_review,Source workbook does not provide a normalized evidence requirement field.,,,,,,,,,,,,,,,,,,,,,,,,,,,,,,,,,,,,,,,,,,,,,,,,,,,,yes,,,yes,review proposed fixes
,,,,,,,,,,,,,,,,,,,,,,,,,,,,,,,,xwalk_1eacf789904222,PeaceWin,peacewin,act_0d8a01b178b508,ind_8542fb7dca4c1c,CDSRHR22,sub activity 2 2 support to organize jont monitoring visit to hfs which received the support on hfomc mss sa in previous years with specific focus to review the implementation status of action points and service delivery status on cervical cancer screening sa before the sdc meeting at municipality 5 hf in each district 10hfs,,indicator registry not available in source workbook,"Output 1.1: Strengthened and supported provinces municipalities ensure that SRHR issues are incorporated, and adequate budget is allocated","Outcome 1: Strengthened laws, policies, financing, and accountability for SRHR for women and girls, particularly AY, people living with disability and the most vulnerable, at the federal level and in selected provinces municipalities in the development humanitarian continuum",,,,2026.0,,,unknown,peacewinprogramindicator.xlsx,finalactivitylist,45.0,incomplete_source_workbook,0.0,incomplete_source,requires_me_review,,missing_indicator_target_registry,,,,,,,,,,,,,,,,,,,,,,,,,,,,,,,evidence_1fe61e51890cd8,PeaceWin,CDSRHR22,"Sub Activity-2.2: Support to organize jont monitoring visit to HFs which received the support on HFOMC/MSS/SA in previous years with specific focus to review the implementation status of action points and service delivery status on Cervical cancer screening, SA before the SDC meeting at Municipality ( 5 HF in each District=10HFs)",,,unknown,unknown,unknown,unknown,peacewinprogramindicator.xlsx,finalactivitylist,45.0,requires_me_review,Source workbook does not provide a normalized evidence requirement field.,,,,,,,,,,,,,,,,,,,,,,,,,,,,,,,,,,,,,,,,,,,,,,,,,,,,yes,,,yes,review proposed fixes
,,,,,,,,,,,,,,,,,,,,,,,,,,,,,,,,xwalk_91a8e50394820c,PeaceWin,peacewin,act_9bfddb76e59314,ind_8542fb7dca4c1c,CDSRHR23,sub activity 2 3 facilitate an exchange visit between municipalities for demonstration of waste management sites established in 2025 and the replication of models 1 event in each districts 30 partcipants 6 7 per palika mayor d mayor hc sdc chair hfomc chair hp,,indicator registry not available in source workbook,"Output 1.1: Strengthened and supported provinces municipalities ensure that SRHR issues are incorporated, and adequate budget is allocated","Outcome 1: Strengthened laws, policies, financing, and accountability for SRHR for women and girls, particularly AY, people living with disability and the most vulnerable, at the federal level and in selected provinces municipalities in the development humanitarian continuum",,,,2026.0,,,unknown,peacewinprogramindicator.xlsx,finalactivitylist,46.0,incomplete_source_workbook,0.0,incomplete_source,requires_me_review,,missing_indicator_target_registry,,,,,,,,,,,,,,,,,,,,,,,,,,,,,,,evidence_2d91b1868909dc,PeaceWin,CDSRHR23,"Sub Activity-2.3: Facilitate an exchange visit between municipalities for demonstration of waste management sites established in 2025 and the replication of models [1 event in each Districts- 30 partcipants ( 6-7 per palika-Mayor/D Mayor, HC, SDC Chair, HFOMC chair-HP)",,,unknown,unknown,unknown,unknown,peacewinprogramindicator.xlsx,finalactivitylist,46.0,requires_me_review,Source workbook does not provide a normalized evidence requirement field.,,,,,,,,,,,,,,,,,,,,,,,,,,,,,,,,,,,,,,,,,,,,,,,,,,,,yes,,,yes,review proposed fixes
,,,,,,,,,,,,,,,,,,,,,,,,,,,,,,,,xwalk_10a12ad60f835b,PeaceWin,peacewin,act_95905051b969a7,ind_8542fb7dca4c1c,CCDSRHR24,sub activity 2 4 support health office to scale up of pam v2 at health failities of bajhang to ensure proper recording and reporting strengthening the scm to ensure availability of fp rh commodities for continiue srhr service delivery 120 participants 5 batch,,indicator registry not available in source workbook,"Output 1.1: Strengthened and supported provinces municipalities ensure that SRHR issues are incorporated, and adequate budget is allocated","Outcome 1: Strengthened laws, policies, financing, and accountability for SRHR for women and girls, particularly AY, people living with disability and the most vulnerable, at the federal level and in selected provinces municipalities in the development humanitarian continuum",,,,2026.0,,,unknown,peacewinprogramindicator.xlsx,finalactivitylist,47.0,incomplete_source_workbook,0.0,incomplete_source,requires_me_review,,missing_indicator_target_registry,,,,,,,,,,,,,,,,,,,,,,,,,,,,,,,evidence_a2947873a61987,PeaceWin,CCDSRHR24,"Sub Activity-2.4: Support Health Office to scale up of PAM-V2 at health failities of Bajhang to ensure proper recording and reporting, strengthening the SCM to ensure availability of FP/RH commodities for continiue SRHR service delivery. (120 Participants 5 batch)",,,unknown,unknown,unknown,unknown,peacewinprogramindicator.xlsx,finalactivitylist,47.0,requires_me_review,Source workbook does not provide a normalized evidence requirement field.,,,,,,,,,,,,,,,,,,,,,,,,,,,,,,,,,,,,,,,,,,,,,,,,,,,,yes,,,yes,review proposed fixes
,,,,,,,,,,,,,,,,,,,,,,,,,,,,,,,,xwalk_45612acec299ab,PeaceWin,peacewin,act_6e3566632818d2,ind_8542fb7dca4c1c,ADVCSE31,sub activity 3 1 one day review and reflection of afic established in 2024 including nursing staff of the hfs near by afic to strengthen the quaity of afic and linkages between afic and hfs with specific focus on fp srh 1 event in each district 30 participants in each afic focal teacher nursing staff near by hfs and student,,indicator registry not available in source workbook,"Output 1.1: Strengthened and supported provinces municipalities ensure that SRHR issues are incorporated, and adequate budget is allocated","Outcome 1: Strengthened laws, policies, financing, and accountability for SRHR for women and girls, particularly AY, people living with disability and the most vulnerable, at the federal level and in selected provinces municipalities in the development humanitarian continuum",,,,2026.0,,,unknown,peacewinprogramindicator.xlsx,finalactivitylist,48.0,incomplete_source_workbook,0.0,incomplete_source,requires_me_review,,missing_indicator_target_registry,,,,,,,,,,,,,,,,,,,,,,,,,,,,,,,evidence_16ad26c73a0eb2,PeaceWin,ADVCSE31,"Sub_Activity- 3.1: one day review and reflection of AFIC established in 2024 including nursing staff of the HFs near by AFIC to strengthen the quaity of AFIC and linkages between AFIC and HFs with specific focus on FP/SRH ( 1 event in each District- 30 Participants in each- (AFIC focal teacher, nursing staff near by HFs and student)",,,unknown,unknown,unknown,unknown,peacewinprogramindicator.xlsx,finalactivitylist,48.0,requires_me_review,Source workbook does not provide a normalized evidence requirement field.,,,,,,,,,,,,,,,,,,,,,,,,,,,,,,,,,,,,,,,,,,,,,,,,,,,,yes,,,yes,review proposed fixes
,,,,,,,,,,,,,,,,,,,,,,,,,,,,,,,,xwalk_ec657ae7e7c306,PeaceWin,peacewin,act_b0327ba2d6eb84,ind_8542fb7dca4c1c,MONITORRH1,joint monitoring government project staff and executive committee members,,indicator registry not available in source workbook,"Output 1.1: Strengthened and supported provinces municipalities ensure that SRHR issues are incorporated, and adequate budget is allocated","Outcome 1: Strengthened laws, policies, financing, and accountability for SRHR for women and girls, particularly AY, people living with disability and the most vulnerable, at the federal level and in selected provinces municipalities in the development humanitarian continuum",,,,2026.0,,,unknown,peacewinprogramindicator.xlsx,finalactivitylist,49.0,incomplete_source_workbook,0.0,incomplete_source,requires_me_review,,missing_indicator_target_registry,,,,,,,,,,,,,,,,,,,,,,,,,,,,,,,evidence_552620abdcd8c3,PeaceWin,MONITORRH1,"Joint Monitoring (Government, project staff, and executive committee members).",,,unknown,unknown,unknown,unknown,peacewinprogramindicator.xlsx,finalactivitylist,49.0,requires_me_review,Source workbook does not provide a normalized evidence requirement field.,,,,,,,,,,,,,,,,,,,,,,,,,,,,,,,,,,,,,,,,,,,,,,,,,,,,yes,,,yes,review proposed fixes
,,,,,,,,,,,,,,,,,,,,,,,,,,,,,,,,xwalk_c424e662f02a9f,PeaceWin,peacewin,act_22b51587e3d505,ind_8542fb7dca4c1c,CDMNH11,sub activity 1 1 support one day emergency obstetric care eoc mpdsr review and referral coordination workshop district level event in kailali and kanchanpur 35 participant from beonc and selected high high volume bcs,,indicator registry not available in source workbook,"Output 1.1: Strengthened and supported provinces municipalities ensure that SRHR issues are incorporated, and adequate budget is allocated","Outcome 1: Strengthened laws, policies, financing, and accountability for SRHR for women and girls, particularly AY, people living with disability and the most vulnerable, at the federal level and in selected provinces municipalities in the development humanitarian continuum",,,,2026.0,,,unknown,peacewinprogramindicator.xlsx,finalactivitylist,50.0,incomplete_source_workbook,0.0,incomplete_source,requires_me_review,,missing_indicator_target_registry,,,,,,,,,,,,,,,,,,,,,,,,,,,,,,,evidence_72252f538687db,PeaceWin,CDMNH11,Sub-Activity- 1.1: Support one day emergency obstetric care (EOC/MPDSR) review and referral coordination workshop - District level event in Kailali and Kanchanpur -35 Participant from BEONC and selected high high volume BCs,,,unknown,unknown,unknown,unknown,peacewinprogramindicator.xlsx,finalactivitylist,50.0,requires_me_review,Source workbook does not provide a normalized evidence requirement field.,,,,,,,,,,,,,,,,,,,,,,,,,,,,,,,,,,,,,,,,,,,,,,,,,,,,yes,,,yes,review proposed fixes
,,,,,,,,,,,,,,,,,,,,,,,,,,,,,,,,xwalk_1d5f3b5a85522d,PeaceWin,peacewin,act_452d42fceb8141,ind_8542fb7dca4c1c,CDMNH12,sub activity 1 2 review and technical update on safe abortion cervical cancer fp ppfp sti to service providers from high volume health facilities in bajhang and bajura with involvement of trainer from training sites 2 days event 2 event 30 participants in each,,indicator registry not available in source workbook,"Output 1.1: Strengthened and supported provinces municipalities ensure that SRHR issues are incorporated, and adequate budget is allocated","Outcome 1: Strengthened laws, policies, financing, and accountability for SRHR for women and girls, particularly AY, people living with disability and the most vulnerable, at the federal level and in selected provinces municipalities in the development humanitarian continuum",,,,2026.0,,,unknown,peacewinprogramindicator.xlsx,finalactivitylist,51.0,incomplete_source_workbook,0.0,incomplete_source,requires_me_review,,missing_indicator_target_registry,,,,,,,,,,,,,,,,,,,,,,,,,,,,,,,evidence_d945fbcc064b05,PeaceWin,CDMNH12,"Sub Activity- 1.2: Review and technical update on Safe Abortion, cervical cancer FP-PPFP, STI to service providers from high volume health facilities in Bajhang and Bajura with involvement of trainer from training sites (2 days event -2 event 30 participants in each)",,,unknown,unknown,unknown,unknown,peacewinprogramindicator.xlsx,finalactivitylist,51.0,requires_me_review,Source workbook does not provide a normalized evidence requirement field.,,,,,,,,,,,,,,,,,,,,,,,,,,,,,,,,,,,,,,,,,,,,,,,,,,,,yes,,,yes,review proposed fixes
,,,,,,,,,,,,,,,,,,,,,,,,,,,,,,,,xwalk_9d1560c55c7872,PeaceWin,peacewin,act_80573ae78fcb4e,ind_8542fb7dca4c1c,CDMNH13,sub activity 1 3 training on disability inclusive and respectful maternity care for staff from selected hospitals of sudurpaschim 20 participants at province nursing maternity incharge phtc,,indicator registry not available in source workbook,"Output 1.1: Strengthened and supported provinces municipalities ensure that SRHR issues are incorporated, and adequate budget is allocated","Outcome 1: Strengthened laws, policies, financing, and accountability for SRHR for women and girls, particularly AY, people living with disability and the most vulnerable, at the federal level and in selected provinces municipalities in the development humanitarian continuum",,,,2026.0,,,unknown,peacewinprogramindicator.xlsx,finalactivitylist,52.0,incomplete_source_workbook,0.0,incomplete_source,requires_me_review,,missing_indicator_target_registry,,,,,,,,,,,,,,,,,,,,,,,,,,,,,,,evidence_d2ba23fa5297a9,PeaceWin,CDMNH13,Sub Activity- 1.3: Training on Disability inclusive and respectful maternity care for staff from selected hospitals of sudurpaschim ( 20 Participants -at province)- Nursing/Maternity incharge/PHTC,,,unknown,unknown,unknown,unknown,peacewinprogramindicator.xlsx,finalactivitylist,52.0,requires_me_review,Source workbook does not provide a normalized evidence requirement field.,,,,,,,,,,,,,,,,,,,,,,,,,,,,,,,,,,,,,,,,,,,,,,,,,,,,yes,,,yes,review proposed fixes
,,,,,,,,,,,,,,,,,,,,,,,,,,,,,,,,xwalk_f290ce97c6ecc8,PeaceWin,peacewin,act_cff8f7ac2c82ce,ind_8542fb7dca4c1c,CDRHMNH14,sub activity 1 4 training on trainer tot on rh intigrated rh morbidity 3 days 20 partcipants from health office provicional health training centre and selected hospital,,indicator registry not available in source workbook,"Output 1.1: Strengthened and supported provinces municipalities ensure that SRHR issues are incorporated, and adequate budget is allocated","Outcome 1: Strengthened laws, policies, financing, and accountability for SRHR for women and girls, particularly AY, people living with disability and the most vulnerable, at the federal level and in selected provinces municipalities in the development humanitarian continuum",,,,2026.0,,,unknown,peacewinprogramindicator.xlsx,finalactivitylist,53.0,incomplete_source_workbook,0.0,incomplete_source,requires_me_review,,missing_indicator_target_registry,,,,,,,,,,,,,,,,,,,,,,,,,,,,,,,evidence_ba3d619f6a1ae6,PeaceWin,CDRHMNH14,"Sub Activity- 1.4: Training on Trainer (TOT) on RH intigrated RH morbidity- 3 days 20 partcipants from health office, provicional health training centre and selected hospital",,,unknown,unknown,unknown,unknown,peacewinprogramindicator.xlsx,finalactivitylist,53.0,requires_me_review,Source workbook does not provide a normalized evidence requirement field.,,,,,,,,,,,,,,,,,,,,,,,,,,,,,,,,,,,,,,,,,,,,,,,,,,,,yes,,,yes,review proposed fixes
,,,,,,,,,,,,,,,,,,,,,,,,,,,,,,,,xwalk_06d6d0becf08fe,PeaceWin,peacewin,act_c97c39bd86e8ab,ind_8542fb7dca4c1c,CDMNH15,sub activity 1 5 support mosd to organize referral coordintation meeting focusing on mpdsr and emergency obstretic care partcipants from selected referral hospitals of kailali and kanchanpur 40 participants at province,,indicator registry not available in source workbook,"Output 1.1: Strengthened and supported provinces municipalities ensure that SRHR issues are incorporated, and adequate budget is allocated","Outcome 1: Strengthened laws, policies, financing, and accountability for SRHR for women and girls, particularly AY, people living with disability and the most vulnerable, at the federal level and in selected provinces municipalities in the development humanitarian continuum",,,,2026.0,,,unknown,peacewinprogramindicator.xlsx,finalactivitylist,54.0,incomplete_source_workbook,0.0,incomplete_source,requires_me_review,,missing_indicator_target_registry,,,,,,,,,,,,,,,,,,,,,,,,,,,,,,,evidence_9c7345555d1fb9,PeaceWin,CDMNH15,Sub Activity- 1.5: Support MOSD to organize referral coordintation meeting focusing on MPDSR and emergency obstretic care partcipants from selected referral hospitals of Kailali and Kanchanpur ( 40 Participants -at province),,,unknown,unknown,unknown,unknown,peacewinprogramindicator.xlsx,finalactivitylist,54.0,requires_me_review,Source workbook does not provide a normalized evidence requirement field.,,,,,,,,,,,,,,,,,,,,,,,,,,,,,,,,,,,,,,,,,,,,,,,,,,,,yes,,,yes,review proposed fixes
,,,,,,,,,,,,,,,,,,,,,,,,,,,,,,,,xwalk_d83d4839a2d337,PeaceWin,peacewin,act_f24ba3cfafc896,ind_8542fb7dca4c1c,MONITORRH2,joint monitoring government project staff and executive committee members,,indicator registry not available in source workbook,"Output 1.1: Strengthened and supported provinces municipalities ensure that SRHR issues are incorporated, and adequate budget is allocated","Outcome 1: Strengthened laws, policies, financing, and accountability for SRHR for women and girls, particularly AY, people living with disability and the most vulnerable, at the federal level and in selected provinces municipalities in the development humanitarian continuum",,,,2026.0,,,unknown,peacewinprogramindicator.xlsx,finalactivitylist,55.0,incomplete_source_workbook,0.0,incomplete_source,requires_me_review,,missing_indicator_target_registry,,,,,,,,,,,,,,,,,,,,,,,,,,,,,,,evidence_e3b79317dac5d3,PeaceWin,MONITORRH2,"Joint Monitoring (Government, project staff, and executive committee members).",,,unknown,unknown,unknown,unknown,peacewinprogramindicator.xlsx,finalactivitylist,55.0,requires_me_review,Source workbook does not provide a normalized evidence requirement field.,,,,,,,,,,,,,,,,,,,,,,,,,,,,,,,,,,,,,,,,,,,,,,,,,,,,yes,,,yes,review proposed fixes
,,,,,,,,,,,,,,,,,,,,,,,,,,,,,,,,xwalk_2e612cde744506,PeaceWin,peacewin,act_82c84b18a670bb,ind_8542fb7dca4c1c,ADVSRHR111,advsrhr1 support provincial government to disseminate the findings from emonc prioritization workshop to strengthen the emonc service delivery,,indicator registry not available in source workbook,"Output 1.1: Strengthened and supported provinces municipalities ensure that SRHR issues are incorporated, and adequate budget is allocated","Outcome 1: Strengthened laws, policies, financing, and accountability for SRHR for women and girls, particularly AY, people living with disability and the most vulnerable, at the federal level and in selected provinces municipalities in the development humanitarian continuum",,,,2026.0,,,unknown,peacewinprogramindicator.xlsx,finalactivitylist,56.0,incomplete_source_workbook,0.0,incomplete_source,requires_me_review,,missing_indicator_target_registry,,,,,,,,,,,,,,,,,,,,,,,,,,,,,,,evidence_57fa1f2ef7e794,PeaceWin,ADVSRHR111,ADVSRHR1 Support provincial government to disseminate the findings from EMONC prioritization workshop to strengthen the EMONC service delivery.,,,unknown,unknown,unknown,unknown,peacewinprogramindicator.xlsx,finalactivitylist,56.0,requires_me_review,Source workbook does not provide a normalized evidence requirement field.,,,,,,,,,,,,,,,,,,,,,,,,,,,,,,,,,,,,,,,,,,,,,,,,,,,,yes,,,yes,review proposed fixes
,,,,,,,,,,,,,,,,,,,,,,,,,,,,,,,,xwalk_f7a7a8d2953561,PeaceWin,peacewin,act_2a53665ed31484,ind_8542fb7dca4c1c,ADVSRHR2,advsrhr2 dialogue and interaction among government stakeholders and people living with disability lgbtiq including relevant stakeholder to ensure adequate consideration of policy and programme on sexual and reproductive health needs and right including during humanitarian situation to promote accountability towards their right and need 35 participant facilitation support from nfdn and lgbtiq community,,indicator registry not available in source workbook,"Output 1.1: Strengthened and supported provinces municipalities ensure that SRHR issues are incorporated, and adequate budget is allocated","Outcome 1: Strengthened laws, policies, financing, and accountability for SRHR for women and girls, particularly AY, people living with disability and the most vulnerable, at the federal level and in selected provinces municipalities in the development humanitarian continuum",,,,2026.0,,,unknown,peacewinprogramindicator.xlsx,finalactivitylist,57.0,incomplete_source_workbook,0.0,incomplete_source,requires_me_review,,missing_indicator_target_registry,,,,,,,,,,,,,,,,,,,,,,,,,,,,,,,evidence_41eb69605b4bb9,PeaceWin,ADVSRHR2,"ADVSRHR2 Dialogue and interaction among government stakeholders and people living with disability /LGBTIQ including relevant stakeholder to ensure adequate consideration of policy and programme on sexual and reproductive health needs and right including during humanitarian situation to promote accountability towards their right and need (35 Participant, facilitation support from NFDN and LGBTIQ community",,,unknown,unknown,unknown,unknown,peacewinprogramindicator.xlsx,finalactivitylist,57.0,requires_me_review,Source workbook does not provide a normalized evidence requirement field.,,,,,,,,,,,,,,,,,,,,,,,,,,,,,,,,,,,,,,,,,,,,,,,,,,,,yes,,,yes,review proposed fixes
,,,,,,,,,,,,,,,,,,,,,,,,,,,,,,,,xwalk_883156d9d58ae5,PeaceWin,peacewin,act_7ce8db0984ade7,ind_8542fb7dca4c1c,CDSRHR311,cdsrhr3 organize orientation to male adolscents boys and male parents on family planning and safe motherhood high risk pregnancy and danger signs fp emergency contraceptives 10 events near by the high volumn birthing centres 30 participants in each,,indicator registry not available in source workbook,"Output 1.1: Strengthened and supported provinces municipalities ensure that SRHR issues are incorporated, and adequate budget is allocated","Outcome 1: Strengthened laws, policies, financing, and accountability for SRHR for women and girls, particularly AY, people living with disability and the most vulnerable, at the federal level and in selected provinces municipalities in the development humanitarian continuum",,,,2026.0,,,unknown,peacewinprogramindicator.xlsx,finalactivitylist,58.0,incomplete_source_workbook,0.0,incomplete_source,requires_me_review,,missing_indicator_target_registry,,,,,,,,,,,,,,,,,,,,,,,,,,,,,,,evidence_c9b71a3950c7a3,PeaceWin,CDSRHR311,"CDSRHR3 Organize orientation to male (adolscents boys and Male parents) on family planning and safe motherhood (high-risk pregnancy and danger signs,FP/emergency contraceptives)- 10 events (near by the high volumn birthing centres) 30 Participants in each",,,unknown,unknown,unknown,unknown,peacewinprogramindicator.xlsx,finalactivitylist,58.0,requires_me_review,Source workbook does not provide a normalized evidence requirement field.,,,,,,,,,,,,,,,,,,,,,,,,,,,,,,,,,,,,,,,,,,,,,,,,,,,,yes,,,yes,review proposed fixes
,,,,,,,,,,,,,,,,,,,,,,,,,,,,,,,,xwalk_320d632eb0e17a,PeaceWin,peacewin,act_fcb025b1011ca1,ind_8542fb7dca4c1c,ADVHF11,sub activity 1 1 pre planning workshop with executive member and municipal official to ensure evidence based planning and budgeting on fp scm 1 day event lg level accham and baitadi 30 participants each palika 5,,indicator registry not available in source workbook,"Output 1.1: Strengthened and supported provinces municipalities ensure that SRHR issues are incorporated, and adequate budget is allocated","Outcome 1: Strengthened laws, policies, financing, and accountability for SRHR for women and girls, particularly AY, people living with disability and the most vulnerable, at the federal level and in selected provinces municipalities in the development humanitarian continuum",,,,2026.0,,,unknown,peacewinprogramindicator.xlsx,finalactivitylist,59.0,incomplete_source_workbook,0.0,incomplete_source,requires_me_review,,missing_indicator_target_registry,,,,,,,,,,,,,,,,,,,,,,,,,,,,,,,evidence_bcb3179cf03c6e,PeaceWin,ADVHF11,"Sub Activity 1.1: Pre-planning workshop with executive member and municipal official to ensure evidence based planning and budgeting on FP/SCM ( 1 day event, LG Level-Accham and Baitadi) 30 Participants each Palika*5",,,unknown,unknown,unknown,unknown,peacewinprogramindicator.xlsx,finalactivitylist,59.0,requires_me_review,Source workbook does not provide a normalized evidence requirement field.,,,,,,,,,,,,,,,,,,,,,,,,,,,,,,,,,,,,,,,,,,,,,,,,,,,,yes,,,yes,review proposed fixes
,,,,,,,,,,,,,,,,,,,,,,,,,,,,,,,,xwalk_17fb175a497e81,PeaceWin,peacewin,act_ce2773a0020de7,ind_8542fb7dca4c1c,ADVHF12,sub activity 1 2 support health directorate to organize fp rh focused review and planning meeting including representative from private sector provider province level event partcipants from health office and private institution,,indicator registry not available in source workbook,"Output 1.1: Strengthened and supported provinces municipalities ensure that SRHR issues are incorporated, and adequate budget is allocated","Outcome 1: Strengthened laws, policies, financing, and accountability for SRHR for women and girls, particularly AY, people living with disability and the most vulnerable, at the federal level and in selected provinces municipalities in the development humanitarian continuum",,,,2026.0,,,unknown,peacewinprogramindicator.xlsx,finalactivitylist,60.0,incomplete_source_workbook,0.0,incomplete_source,requires_me_review,,missing_indicator_target_registry,,,,,,,,,,,,,,,,,,,,,,,,,,,,,,,evidence_ba2f6f613081f5,PeaceWin,ADVHF12,Sub Activity- 1.2: Support health directorate to organize FP/RH focused review and planning meeting including representative from private sector provider ( Province level event partcipants from health office and private institution),,,unknown,unknown,unknown,unknown,peacewinprogramindicator.xlsx,finalactivitylist,60.0,requires_me_review,Source workbook does not provide a normalized evidence requirement field.,,,,,,,,,,,,,,,,,,,,,,,,,,,,,,,,,,,,,,,,,,,,,,,,,,,,yes,,,yes,review proposed fixes
,,,,,,,,,,,,,,,,,,,,,,,,,,,,,,,,xwalk_ed64e86ec44717,PeaceWin,peacewin,act_48d3a2622abba3,ind_8542fb7dca4c1c,ADVHF13,sub activity 1 3 support to functionalize srhr fp coordination mechanism rhcc to create program enabling environment and resource mobilization 1 event in each kailali and kanchanpur district level event 30 participant in each including rh focal person from lg,,indicator registry not available in source workbook,"Output 1.1: Strengthened and supported provinces municipalities ensure that SRHR issues are incorporated, and adequate budget is allocated","Outcome 1: Strengthened laws, policies, financing, and accountability for SRHR for women and girls, particularly AY, people living with disability and the most vulnerable, at the federal level and in selected provinces municipalities in the development humanitarian continuum",,,,2026.0,,,unknown,peacewinprogramindicator.xlsx,finalactivitylist,61.0,incomplete_source_workbook,0.0,incomplete_source,requires_me_review,,missing_indicator_target_registry,,,,,,,,,,,,,,,,,,,,,,,,,,,,,,,evidence_464aad1ccfaf1a,PeaceWin,ADVHF13,Sub Activity 1.3: Support to functionalize SRHR/FP coordination mechanism (RHCC) to create program enabling environment and resource mobilization. (1 event in each Kailali and Kanchanpur-District Level event- 30 participant in each including RH focal person from LG),,,unknown,unknown,unknown,unknown,peacewinprogramindicator.xlsx,finalactivitylist,61.0,requires_me_review,Source workbook does not provide a normalized evidence requirement field.,,,,,,,,,,,,,,,,,,,,,,,,,,,,,,,,,,,,,,,,,,,,,,,,,,,,yes,,,yes,review proposed fixes
,,,,,,,,,,,,,,,,,,,,,,,,,,,,,,,,xwalk_d4cda17c234198,PeaceWin,peacewin,act_7d5c7491f9c284,ind_8542fb7dca4c1c,ADVHF14,sub activity 1 4 fp rh review workshop including fp rh commodities security identify the key issues and gaps and prepare action points to be considered in programme and planning 2 days district level events in kailali and kanchanpur 30 participants in each events 2 participants from each lg ho and distrct hospital and phd,,indicator registry not available in source workbook,"Output 1.1: Strengthened and supported provinces municipalities ensure that SRHR issues are incorporated, and adequate budget is allocated","Outcome 1: Strengthened laws, policies, financing, and accountability for SRHR for women and girls, particularly AY, people living with disability and the most vulnerable, at the federal level and in selected provinces municipalities in the development humanitarian continuum",,,,2026.0,,,unknown,peacewinprogramindicator.xlsx,finalactivitylist,62.0,incomplete_source_workbook,0.0,incomplete_source,requires_me_review,,missing_indicator_target_registry,,,,,,,,,,,,,,,,,,,,,,,,,,,,,,,evidence_c36d2fc502a6ad,PeaceWin,ADVHF14,"Sub Activity-1.4: FP/RH review workshop including FP/RH commodities security- identify the key issues and gaps and prepare action points to be considered in programme and planning- 2 days , District level events in Kailali and Kanchanpur (30 Participants in each events)- 2 participants from each LG, HO and Distrct Hospital and PHD",,,unknown,unknown,unknown,unknown,peacewinprogramindicator.xlsx,finalactivitylist,62.0,requires_me_review,Source workbook does not provide a normalized evidence requirement field.,,,,,,,,,,,,,,,,,,,,,,,,,,,,,,,,,,,,,,,,,,,,,,,,,,,,yes,,,yes,review proposed fixes
,,,,,,,,,,,,,,,,,,,,,,,,,,,,,,,,xwalk_6ab1ade2e98ac2,PeaceWin,peacewin,act_9c38f44fd31bf3,ind_8542fb7dca4c1c,CDSCM21,sub activity 2 1 2 days forecasting and quantification training to health coordinator and store focal person from each llg of kanchanpur,,indicator registry not available in source workbook,"Output 1.1: Strengthened and supported provinces municipalities ensure that SRHR issues are incorporated, and adequate budget is allocated","Outcome 1: Strengthened laws, policies, financing, and accountability for SRHR for women and girls, particularly AY, people living with disability and the most vulnerable, at the federal level and in selected provinces municipalities in the development humanitarian continuum",,,,2026.0,,,unknown,peacewinprogramindicator.xlsx,finalactivitylist,63.0,incomplete_source_workbook,0.0,incomplete_source,requires_me_review,,missing_indicator_target_registry,,,,,,,,,,,,,,,,,,,,,,,,,,,,,,,evidence_257e291e7b18c7,PeaceWin,CDSCM21,Sub Activity- 2.1: 2 days Forecasting and Quantification Training to Health Coordinator & Store focal person from each LLG of Kanchanpur,,,unknown,unknown,unknown,unknown,peacewinprogramindicator.xlsx,finalactivitylist,63.0,requires_me_review,Source workbook does not provide a normalized evidence requirement field.,,,,,,,,,,,,,,,,,,,,,,,,,,,,,,,,,,,,,,,,,,,,,,,,,,,,yes,,,yes,review proposed fixes
,,,,,,,,,,,,,,,,,,,,,,,,,,,,,,,,xwalk_683e12218dd69b,PeaceWin,peacewin,act_2ca500599e4dc2,ind_8542fb7dca4c1c,CDSCM22,sub activity 2 2 training of trainer tot on pams v2 to participant from district store and and hospitals provincial level events 20 participants,,indicator registry not available in source workbook,"Output 1.1: Strengthened and supported provinces municipalities ensure that SRHR issues are incorporated, and adequate budget is allocated","Outcome 1: Strengthened laws, policies, financing, and accountability for SRHR for women and girls, particularly AY, people living with disability and the most vulnerable, at the federal level and in selected provinces municipalities in the development humanitarian continuum",,,,2026.0,,,unknown,peacewinprogramindicator.xlsx,finalactivitylist,64.0,incomplete_source_workbook,0.0,incomplete_source,requires_me_review,,missing_indicator_target_registry,,,,,,,,,,,,,,,,,,,,,,,,,,,,,,,evidence_507ff152b54673,PeaceWin,CDSCM22,Sub Activity-2.2: Training of Trainer (ToT) on PAMS_V2 to participant from District Store and and Hospitals (provincial level events -20 Participants),,,unknown,unknown,unknown,unknown,peacewinprogramindicator.xlsx,finalactivitylist,64.0,requires_me_review,Source workbook does not provide a normalized evidence requirement field.,,,,,,,,,,,,,,,,,,,,,,,,,,,,,,,,,,,,,,,,,,,,,,,,,,,,yes,,,yes,review proposed fixes
,,,,,,,,,,,,,,,,,,,,,,,,,,,,,,,,xwalk_b1f32985693acc,PeaceWin,peacewin,act_0dc79f5f285542,ind_8542fb7dca4c1c,CDSCM23,sub activity 2 3 training on pams v2 for coordinator store focal persons of lg bajura 2 days 18 particiants,,indicator registry not available in source workbook,"Output 1.1: Strengthened and supported provinces municipalities ensure that SRHR issues are incorporated, and adequate budget is allocated","Outcome 1: Strengthened laws, policies, financing, and accountability for SRHR for women and girls, particularly AY, people living with disability and the most vulnerable, at the federal level and in selected provinces municipalities in the development humanitarian continuum",,,,2026.0,,,unknown,peacewinprogramindicator.xlsx,finalactivitylist,65.0,incomplete_source_workbook,0.0,incomplete_source,requires_me_review,,missing_indicator_target_registry,,,,,,,,,,,,,,,,,,,,,,,,,,,,,,,evidence_dd11d33753995b,PeaceWin,CDSCM23,Sub Activity-2.3: Training on PAMS-V2 for Coordinator/Store focal persons of LG-Bajura-2 days- 18 Particiants,,,unknown,unknown,unknown,unknown,peacewinprogramindicator.xlsx,finalactivitylist,65.0,requires_me_review,Source workbook does not provide a normalized evidence requirement field.,,,,,,,,,,,,,,,,,,,,,,,,,,,,,,,,,,,,,,,,,,,,,,,,,,,,yes,,,yes,review proposed fixes
,,,,,,,,,,,,,,,,,,,,,,,,,,,,,,,,xwalk_d3b89c33ae06e0,PeaceWin,peacewin,act_8317fcec6328b9,ind_8542fb7dca4c1c,CCDSCM24,sub activity 2 4 support health office to scale up of pam v2 at health failities of kanchanpur to ensure proper recording and reporting and strengthening the scm 125 sdps 9 llgs 4 batch,,indicator registry not available in source workbook,"Output 1.1: Strengthened and supported provinces municipalities ensure that SRHR issues are incorporated, and adequate budget is allocated","Outcome 1: Strengthened laws, policies, financing, and accountability for SRHR for women and girls, particularly AY, people living with disability and the most vulnerable, at the federal level and in selected provinces municipalities in the development humanitarian continuum",,,,2026.0,,,unknown,peacewinprogramindicator.xlsx,finalactivitylist,66.0,incomplete_source_workbook,0.0,incomplete_source,requires_me_review,,missing_indicator_target_registry,,,,,,,,,,,,,,,,,,,,,,,,,,,,,,,evidence_259bf177899f8d,PeaceWin,CCDSCM24,"Sub Activity-2.4: Support Health Office to scale up of PAM-V2 at health failities of Kanchanpur to ensure proper recording and reporting and strengthening the SCM. (125 SDPs, 9 LLGs- 4 batch)",,,unknown,unknown,unknown,unknown,peacewinprogramindicator.xlsx,finalactivitylist,66.0,requires_me_review,Source workbook does not provide a normalized evidence requirement field.,,,,,,,,,,,,,,,,,,,,,,,,,,,,,,,,,,,,,,,,,,,,,,,,,,,,yes,,,yes,review proposed fixes
,,,,,,,,,,,,,,,,,,,,,,,,,,,,,,,,xwalk_75794a4859c20c,PeaceWin,peacewin,act_7b7092635acdd7,ind_8542fb7dca4c1c,CDSCM25,sub activity 2 5 improve the visibility of unfpa supported commodities by conducting joint spot checks provide coaching and mentoring jointly with the government stakeholders phlmc ho district store municipalities minimum 20 hf 10 institution llg district store,,indicator registry not available in source workbook,"Output 1.1: Strengthened and supported provinces municipalities ensure that SRHR issues are incorporated, and adequate budget is allocated","Outcome 1: Strengthened laws, policies, financing, and accountability for SRHR for women and girls, particularly AY, people living with disability and the most vulnerable, at the federal level and in selected provinces municipalities in the development humanitarian continuum",,,,2026.0,,,unknown,peacewinprogramindicator.xlsx,finalactivitylist,67.0,incomplete_source_workbook,0.0,incomplete_source,requires_me_review,,missing_indicator_target_registry,,,,,,,,,,,,,,,,,,,,,,,,,,,,,,,evidence_eb55be50a5c9cd,PeaceWin,CDSCM25,"Sub Activity-2.5: Improve the visibility of UNFPA supported commodities by conducting joint spot-checks, provide coaching and mentoring jointly with the government stakeholders- PHLMC, HO/District store/Municipalities)- Minimum 20 HF/10 Institution-LLG/district store",,,unknown,unknown,unknown,unknown,peacewinprogramindicator.xlsx,finalactivitylist,67.0,requires_me_review,Source workbook does not provide a normalized evidence requirement field.,,,,,,,,,,,,,,,,,,,,,,,,,,,,,,,,,,,,,,,,,,,,,,,,,,,,yes,,,yes,review proposed fixes
,,,,,,,,,,,,,,,,,,,,,,,,,,,,,,,,xwalk_58b2a960e2f3cf,PeaceWin,peacewin,act_02f0bc840fff8d,ind_8542fb7dca4c1c,CDSCM26,sub activity 2 6 support to phlmc through supply chain consultant to strengthen scm and improve the stock out situation of the province,,indicator registry not available in source workbook,"Output 1.1: Strengthened and supported provinces municipalities ensure that SRHR issues are incorporated, and adequate budget is allocated","Outcome 1: Strengthened laws, policies, financing, and accountability for SRHR for women and girls, particularly AY, people living with disability and the most vulnerable, at the federal level and in selected provinces municipalities in the development humanitarian continuum",,,,2026.0,,,unknown,peacewinprogramindicator.xlsx,finalactivitylist,68.0,incomplete_source_workbook,0.0,incomplete_source,requires_me_review,,missing_indicator_target_registry,,,,,,,,,,,,,,,,,,,,,,,,,,,,,,,evidence_75efbea631bdbe,PeaceWin,CDSCM26,Sub Activity-2.6: Support to PHLMC through supply chain consultant to strengthen SCM and improve the stock out situation of the province.,,,unknown,unknown,unknown,unknown,peacewinprogramindicator.xlsx,finalactivitylist,68.0,requires_me_review,Source workbook does not provide a normalized evidence requirement field.,,,,,,,,,,,,,,,,,,,,,,,,,,,,,,,,,,,,,,,,,,,,,,,,,,,,yes,,,yes,review proposed fixes
,,,,,,,,,,,,,,,,,,,,,,,,,,,,,,,,xwalk_060edf95e8720a,PeaceWin,peacewin,act_1970fd13e21c5c,ind_8542fb7dca4c1c,CDFPAA31,sub activity 3 1 strengthening ppfp larc and safe abortion services in selected hf mnh service provider targeting iucd implant and safe abortion sites distritc level event participants from high volume service site 1 event in each district baitadi bajhang bajura accham 25 hfs participants,,indicator registry not available in source workbook,"Output 1.1: Strengthened and supported provinces municipalities ensure that SRHR issues are incorporated, and adequate budget is allocated","Outcome 1: Strengthened laws, policies, financing, and accountability for SRHR for women and girls, particularly AY, people living with disability and the most vulnerable, at the federal level and in selected provinces municipalities in the development humanitarian continuum",,,,2026.0,,,unknown,peacewinprogramindicator.xlsx,finalactivitylist,69.0,incomplete_source_workbook,0.0,incomplete_source,requires_me_review,,missing_indicator_target_registry,,,,,,,,,,,,,,,,,,,,,,,,,,,,,,,evidence_9a3be0000b61c4,PeaceWin,CDFPAA31,"Sub Activity- 3.1: Strengthening PPFP/LARC and safe abortion services in selected HF- MNH service provider targeting IUCD/Implant and safe abortion sites-Distritc level event, participants from high volume service site-1 event in each District- Baitadi, Bajhang, Bajura, Accham- 25 HFs/Participants",,,unknown,unknown,unknown,unknown,peacewinprogramindicator.xlsx,finalactivitylist,69.0,requires_me_review,Source workbook does not provide a normalized evidence requirement field.,,,,,,,,,,,,,,,,,,,,,,,,,,,,,,,,,,,,,,,,,,,,,,,,,,,,yes,,,yes,review proposed fixes
,,,,,,,,,,,,,,,,,,,,,,,,,,,,,,,,xwalk_ae6141f947e875,PeaceWin,peacewin,act_d55938d6fe80df,ind_8542fb7dca4c1c,CDFPAA32,sub activity 3 2 mobilization of volunteers at holding center of kailali and kanchanpur focusing on especial needs of migrant workers need fp gbv sti message before new year and dashain 2 times 4 month in a year in coordination with undp global fund,,indicator registry not available in source workbook,"Output 1.1: Strengthened and supported provinces municipalities ensure that SRHR issues are incorporated, and adequate budget is allocated","Outcome 1: Strengthened laws, policies, financing, and accountability for SRHR for women and girls, particularly AY, people living with disability and the most vulnerable, at the federal level and in selected provinces municipalities in the development humanitarian continuum",,,,2026.0,,,unknown,peacewinprogramindicator.xlsx,finalactivitylist,70.0,incomplete_source_workbook,0.0,incomplete_source,requires_me_review,,missing_indicator_target_registry,,,,,,,,,,,,,,,,,,,,,,,,,,,,,,,evidence_372b74302fb5d5,PeaceWin,CDFPAA32,Sub Activity-3.2: Mobilization of volunteers at holding center of Kailali and Kanchanpur focusing on especial needs of migrant workers need (FP+GBV+STI message) before new year and Dashain (2 times- 4 month in a year-in coordination with UNDP /global Fund,,,unknown,unknown,unknown,unknown,peacewinprogramindicator.xlsx,finalactivitylist,70.0,requires_me_review,Source workbook does not provide a normalized evidence requirement field.,,,,,,,,,,,,,,,,,,,,,,,,,,,,,,,,,,,,,,,,,,,,,,,,,,,,yes,,,yes,review proposed fixes
,,,,,,,,,,,,,,,,,,,,,,,,,,,,,,,,xwalk_80666e8fb86451,PeaceWin,peacewin,act_28c6a0f1d8dee2,ind_8542fb7dca4c1c,CDFPAA33,sub activity 3 3 support to organize two days review and technical update to strengthen the post pregnance family planning services of selected hospitals facility level 1 event in each district hospital of baitadi bajhang bajura dadeldhura 20 participants in each,,indicator registry not available in source workbook,"Output 1.1: Strengthened and supported provinces municipalities ensure that SRHR issues are incorporated, and adequate budget is allocated","Outcome 1: Strengthened laws, policies, financing, and accountability for SRHR for women and girls, particularly AY, people living with disability and the most vulnerable, at the federal level and in selected provinces municipalities in the development humanitarian continuum",,,,2026.0,,,unknown,peacewinprogramindicator.xlsx,finalactivitylist,71.0,incomplete_source_workbook,0.0,incomplete_source,requires_me_review,,missing_indicator_target_registry,,,,,,,,,,,,,,,,,,,,,,,,,,,,,,,evidence_cce72078bf0804,PeaceWin,CDFPAA33,"Sub Activity- 3.3: Support to organize two days review and technical update to strengthen the post pregnance family planning services of selected hospitals (facility level) -1 event in each District hospital of Baitadi, Bajhang, Bajura, Dadeldhura- 20 Participants in each",,,unknown,unknown,unknown,unknown,peacewinprogramindicator.xlsx,finalactivitylist,71.0,requires_me_review,Source workbook does not provide a normalized evidence requirement field.,,,,,,,,,,,,,,,,,,,,,,,,,,,,,,,,,,,,,,,,,,,,,,,,,,,,yes,,,yes,review proposed fixes
,,,,,,,,,,,,,,,,,,,,,,,,,,,,,,,,xwalk_3678fbe028df74,PeaceWin,peacewin,act_52e0c21a502dae,ind_8542fb7dca4c1c,CDCAC34,sub activity 3 4 review and technical update onsafe abortion and family planning from high volume health acilities hospital with involvement of trainer from training sites 1 days event baitadi accham doti 30 participants in each events,,indicator registry not available in source workbook,"Output 1.1: Strengthened and supported provinces municipalities ensure that SRHR issues are incorporated, and adequate budget is allocated","Outcome 1: Strengthened laws, policies, financing, and accountability for SRHR for women and girls, particularly AY, people living with disability and the most vulnerable, at the federal level and in selected provinces municipalities in the development humanitarian continuum",,,,2026.0,,,unknown,peacewinprogramindicator.xlsx,finalactivitylist,72.0,incomplete_source_workbook,0.0,incomplete_source,requires_me_review,,missing_indicator_target_registry,,,,,,,,,,,,,,,,,,,,,,,,,,,,,,,evidence_1765dee5d93738,PeaceWin,CDCAC34,"Sub Activity- 3.4: Review and technical update onsafe abortion and family planning from high volume health acilities/hospital with involvement of trainer from training sites (1 days event - Baitadi, Accham Doti)-30 participants in each events",,,unknown,unknown,unknown,unknown,peacewinprogramindicator.xlsx,finalactivitylist,72.0,requires_me_review,Source workbook does not provide a normalized evidence requirement field.,,,,,,,,,,,,,,,,,,,,,,,,,,,,,,,,,,,,,,,,,,,,,,,,,,,,yes,,,yes,review proposed fixes
,,,,,,,,,,,,,,,,,,,,,,,,,,,,,,,,,,,,,,,,,,,,,,,,,,,,,,,,,,,,,,,,tgt_8542fb7dca4c1c,PeaceWin,peacewin,,Indicator target registry not available in source workbook,2026.0,,,,,,,placeholder,,peacewinprogramindicator.xlsx,,,incomplete_source,requires_me_review,missing_indicator_target_registry,,,,,,,,,,,,,,,,,,,,,,,,,,,,,,,,,,,,,,,,,,,,,,,,,,,,,,,,,,,,,,,,,,,,,,,,yes,,,yes,review proposed fixes
,,,,,,,,,,,,,,,,,,,,,,,,,,,,,,,,,,,,,,,,,,,,,,,,,,,,,,,,,,,,,,,,,,,,,,,,,,,,,,,,,,,,,,,,,,,,,,,,,,,,,,,,,,,,,xwalk_62a5b89b65ac58,PeaceWin,peacewin,act_a25ca99da25d22,ind_8542fb7dca4c1c,CDEU1115,sub activity 1 1 1 1 intergenerational dialogue between boys and men 30 in each palikas,,indicator registry not available in source workbook,Output 1.1 – Men and boys have increased capacity to challenge discriminatory social and gender norms and to act as role models that promote positive masculinities,"Outcome 1 - Men and boys, families and communities demonstrate more gender-equitable behaviours and support for positive social and gender norms that promote GEWE, and women and girls have increased agency",,,,2026.0,,,unknown,peacewinprogramindicator.xlsx,finalactivitylist,2.0,incomplete_source_workbook,0.0,incomplete_source,requires_me_review,missing_indicator_target_registry,,,,,,,,,,,,,,,,,,,,,yes,,,yes,review proposed fixes
,,,,,,,,,,,,,,,,,,,,,,,,,,,,,,,,,,,,,,,,,,,,,,,,,,,,,,,,,,,,,,,,,,,,,,,,,,,,,,,,,,,,,,,,,,,,,,,,,,,,,,,,,,,,,xwalk_778428dbb84d6c,PeaceWin,peacewin,act_def5fbee252d49,ind_8542fb7dca4c1c,ADVOEU1118,sub activity 1 1 1 3 adolescent friendly information corners afic mobilisation in school,,indicator registry not available in source workbook,Output 1.1 – Men and boys have increased capacity to challenge discriminatory social and gender norms and to act as role models that promote positive masculinities,"Outcome 1 - Men and boys, families and communities demonstrate more gender-equitable behaviours and support for positive social and gender norms that promote GEWE, and women and girls have increased agency",,,,2026.0,,,unknown,peacewinprogramindicator.xlsx,finalactivitylist,3.0,incomplete_source_workbook,0.0,incomplete_source,requires_me_review,missing_indicator_target_registry,,,,,,,,,,,,,,,,,,,,,yes,,,yes,review proposed fixes
,,,,,,,,,,,,,,,,,,,,,,,,,,,,,,,,,,,,,,,,,,,,,,,,,,,,,,,,,,,,,,,,,,,,,,,,,,,,,,,,,,,,,,,,,,,,,,,,,,,,,,,,,,,,,xwalk_8d0f189ba6ec03,PeaceWin,peacewin,act_7b97463c5a6bda,ind_8542fb7dca4c1c,ADVOEU1118 A,sub activity 1 1 1 4 inter school learning visits to afics from non afic schools participants non afic school s students,,indicator registry not available in source workbook,Output 1.1 – Men and boys have increased capacity to challenge discriminatory social and gender norms and to act as role models that promote positive masculinities,"Outcome 1 - Men and boys, families and communities demonstrate more gender-equitable behaviours and support for positive social and gender norms that promote GEWE, and women and girls have increased agency",,,,2026.0,,,unknown,peacewinprogramindicator.xlsx,finalactivitylist,4.0,incomplete_source_workbook,0.0,incomplete_source,requires_me_review,missing_indicator_target_registry,,,,,,,,,,,,,,,,,,,,,yes,,,yes,review proposed fixes
,,,,,,,,,,,,,,,,,,,,,,,,,,,,,,,,,,,,,,,,,,,,,,,,,,,,,,,,,,,,,,,,,,,,,,,,,,,,,,,,,,,,,,,,,,,,,,,,,,,,,,,,,,,,,xwalk_f0d6e32bd900c1,PeaceWin,peacewin,act_be2871530ce7ad,ind_8542fb7dca4c1c,ADVOEU11251,learning sharing between male champions early enablers on the action plan follow ups to be faciltiated by peacewin staff 6 male champions from 3 palikas,,indicator registry not available in source workbook,Output 1.1 – Men and boys have increased capacity to challenge discriminatory social and gender norms and to act as role models that promote positive masculinities,"Outcome 1 - Men and boys, families and communities demonstrate more gender-equitable behaviours and support for positive social and gender norms that promote GEWE, and women and girls have increased agency",,,,2026.0,,,unknown,peacewinprogramindicator.xlsx,finalactivitylist,5.0,incomplete_source_workbook,0.0,incomplete_source,requires_me_review,missing_indicator_target_registry,,,,,,,,,,,,,,,,,,,,,yes,,,yes,review proposed fixes
,,,,,,,,,,,,,,,,,,,,,,,,,,,,,,,,,,,,,,,,,,,,,,,,,,,,,,,,,,,,,,,,,,,,,,,,,,,,,,,,,,,,,,,,,,,,,,,,,,,,,,,,,,,,,xwalk_2813dcd4cfda38,PeaceWin,peacewin,act_9d2e9521190728,ind_8542fb7dca4c1c,ADVOEU11252,sub activity 1 1 2 5 learning sharing between male champions between 4 punos to identify synegy for social norm change media engagement with the male champions will be conducted 30 participants in total in sudurpashchim 15 from unfpa 15 from other punos,,indicator registry not available in source workbook,Output 1.1 – Men and boys have increased capacity to challenge discriminatory social and gender norms and to act as role models that promote positive masculinities,"Outcome 1 - Men and boys, families and communities demonstrate more gender-equitable behaviours and support for positive social and gender norms that promote GEWE, and women and girls have increased agency",,,,2026.0,,,unknown,peacewinprogramindicator.xlsx,finalactivitylist,6.0,incomplete_source_workbook,0.0,incomplete_source,requires_me_review,missing_indicator_target_registry,,,,,,,,,,,,,,,,,,,,,yes,,,yes,review proposed fixes
,,,,,,,,,,,,,,,,,,,,,,,,,,,,,,,,,,,,,,,,,,,,,,,,,,,,,,,,,,,,,,,,,,,,,,,,,,,,,,,,,,,,,,,,,,,,,,,,,,,,,,,,,,,,,xwalk_2c012387d702de,PeaceWin,peacewin,act_de73d8d2672976,ind_8542fb7dca4c1c,CDEU1234,sub activity 1 2 2 5 family dialogue sessions for beneficiaries and families who have received economic support from ilo women on gta 300 community people,,indicator registry not available in source workbook,Output 1.2 – Families and communities have increased capacity to enhance the economic role of women and nurture equitable and non-discriminatory relationships,"Outcome 1 - Men and boys, families and communities demonstrate more gender-equitable behaviours and support for positive social and gender norms that promote GEWE, and women and girls have increased agency",,,,2026.0,,,unknown,peacewinprogramindicator.xlsx,finalactivitylist,7.0,incomplete_source_workbook,0.0,incomplete_source,requires_me_review,missing_indicator_target_registry,,,,,,,,,,,,,,,,,,,,,yes,,,yes,review proposed fixes
,,,,,,,,,,,,,,,,,,,,,,,,,,,,,,,,,,,,,,,,,,,,,,,,,,,,,,,,,,,,,,,,,,,,,,,,,,,,,,,,,,,,,,,,,,,,,,,,,,,,,,,,,,,,,xwalk_1e71937c509cdc,PeaceWin,peacewin,act_6085ae259d0757,ind_8542fb7dca4c1c,CDEU1235,sub activity 1 2 2 6 support for gbv prevention community mainly the family dialogue graduates on business linkages and business development services 135 families 2 times in three lgs,,indicator registry not available in source workbook,Output 1.2 – Families and communities have increased capacity to enhance the economic role of women and nurture equitable and non-discriminatory relationships,"Outcome 1 - Men and boys, families and communities demonstrate more gender-equitable behaviours and support for positive social and gender norms that promote GEWE, and women and girls have increased agency",,,,2026.0,,,unknown,peacewinprogramindicator.xlsx,finalactivitylist,8.0,incomplete_source_workbook,0.0,incomplete_source,requires_me_review,missing_indicator_target_registry,,,,,,,,,,,,,,,,,,,,,yes,,,yes,review proposed fixes
,,,,,,,,,,,,,,,,,,,,,,,,,,,,,,,,,,,,,,,,,,,,,,,,,,,,,,,,,,,,,,,,,,,,,,,,,,,,,,,,,,,,,,,,,,,,,,,,,,,,,,,,,,,,,xwalk_e547cb55c0cf58,PeaceWin,peacewin,act_ee23baf05bcb37,ind_8542fb7dca4c1c,CDEU1236,sub activity 1 2 2 7 three days formalize your business grow your business training to the gbv prevention community memners family dialogue graduates which have started the micro enterprises after completing the family dialogue session,,indicator registry not available in source workbook,Output 1.2 – Families and communities have increased capacity to enhance the economic role of women and nurture equitable and non-discriminatory relationships,"Outcome 1 - Men and boys, families and communities demonstrate more gender-equitable behaviours and support for positive social and gender norms that promote GEWE, and women and girls have increased agency",,,,2026.0,,,unknown,peacewinprogramindicator.xlsx,finalactivitylist,9.0,incomplete_source_workbook,0.0,incomplete_source,requires_me_review,missing_indicator_target_registry,,,,,,,,,,,,,,,,,,,,,yes,,,yes,review proposed fixes
,,,,,,,,,,,,,,,,,,,,,,,,,,,,,,,,,,,,,,,,,,,,,,,,,,,,,,,,,,,,,,,,,,,,,,,,,,,,,,,,,,,,,,,,,,,,,,,,,,,,,,,,,,,,,xwalk_1fbc17db34f3ad,PeaceWin,peacewin,act_82a4ed2a1b3623,ind_8542fb7dca4c1c,CDEU1315,sub activity 1 3 1 5 intergenerational dialogue on gbv issues with women and girls 30 women and girls in each palikas,,indicator registry not available in source workbook,"Output 1.3 – Women and girls have increased capacity to advocate for gender equality and the rights of women and girls, hold duty bearers accountable for action on GEWE, and challenge discriminatory social and gender norms both individually and collectively","Outcome 1 - Men and boys, families and communities demonstrate more gender-equitable behaviours and support for positive social and gender norms that promote GEWE, and women and girls have increased agency",,,,2026.0,,,unknown,peacewinprogramindicator.xlsx,finalactivitylist,10.0,incomplete_source_workbook,0.0,incomplete_source,requires_me_review,missing_indicator_target_registry,,,,,,,,,,,,,,,,,,,,,yes,,,yes,review proposed fixes
,,,,,,,,,,,,,,,,,,,,,,,,,,,,,,,,,,,,,,,,,,,,,,,,,,,,,,,,,,,,,,,,,,,,,,,,,,,,,,,,,,,,,,,,,,,,,,,,,,,,,,,,,,,,,xwalk_097d3a33bac8d8,PeaceWin,peacewin,act_6d29106ece5b23,ind_8542fb7dca4c1c,CDEU1322,sub activity 1 3 2 1 mobilisation of opinion leaders specifically with traditional religious leaders amongst others 15 opinion leaders in 3 palikas 2 times in new areas supported under ilo and unwomen,,indicator registry not available in source workbook,"Output 1.3 – Women and girls have increased capacity to advocate for gender equality and the rights of women and girls, hold duty bearers accountable for action on GEWE, and challenge discriminatory social and gender norms both individually and collectively","Outcome 1 - Men and boys, families and communities demonstrate more gender-equitable behaviours and support for positive social and gender norms that promote GEWE, and women and girls have increased agency",,,,2026.0,,,unknown,peacewinprogramindicator.xlsx,finalactivitylist,11.0,incomplete_source_workbook,0.0,incomplete_source,requires_me_review,missing_indicator_target_registry,,,,,,,,,,,,,,,,,,,,,yes,,,yes,review proposed fixes
,,,,,,,,,,,,,,,,,,,,,,,,,,,,,,,,,,,,,,,,,,,,,,,,,,,,,,,,,,,,,,,,,,,,,,,,,,,,,,,,,,,,,,,,,,,,,,,,,,,,,,,,,,,,,xwalk_efd977cfcb6a87,PeaceWin,peacewin,act_292494950553e0,ind_8542fb7dca4c1c,CDEU13231,sub activity 1 3 2 2 mobilisation of early adopters and champions for community awareness raising intensive as well as light palikas cascading activities,,indicator registry not available in source workbook,"Output 1.3 – Women and girls have increased capacity to advocate for gender equality and the rights of women and girls, hold duty bearers accountable for action on GEWE, and challenge discriminatory social and gender norms both individually and collectively","Outcome 1 - Men and boys, families and communities demonstrate more gender-equitable behaviours and support for positive social and gender norms that promote GEWE, and women and girls have increased agency",,,,2026.0,,,unknown,peacewinprogramindicator.xlsx,finalactivitylist,12.0,incomplete_source_workbook,0.0,incomplete_source,requires_me_review,missing_indicator_target_registry,,,,,,,,,,,,,,,,,,,,,yes,,,yes,review proposed fixes
,,,,,,,,,,,,,,,,,,,,,,,,,,,,,,,,,,,,,,,,,,,,,,,,,,,,,,,,,,,,,,,,,,,,,,,,,,,,,,,,,,,,,,,,,,,,,,,,,,,,,,,,,,,,,xwalk_10ab58a5a889a7,PeaceWin,peacewin,act_984aa9e24bae27,ind_8542fb7dca4c1c,CDEU13232,sub activity 1 3 2 3 early adopters change agents consultation and policy dialogue meeting at badimaika belauri and dipayal shilgadhi municiplaity 3 palika two times,,indicator registry not available in source workbook,"Output 1.3 – Women and girls have increased capacity to advocate for gender equality and the rights of women and girls, hold duty bearers accountable for action on GEWE, and challenge discriminatory social and gender norms both individually and collectively","Outcome 1 - Men and boys, families and communities demonstrate more gender-equitable behaviours and support for positive social and gender norms that promote GEWE, and women and girls have increased agency",,,,2026.0,,,unknown,peacewinprogramindicator.xlsx,finalactivitylist,13.0,incomplete_source_workbook,0.0,incomplete_source,requires_me_review,missing_indicator_target_registry,,,,,,,,,,,,,,,,,,,,,yes,,,yes,review proposed fixes
,,,,,,,,,,,,,,,,,,,,,,,,,,,,,,,,,,,,,,,,,,,,,,,,,,,,,,,,,,,,,,,,,,,,,,,,,,,,,,,,,,,,,,,,,,,,,,,,,,,,,,,,,,,,,xwalk_fcfc889de6e3cc,PeaceWin,peacewin,act_5eb293aec877c6,ind_8542fb7dca4c1c,CDEU1324,sub activity 1 3 2 4 three days gender transformative approach training to the adolescents and youth identified as the early adopters change agents including the opinion makers 25 from each 3 palika belauri badimalika and dipayal shilgadhi total 75 persion,,indicator registry not available in source workbook,"Output 1.3 – Women and girls have increased capacity to advocate for gender equality and the rights of women and girls, hold duty bearers accountable for action on GEWE, and challenge discriminatory social and gender norms both individually and collectively","Outcome 1 - Men and boys, families and communities demonstrate more gender-equitable behaviours and support for positive social and gender norms that promote GEWE, and women and girls have increased agency",,,,2026.0,,,unknown,peacewinprogramindicator.xlsx,finalactivitylist,14.0,incomplete_source_workbook,0.0,incomplete_source,requires_me_review,missing_indicator_target_registry,,,,,,,,,,,,,,,,,,,,,yes,,,yes,review proposed fixes
,,,,,,,,,,,,,,,,,,,,,,,,,,,,,,,,,,,,,,,,,,,,,,,,,,,,,,,,,,,,,,,,,,,,,,,,,,,,,,,,,,,,,,,,,,,,,,,,,,,,,,,,,,,,,xwalk_3ce48e3a92fd80,PeaceWin,peacewin,act_179ce52f2ddd21,ind_8542fb7dca4c1c,CDEU2121,sub activity 2 1 2 1 three days gender non residential training on transformative approach and survivor centric business development support for the escs fncci fwean representative of ministry of labour and industry and local representatives of selected municipalities to deliver employment services sudurpashchim 17 participants non focused lgs 8,,indicator registry not available in source workbook,Output 1.2 – Families and communities have increased capacity to enhance the economic role of women and nurture equitable and non-discriminatory relationships,"Outcome 1 - Men and boys, families and communities demonstrate more gender-equitable behaviours and support for positive social and gender norms that promote GEWE, and women and girls have increased agency",,,,2026.0,,,unknown,peacewinprogramindicator.xlsx,finalactivitylist,15.0,incomplete_source_workbook,0.0,incomplete_source,requires_me_review,missing_indicator_target_registry,,,,,,,,,,,,,,,,,,,,,yes,,,yes,review proposed fixes
,,,,,,,,,,,,,,,,,,,,,,,,,,,,,,,,,,,,,,,,,,,,,,,,,,,,,,,,,,,,,,,,,,,,,,,,,,,,,,,,,,,,,,,,,,,,,,,,,,,,,,,,,,,,,xwalk_342778f82aa12a,PeaceWin,peacewin,act_a3a09149c6fe92,ind_8542fb7dca4c1c,ADVOEU3115,sub activity 3 1 1 1 mobilisation and operationalisation of provincial and local level gbv network 30 in each palikas half yearly meeting aligning with annual plan and mid year review,,indicator registry not available in source workbook,Output 1 - National Women’s Machinery has the improved capacity to advance GEWE in line with international/ national normative frameworks,"Outcome 3 - Institutions deliver gender equality outcomes in all spheres, in line with international and national normative frameworks",,,,2026.0,,,unknown,peacewinprogramindicator.xlsx,finalactivitylist,16.0,incomplete_source_workbook,0.0,incomplete_source,requires_me_review,missing_indicator_target_registry,,,,,,,,,,,,,,,,,,,,,yes,,,yes,review proposed fixes
,,,,,,,,,,,,,,,,,,,,,,,,,,,,,,,,,,,,,,,,,,,,,,,,,,,,,,,,,,,,,,,,,,,,,,,,,,,,,,,,,,,,,,,,,,,,,,,,,,,,,,,,,,,,,xwalk_8ec41f27a6665b,PeaceWin,peacewin,act_835e53d103bd04,ind_8542fb7dca4c1c,ADVOEU3112,two days review meting with provincial level gbv prevention and response network members on gender transformative approach in aligning with icpd cedaw sustainable development goals and national frameworks on gbv and srhr,,indicator registry not available in source workbook,Output 1 - National Women’s Machinery has the improved capacity to advance GEWE in line with international/ national normative frameworks,"Outcome 3 - Institutions deliver gender equality outcomes in all spheres, in line with international and national normative frameworks",,,,2026.0,,,unknown,peacewinprogramindicator.xlsx,finalactivitylist,17.0,incomplete_source_workbook,0.0,incomplete_source,requires_me_review,missing_indicator_target_registry,,,,,,,,,,,,,,,,,,,,,yes,,,yes,review proposed fixes
,,,,,,,,,,,,,,,,,,,,,,,,,,,,,,,,,,,,,,,,,,,,,,,,,,,,,,,,,,,,,,,,,,,,,,,,,,,,,,,,,,,,,,,,,,,,,,,,,,,,,,,,,,,,,xwalk_26b4f7d03952ea,PeaceWin,peacewin,act_f274d5e44b35a3,ind_8542fb7dca4c1c,ADVOEU3241,sub activity 3 2 4 1 international day celebration,,indicator registry not available in source workbook,Output 1 - National Women’s Machinery has the improved capacity to advance GEWE in line with international/ national normative frameworks,"Outcome 3 - Institutions deliver gender equality outcomes in all spheres, in line with international and national normative frameworks",,,,2026.0,,,unknown,peacewinprogramindicator.xlsx,finalactivitylist,18.0,incomplete_source_workbook,0.0,incomplete_source,requires_me_review,missing_indicator_target_registry,,,,,,,,,,,,,,,,,,,,,yes,,,yes,review proposed fixes
,,,,,,,,,,,,,,,,,,,,,,,,,,,,,,,,,,,,,,,,,,,,,,,,,,,,,,,,,,,,,,,,,,,,,,,,,,,,,,,,,,,,,,,,,,,,,,,,,,,,,,,,,,,,,xwalk_99db4bf1cb21c7,PeaceWin,peacewin,act_a8f4325b385235,ind_8542fb7dca4c1c,ADVOEU3311,sub activity 3 3 3 1 mobilisation of cbos on gender transformative approaches regular meetings with selected cbos and support in implementing action plan and linking them to lgs 15 in each palikas,,indicator registry not available in source workbook,Output 1.2 – Families and communities have increased capacity to enhance the economic role of women and nurture equitable and non-discriminatory relationships,"Outcome 1 - Men and boys, families and communities demonstrate more gender-equitable behaviours and support for positive social and gender norms that promote GEWE, and women and girls have increased agency",,,,2026.0,,,unknown,peacewinprogramindicator.xlsx,finalactivitylist,20.0,incomplete_source_workbook,0.0,incomplete_source,requires_me_review,missing_indicator_target_registry,,,,,,,,,,,,,,,,,,,,,yes,,,yes,review proposed fixes
,,,,,,,,,,,,,,,,,,,,,,,,,,,,,,,,,,,,,,,,,,,,,,,,,,,,,,,,,,,,,,,,,,,,,,,,,,,,,,,,,,,,,,,,,,,,,,,,,,,,,,,,,,,,,xwalk_75792e40f0299e,PeaceWin,peacewin,act_7960bfa48ac259,ind_8542fb7dca4c1c,MONITOREU1,activity 3 1 5 joint monitoring government project staff and executive committee members including trainers and officials from the phd phtc petc and sprta,,indicator registry not available in source workbook,Monitoring & Evaluation,Monitoring & Evaluation,,,,2026.0,,,unknown,peacewinprogramindicator.xlsx,finalactivitylist,21.0,incomplete_source_workbook,0.0,incomplete_source,requires_me_review,missing_indicator_target_registry,,,,,,,,,,,,,,,,,,,,,yes,,,yes,review proposed fixes
,,,,,,,,,,,,,,,,,,,,,,,,,,,,,,,,,,,,,,,,,,,,,,,,,,,,,,,,,,,,,,,,,,,,,,,,,,,,,,,,,,,,,,,,,,,,,,,,,,,,,,,,,,,,,xwalk_9aa841fbfe3683,PeaceWin,peacewin,act_83ed6ce7e41527,ind_8542fb7dca4c1c,MONITOREU2,activity 3 1 6 review and reflection workshop on a bi annual basis two days participants and learning sharing meeting with punos and ips,,indicator registry not available in source workbook,Monitoring & Evaluation,Monitoring & Evaluation,,,,2026.0,,,unknown,peacewinprogramindicator.xlsx,finalactivitylist,22.0,incomplete_source_workbook,0.0,incomplete_source,requires_me_review,missing_indicator_target_registry,,,,,,,,,,,,,,,,,,,,,yes,,,yes,review proposed fixes
,,,,,,,,,,,,,,,,,,,,,,,,,,,,,,,,,,,,,,,,,,,,,,,,,,,,,,,,,,,,,,,,,,,,,,,,,,,,,,,,,,,,,,,,,,,,,,,,,,,,,,,,,,,,,xwalk_0bd7ce3842bd98,PeaceWin,peacewin,act_08352e45385503,ind_8542fb7dca4c1c,CDHPRUPUCJ112,activity 1 1 1 2 school mapping to identify the implementation of the digital rupantaran,,indicator registry not available in source workbook,"Output 1110: Underserved/marginalized adolescent girls (aged 10-19) who are at risk of child marriage, married, separated, divorced, and widowed adolescent girls and adolescent girls who are pregnant or already have children, are engaged in gender-transformative life skills and comprehensive sexuality education programmes that build their knowledge, skills, and awareness of their rights, and connect them to services.","1100: Enhanced knowledge, education and skills, and attitudes of marginalized adolescent girls – in both development and humanitarian contexts – on matters such as their rights, relationships, sexual and reproductive health, and financial literacy",,,,2026.0,,,unknown,peacewinprogramindicator.xlsx,finalactivitylist,23.0,incomplete_source_workbook,0.0,incomplete_source,requires_me_review,missing_indicator_target_registry,,,,,,,,,,,,,,,,,,,,,yes,,,yes,review proposed fixes
,,,,,,,,,,,,,,,,,,,,,,,,,,,,,,,,,,,,,,,,,,,,,,,,,,,,,,,,,,,,,,,,,,,,,,,,,,,,,,,,,,,,,,,,,,,,,,,,,,,,,,,,,,,,,xwalk_0ac63daa81e53b,PeaceWin,peacewin,act_0a7e862f9832df,ind_8542fb7dca4c1c,CDHPRUPUCJ1113,conduct face to face rupantaran sessions to adolescet girls in cost sharing basis with local governments,,indicator registry not available in source workbook,"Output 1110: Underserved/marginalized adolescent girls (aged 10-19) who are at risk of child marriage, married, separated, divorced, and widowed adolescent girls and adolescent girls who are pregnant or already have children, are engaged in gender-transformative life skills and comprehensive sexuality education programmes that build their knowledge, skills, and awareness of their rights, and connect them to services.","1100:Enhanced knowledge, education and skills, and attitudes of marginalized adolescent girls – in both development and humanitarian contexts – on matters such as their rights, relationships, sexual and reproductive health, and financial literacy",,,,2026.0,,,unknown,peacewinprogramindicator.xlsx,finalactivitylist,24.0,incomplete_source_workbook,0.0,incomplete_source,requires_me_review,missing_indicator_target_registry,,,,,,,,,,,,,,,,,,,,,yes,,,yes,review proposed fixes
,,,,,,,,,,,,,,,,,,,,,,,,,,,,,,,,,,,,,,,,,,,,,,,,,,,,,,,,,,,,,,,,,,,,,,,,,,,,,,,,,,,,,,,,,,,,,,,,,,,,,,,,,,,,,xwalk_0a1664c35783ec,PeaceWin,peacewin,act_bce6d7ef5f3046,ind_8542fb7dca4c1c,CDHPRUPUCJ1114,review meeting with peer facilitators one day focusing on the challenges learnings and progress of rupantaran sessions and orientation on endorsed ecm strategy and it s implementation 3 events 2 times with 60 participants,,indicator registry not available in source workbook,"Output 1110: Underserved/marginalized adolescent girls (aged 10-19) who are at risk of child marriage, married, separated, divorced, and widowed adolescent girls and adolescent girls who are pregnant or already have children, are engaged in gender-transformative life skills and comprehensive sexuality education programmes that build their knowledge, skills, and awareness of their rights, and connect them to services.","1100: Enhanced knowledge, education and skills, and attitudes of marginalized adolescent girls – in both development and humanitarian contexts – on matters such as their rights, relationships, sexual and reproductive health, and financial literacy",,,,2026.0,,,unknown,peacewinprogramindicator.xlsx,finalactivitylist,25.0,incomplete_source_workbook,0.0,incomplete_source,requires_me_review,missing_indicator_target_registry,,,,,,,,,,,,,,,,,,,,,yes,,,yes,review proposed fixes
,,,,,,,,,,,,,,,,,,,,,,,,,,,,,,,,,,,,,,,,,,,,,,,,,,,,,,,,,,,,,,,,,,,,,,,,,,,,,,,,,,,,,,,,,,,,,,,,,,,,,,,,,,,,,xwalk_1b725fedbf8622,PeaceWin,peacewin,act_5e896550100b70,ind_8542fb7dca4c1c,CDHPRUPUCJ1221,conduct three days rupantaran adult package to the parents for out of school adolescent girls enrolled in the rupantaran sessions,,indicator registry not available in source workbook,"Output 1220: Families, traditional and religious leaders, community members (girls, women, boys and men), community groups, and other influencers (e.g., youth, women, and feminist advocates) are engaged in gender-transformative dialogues, advocacy and consensus-building on alternatives to child marriage (including education), the rights of adolescent girls, and gender equality.","2100: Increased capacity of education, health, gender-based violence prevention and response and child protection to deliver coordinated, quality programmes and services that are responsive to the needs of adolescent girls and their families in both development and humanitarian contexts",,,,2026.0,,,unknown,peacewinprogramindicator.xlsx,finalactivitylist,26.0,incomplete_source_workbook,0.0,incomplete_source,requires_me_review,missing_indicator_target_registry,,,,,,,,,,,,,,,,,,,,,yes,,,yes,review proposed fixes
,,,,,,,,,,,,,,,,,,,,,,,,,,,,,,,,,,,,,,,,,,,,,,,,,,,,,,,,,,,,,,,,,,,,,,,,,,,,,,,,,,,,,,,,,,,,,,,,,,,,,,,,,,,,,xwalk_f76ead62570149,PeaceWin,peacewin,act_8c90f9fa50ce10,ind_8542fb7dca4c1c,CDHPUCJ1223,conduct inter generational dialogues between the out of school boys and parents of adolescent girls enrolled in rupantaran 200 senior parents and 200 adolescents boys,,indicator registry not available in source workbook,"Output 1220: Families, traditional and religious leaders, community members (girls, women, boys and men), community groups, and other influencers (e.g., youth, women, and feminist advocates) are engaged in gender-transformative dialogues, advocacy and consensus-building on alternatives to child marriage (including education), the rights of adolescent girls, and gender equality.","2100 : Increased capacity of education, health, gender-based violence prevention and response and child protection to deliver coordinated, quality programmes and services that are responsive to the needs of adolescent girls and their families in both development and humanitarian contexts",,,,2026.0,,,unknown,peacewinprogramindicator.xlsx,finalactivitylist,27.0,incomplete_source_workbook,0.0,incomplete_source,requires_me_review,missing_indicator_target_registry,,,,,,,,,,,,,,,,,,,,,yes,,,yes,review proposed fixes
,,,,,,,,,,,,,,,,,,,,,,,,,,,,,,,,,,,,,,,,,,,,,,,,,,,,,,,,,,,,,,,,,,,,,,,,,,,,,,,,,,,,,,,,,,,,,,,,,,,,,,,,,,,,,xwalk_0d7b32bed895d7,PeaceWin,peacewin,act_e248de6d2193d5,ind_8542fb7dca4c1c,ADVOHPUCJ3112,technical support to the provincial government for the implementation of the ecm strategy child policy two events one in jan feb,,indicator registry not available in source workbook,"Output 1220: Families, traditional and religious leaders, community members (girls, women, boys and men), community groups, and other influencers (e.g., youth, women, and feminist advocates) are engaged in gender-transformative dialogues, advocacy and consensus-building on alternatives to child marriage (including education), the rights of adolescent girls, and gender equality.","3100 Enhanced capacity of governments, local authorities and civil society organizations to coordinate and implement budgeted national, and sub-national action plans, policies and systems to end child marriage",,,,2026.0,,,unknown,peacewinprogramindicator.xlsx,finalactivitylist,28.0,incomplete_source_workbook,0.0,incomplete_source,requires_me_review,missing_indicator_target_registry,,,,,,,,,,,,,,,,,,,,,yes,,,yes,review proposed fixes
,,,,,,,,,,,,,,,,,,,,,,,,,,,,,,,,,,,,,,,,,,,,,,,,,,,,,,,,,,,,,,,,,,,,,,,,,,,,,,,,,,,,,,,,,,,,,,,,,,,,,,,,,,,,,xwalk_c678cf3938c024,PeaceWin,peacewin,act_0fb98365c3662b,ind_8542fb7dca4c1c,ADVOHPUCJ3113,technical support to the local government for the implementation to endorsed ecm strategy in cost sharing basis with lgs 6 lgs 4 times peacewin will cover the cost of 3 times and lgs will cover the cost of 1 time of meeting worth with rs 171700 00 4 in baitadi 4 in bajhang,,indicator registry not available in source workbook,"Output 1220: Families, traditional and religious leaders, community members (girls, women, boys and men), community groups, and other influencers (e.g., youth, women, and feminist advocates) are engaged in gender-transformative dialogues, advocacy and consensus-building on alternatives to child marriage (including education), the rights of adolescent girls, and gender equality.","3100 Enhanced capacity of governments, local authorities and civil society organizations to coordinate and implement budgeted national, and sub-national action plans, policies and systems to end child marriage",,,,2026.0,,,unknown,peacewinprogramindicator.xlsx,finalactivitylist,29.0,incomplete_source_workbook,0.0,incomplete_source,requires_me_review,missing_indicator_target_registry,,,,,,,,,,,,,,,,,,,,,yes,,,yes,review proposed fixes
,,,,,,,,,,,,,,,,,,,,,,,,,,,,,,,,,,,,,,,,,,,,,,,,,,,,,,,,,,,,,,,,,,,,,,,,,,,,,,,,,,,,,,,,,,,,,,,,,,,,,,,,,,,,,xwalk_328ca67dd2d8be,PeaceWin,peacewin,act_25588ae6bf39bb,ind_8542fb7dca4c1c,ADVOHPUCJ3114,technical support to three local goverments in organizing local level adolescent s conference in cost sharing basis,,indicator registry not available in source workbook,"Output 1220: Families, traditional and religious leaders, community members (girls, women, boys and men), community groups, and other influencers (e.g., youth, women, and feminist advocates) are engaged in gender-transformative dialogues, advocacy and consensus-building on alternatives to child marriage (including education), the rights of adolescent girls, and gender equality.","3100 Enhanced capacity of governments, local authorities and civil society organizations to coordinate and implement budgeted national, and sub-national action plans, policies and systems to end child marriage",,,,2026.0,,,unknown,peacewinprogramindicator.xlsx,finalactivitylist,30.0,incomplete_source_workbook,0.0,incomplete_source,requires_me_review,missing_indicator_target_registry,,,,,,,,,,,,,,,,,,,,,yes,,,yes,review proposed fixes
,,,,,,,,,,,,,,,,,,,,,,,,,,,,,,,,,,,,,,,,,,,,,,,,,,,,,,,,,,,,,,,,,,,,,,,,,,,,,,,,,,,,,,,,,,,,,,,,,,,,,,,,,,,,,xwalk_d05e5b3f34bb61,PeaceWin,peacewin,act_c2876eef0371af,ind_8542fb7dca4c1c,MONITORUCJ,joint monitoring government project staff and executive committee members,,indicator registry not available in source workbook,Monitoring & Evaluation,Monitoring & Evaluation,,,,2026.0,,,unknown,peacewinprogramindicator.xlsx,finalactivitylist,31.0,incomplete_source_workbook,0.0,incomplete_source,requires_me_review,missing_indicator_target_registry,,,,,,,,,,,,,,,,,,,,,yes,,,yes,review proposed fixes
,,,,,,,,,,,,,,,,,,,,,,,,,,,,,,,,,,,,,,,,,,,,,,,,,,,,,,,,,,,,,,,,,,,,,,,,,,,,,,,,,,,,,,,,,,,,,,,,,,,,,,,,,,,,,xwalk_9f094a5e088408,PeaceWin,peacewin,act_c6826c7ea0f8cb,ind_8542fb7dca4c1c,ADVOKRA118,advokra118 three days of non residential training on ai including its consiquances on tfgbv and tfcm to the adolescents and youths in coordination with provincial youth council 25 participants including safe girls project areas,,indicator registry not available in source workbook,Output 1.1: Adolescent girls and young women’s agency enhanced with new skills and knowledge.,Outcome 1. The capabilities of adolescent girls and young women to act as change agents in society is increased.,,,,2026.0,,,unknown,peacewinprogramindicator.xlsx,finalactivitylist,32.0,incomplete_source_workbook,0.0,incomplete_source,requires_me_review,missing_indicator_target_registry,,,,,,,,,,,,,,,,,,,,,yes,,,yes,review proposed fixes
,,,,,,,,,,,,,,,,,,,,,,,,,,,,,,,,,,,,,,,,,,,,,,,,,,,,,,,,,,,,,,,,,,,,,,,,,,,,,,,,,,,,,,,,,,,,,,,,,,,,,,,,,,,,,xwalk_70801b179fd3a3,PeaceWin,peacewin,act_d1931a0556f62c,ind_8542fb7dca4c1c,ADVOKRA321,advokra321 sbgbv tfgbv tfcm capacity development of computer teachers 3 days of training 25 participants x 2 districts,,indicator registry not available in source workbook,Output 3.2: Policy support to integrate CSE in school curricula at national and sub-national level deepened.,Outcome 3 The quality and reach of comprehensive sexuality education is strengthened,,,,2026.0,,,unknown,peacewinprogramindicator.xlsx,finalactivitylist,33.0,incomplete_source_workbook,0.0,incomplete_source,requires_me_review,missing_indicator_target_registry,,,,,,,,,,,,,,,,,,,,,yes,,,yes,review proposed fixes
,,,,,,,,,,,,,,,,,,,,,,,,,,,,,,,,,,,,,,,,,,,,,,,,,,,,,,,,,,,,,,,,,,,,,,,,,,,,,,,,,,,,,,,,,,,,,,,,,,,,,,,,,,,,,xwalk_a4dbec8fbbc99b,PeaceWin,peacewin,act_60ec408ecec492,ind_8542fb7dca4c1c,ADVOKRA322,advokra321 workshop on sbgbv with provincial governments including petc pded and ministry of social development one day workshop,,indicator registry not available in source workbook,Output 3.2: Policy support to integrate CSE in school curricula at national and sub-national level deepened.,Outcome 3 The quality and reach of comprehensive sexuality education is strengthened,,,,2026.0,,,unknown,peacewinprogramindicator.xlsx,finalactivitylist,34.0,incomplete_source_workbook,0.0,incomplete_source,requires_me_review,missing_indicator_target_registry,,,,,,,,,,,,,,,,,,,,,yes,,,yes,review proposed fixes
,,,,,,,,,,,,,,,,,,,,,,,,,,,,,,,,,,,,,,,,,,,,,,,,,,,,,,,,,,,,,,,,,,,,,,,,,,,,,,,,,,,,,,,,,,,,,,,,,,,,,,,,,,,,,xwalk_914759e3bebb09,PeaceWin,peacewin,act_630b1bc8e8a107,ind_8542fb7dca4c1c,CDGEWEFPA1,five days of training on tfgbv cyber crime investigation and prosecution to the police officials and prosecutors 20 focal points and public prosecuters on 9 districts,,indicator registry not available in source workbook,"Output 2: Strengthened national and subnational capacities to provide survivor-centered, multisector responses to gender-based violence and harmful practices, including child marriage, and to address discriminatory social and gender norms that limit bodily autonomy and reproductive rights, across the humanitarian and development continuum, with a focus on vulnerable and marginalized populations, including people with disabilities.","OUTCOME(S): 2. By 2027, more people, especially women, youth, children and the most marginalized increasingly participate in and benefit from equitably improved quality social services. 4. By 2027, more people, especially women, youth and the most marginalized increasingly participate in and benefit from coordinated, inclusive, participatory, transparent, and gender-responsive governance, access to justice and human rights at federal, provincial and local levels",,,,2026.0,,,unknown,peacewinprogramindicator.xlsx,finalactivitylist,35.0,incomplete_source_workbook,0.0,incomplete_source,requires_me_review,missing_indicator_target_registry,,,,,,,,,,,,,,,,,,,,,yes,,,yes,review proposed fixes
,,,,,,,,,,,,,,,,,,,,,,,,,,,,,,,,,,,,,,,,,,,,,,,,,,,,,,,,,,,,,,,,,,,,,,,,,,,,,,,,,,,,,,,,,,,,,,,,,,,,,,,,,,,,,xwalk_ffe27e06489deb,PeaceWin,peacewin,act_32ad52d3fe3a3f,ind_8542fb7dca4c1c,CDGEWEFPA11,engage with provincial youth council to strengthen youth participation in decision making bodies,,indicator registry not available in source workbook,"Output 2: Strengthened national and subnational capacities to provide survivor-centered, multisector responses to gender-based violence and harmful practices, including child marriage, and to address discriminatory social and gender norms that limit bodily autonomy and reproductive rights, across the humanitarian and development continuum, with a focus on vulnerable and marginalized populations, including people with disabilities.","OUTCOME(S): 2. By 2027, more people, especially women, youth, children and the most marginalized increasingly participate in and benefit from equitably improved quality social services. 4. By 2027, more people, especially women, youth and the most marginalized increasingly participate in and benefit from coordinated, inclusive, participatory, transparent, and gender-responsive governance, access to justice and human rights at federal, provincial and local levels",,,,2026.0,,,unknown,peacewinprogramindicator.xlsx,finalactivitylist,36.0,incomplete_source_workbook,0.0,incomplete_source,requires_me_review,missing_indicator_target_registry,,,,,,,,,,,,,,,,,,,,,yes,,,yes,review proposed fixes
,,,,,,,,,,,,,,,,,,,,,,,,,,,,,,,,,,,,,,,,,,,,,,,,,,,,,,,,,,,,,,,,,,,,,,,,,,,,,,,,,,,,,,,,,,,,,,,,,,,,,,,,,,,,,xwalk_e945dd5b5b1cce,PeaceWin,peacewin,act_9593e033118a64,ind_8542fb7dca4c1c,CDGEWEFPA12,support provincial youth council to develop local youth councils in local palika dhangadhi coordination with provincil youth council,,indicator registry not available in source workbook,"Output 2: Strengthened national and subnational capacities to provide survivor-centered, multisector responses to gender-based violence and harmful practices, including child marriage, and to address discriminatory social and gender norms that limit bodily autonomy and reproductive rights, across the humanitarian and development continuum, with a focus on vulnerable and marginalized populations, including people with disabilities.","OUTCOME(S): 2. By 2027, more people, especially women, youth, children and the most marginalized increasingly participate in and benefit from equitably improved quality social services. 4. By 2027, more people, especially women, youth and the most marginalized increasingly participate in and benefit from coordinated, inclusive, participatory, transparent, and gender-responsive governance, access to justice and human rights at federal, provincial and local levels",,,,2026.0,,,unknown,peacewinprogramindicator.xlsx,finalactivitylist,37.0,incomplete_source_workbook,0.0,incomplete_source,requires_me_review,missing_indicator_target_registry,,,,,,,,,,,,,,,,,,,,,yes,,,yes,review proposed fixes
,,,,,,,,,,,,,,,,,,,,,,,,,,,,,,,,,,,,,,,,,,,,,,,,,,,,,,,,,,,,,,,,,,,,,,,,,,,,,,,,,,,,,,,,,,,,,,,,,,,,,,,,,,,,,xwalk_1089ca23d1a3ff,PeaceWin,peacewin,act_d78e92dd9ace99,ind_8542fb7dca4c1c,CDPOLFP,material and equipment support to district police office women children and senior citizen service center kailali,,indicator registry not available in source workbook,"Output 2: Strengthened national and subnational capacities to provide survivor-centered, multisector responses to gender-based violence and harmful practices, including child marriage, and to address discriminatory social and gender norms that limit bodily autonomy and reproductive rights, across the humanitarian and development continuum, with a focus on vulnerable and marginalized populations, including people with disabilities.","OUTCOME(S): 2. By 2027, more people, especially women, youth, children and the most marginalized increasingly participate in and benefit from equitably improved quality social services. 4. By 2027, more people, especially women, youth and the most marginalized increasingly participate in and benefit from coordinated, inclusive, participatory, transparent, and gender-responsive governance, access to justice and human rights at federal, provincial and local levels",,,,2026.0,,,unknown,peacewinprogramindicator.xlsx,finalactivitylist,38.0,incomplete_source_workbook,0.0,incomplete_source,requires_me_review,missing_indicator_target_registry,,,,,,,,,,,,,,,,,,,,,yes,,,yes,review proposed fixes
,,,,,,,,,,,,,,,,,,,,,,,,,,,,,,,,,,,,,,,,,,,,,,,,,,,,,,,,,,,,,,,,,,,,,,,,,,,,,,,,,,,,,,,,,,,,,,,,,,,,,,,,,,,,,xwalk_024bd24f9f696e,PeaceWin,peacewin,act_38bdbbebc63e7c,ind_8542fb7dca4c1c,ADVSRHR11,sub activity 1 1 conduct orientation and advocacy with elected representatives and officals of 8 municipalities on on evidence based planning budgeting and budget execution to strengthen health systems governance,,indicator registry not available in source workbook,"Output 1.1: Strengthened and supported provinces municipalities ensure that SRHR issues are incorporated, and adequate budget is allocated","Outcome 1: Strengthened laws, policies, financing, and accountability for SRHR for women and girls, particularly AY, people living with disability and the most vulnerable, at the federal level and in selected provinces municipalities in the development humanitarian continuum",,,,2026.0,,,unknown,peacewinprogramindicator.xlsx,finalactivitylist,39.0,incomplete_source_workbook,0.0,incomplete_source,requires_me_review,missing_indicator_target_registry,,,,,,,,,,,,,,,,,,,,,yes,,,yes,review proposed fixes
,,,,,,,,,,,,,,,,,,,,,,,,,,,,,,,,,,,,,,,,,,,,,,,,,,,,,,,,,,,,,,,,,,,,,,,,,,,,,,,,,,,,,,,,,,,,,,,,,,,,,,,,,,,,,xwalk_ea347ff8040998,PeaceWin,peacewin,act_065440f36caaaf,ind_8542fb7dca4c1c,ADVSRHR12,sub activity 1 2 conduct project steering committee meeting with social development committee members focusing on key priority identified from different activities implemented in hfs sa hfomc and mss from 2025 linking with planning and budgeting of 2026,,indicator registry not available in source workbook,"Output 1.1: Strengthened and supported provinces municipalities ensure that SRHR issues are incorporated, and adequate budget is allocated","Outcome 1: Strengthened laws, policies, financing, and accountability for SRHR for women and girls, particularly AY, people living with disability and the most vulnerable, at the federal level and in selected provinces municipalities in the development humanitarian continuum",,,,2026.0,,,unknown,peacewinprogramindicator.xlsx,finalactivitylist,40.0,incomplete_source_workbook,0.0,incomplete_source,requires_me_review,missing_indicator_target_registry,,,,,,,,,,,,,,,,,,,,,yes,,,yes,review proposed fixes
,,,,,,,,,,,,,,,,,,,,,,,,,,,,,,,,,,,,,,,,,,,,,,,,,,,,,,,,,,,,,,,,,,,,,,,,,,,,,,,,,,,,,,,,,,,,,,,,,,,,,,,,,,,,,xwalk_b8212fc521e1b8,PeaceWin,peacewin,act_12e560641e743b,ind_8542fb7dca4c1c,ADVSRHR13,sub activity 1 3 support municiplaities to organize sharing of social audit findings with prepration of scale up plan in remaining health facilities from municipal resources 8 event 15 participants in each,,indicator registry not available in source workbook,"Output 1.1: Strengthened and supported provinces municipalities ensure that SRHR issues are incorporated, and adequate budget is allocated","Outcome 1: Strengthened laws, policies, financing, and accountability for SRHR for women and girls, particularly AY, people living with disability and the most vulnerable, at the federal level and in selected provinces municipalities in the development humanitarian continuum",,,,2026.0,,,unknown,peacewinprogramindicator.xlsx,finalactivitylist,41.0,incomplete_source_workbook,0.0,incomplete_source,requires_me_review,missing_indicator_target_registry,,,,,,,,,,,,,,,,,,,,,yes,,,yes,review proposed fixes
,,,,,,,,,,,,,,,,,,,,,,,,,,,,,,,,,,,,,,,,,,,,,,,,,,,,,,,,,,,,,,,,,,,,,,,,,,,,,,,,,,,,,,,,,,,,,,,,,,,,,,,,,,,,,xwalk_c87b56c2687e4c,PeaceWin,peacewin,act_8f8ba383c0f063,ind_8542fb7dca4c1c,ADVSRHR14,sub activity 1 4 orientation on srhr toolkit to provincial nrmin muan members provincial level event 25 30 participants,,indicator registry not available in source workbook,"Output 1.1: Strengthened and supported provinces municipalities ensure that SRHR issues are incorporated, and adequate budget is allocated","Outcome 1: Strengthened laws, policies, financing, and accountability for SRHR for women and girls, particularly AY, people living with disability and the most vulnerable, at the federal level and in selected provinces municipalities in the development humanitarian continuum",,,,2026.0,,,unknown,peacewinprogramindicator.xlsx,finalactivitylist,42.0,incomplete_source_workbook,0.0,incomplete_source,requires_me_review,missing_indicator_target_registry,,,,,,,,,,,,,,,,,,,,,yes,,,yes,review proposed fixes
,,,,,,,,,,,,,,,,,,,,,,,,,,,,,,,,,,,,,,,,,,,,,,,,,,,,,,,,,,,,,,,,,,,,,,,,,,,,,,,,,,,,,,,,,,,,,,,,,,,,,,,,,,,,,xwalk_9d8f5802cc64f3,PeaceWin,peacewin,act_0e056e7861ad58,ind_8542fb7dca4c1c,ADVSRHR15,sub activity 1 5 orientation on srhr toolkit to elected representative from rhea municipalities in bajhang and bajura district level event 40 participants in each district,,indicator registry not available in source workbook,"Output 1.1: Strengthened and supported provinces municipalities ensure that SRHR issues are incorporated, and adequate budget is allocated","Outcome 1: Strengthened laws, policies, financing, and accountability for SRHR for women and girls, particularly AY, people living with disability and the most vulnerable, at the federal level and in selected provinces municipalities in the development humanitarian continuum",,,,2026.0,,,unknown,peacewinprogramindicator.xlsx,finalactivitylist,43.0,incomplete_source_workbook,0.0,incomplete_source,requires_me_review,missing_indicator_target_registry,,,,,,,,,,,,,,,,,,,,,yes,,,yes,review proposed fixes
,,,,,,,,,,,,,,,,,,,,,,,,,,,,,,,,,,,,,,,,,,,,,,,,,,,,,,,,,,,,,,,,,,,,,,,,,,,,,,,,,,,,,,,,,,,,,,,,,,,,,,,,,,,,,xwalk_efb8680c90ab20,PeaceWin,peacewin,act_ee2dc42c1d58d8,ind_8542fb7dca4c1c,CDSRHR21,sub activity 2 1 support to provide follow up and monitoring visit to selected hfs to provide coaching and mentoring with specific focus on adolescent friendly srh service delivery 4 hf in each district 8hfs,,indicator registry not available in source workbook,"Output 1.1: Strengthened and supported provinces municipalities ensure that SRHR issues are incorporated, and adequate budget is allocated","Outcome 1: Strengthened laws, policies, financing, and accountability for SRHR for women and girls, particularly AY, people living with disability and the most vulnerable, at the federal level and in selected provinces municipalities in the development humanitarian continuum",,,,2026.0,,,unknown,peacewinprogramindicator.xlsx,finalactivitylist,44.0,incomplete_source_workbook,0.0,incomplete_source,requires_me_review,missing_indicator_target_registry,,,,,,,,,,,,,,,,,,,,,yes,,,yes,review proposed fixes
,,,,,,,,,,,,,,,,,,,,,,,,,,,,,,,,,,,,,,,,,,,,,,,,,,,,,,,,,,,,,,,,,,,,,,,,,,,,,,,,,,,,,,,,,,,,,,,,,,,,,,,,,,,,,xwalk_1eacf789904222,PeaceWin,peacewin,act_0d8a01b178b508,ind_8542fb7dca4c1c,CDSRHR22,sub activity 2 2 support to organize jont monitoring visit to hfs which received the support on hfomc mss sa in previous years with specific focus to review the implementation status of action points and service delivery status on cervical cancer screening sa before the sdc meeting at municipality 5 hf in each district 10hfs,,indicator registry not available in source workbook,"Output 1.1: Strengthened and supported provinces municipalities ensure that SRHR issues are incorporated, and adequate budget is allocated","Outcome 1: Strengthened laws, policies, financing, and accountability for SRHR for women and girls, particularly AY, people living with disability and the most vulnerable, at the federal level and in selected provinces municipalities in the development humanitarian continuum",,,,2026.0,,,unknown,peacewinprogramindicator.xlsx,finalactivitylist,45.0,incomplete_source_workbook,0.0,incomplete_source,requires_me_review,missing_indicator_target_registry,,,,,,,,,,,,,,,,,,,,,yes,,,yes,review proposed fixes
,,,,,,,,,,,,,,,,,,,,,,,,,,,,,,,,,,,,,,,,,,,,,,,,,,,,,,,,,,,,,,,,,,,,,,,,,,,,,,,,,,,,,,,,,,,,,,,,,,,,,,,,,,,,,xwalk_91a8e50394820c,PeaceWin,peacewin,act_9bfddb76e59314,ind_8542fb7dca4c1c,CDSRHR23,sub activity 2 3 facilitate an exchange visit between municipalities for demonstration of waste management sites established in 2025 and the replication of models 1 event in each districts 30 partcipants 6 7 per palika mayor d mayor hc sdc chair hfomc chair hp,,indicator registry not available in source workbook,"Output 1.1: Strengthened and supported provinces municipalities ensure that SRHR issues are incorporated, and adequate budget is allocated","Outcome 1: Strengthened laws, policies, financing, and accountability for SRHR for women and girls, particularly AY, people living with disability and the most vulnerable, at the federal level and in selected provinces municipalities in the development humanitarian continuum",,,,2026.0,,,unknown,peacewinprogramindicator.xlsx,finalactivitylist,46.0,incomplete_source_workbook,0.0,incomplete_source,requires_me_review,missing_indicator_target_registry,,,,,,,,,,,,,,,,,,,,,yes,,,yes,review proposed fixes
,,,,,,,,,,,,,,,,,,,,,,,,,,,,,,,,,,,,,,,,,,,,,,,,,,,,,,,,,,,,,,,,,,,,,,,,,,,,,,,,,,,,,,,,,,,,,,,,,,,,,,,,,,,,,xwalk_10a12ad60f835b,PeaceWin,peacewin,act_95905051b969a7,ind_8542fb7dca4c1c,CCDSRHR24,sub activity 2 4 support health office to scale up of pam v2 at health failities of bajhang to ensure proper recording and reporting strengthening the scm to ensure availability of fp rh commodities for continiue srhr service delivery 120 participants 5 batch,,indicator registry not available in source workbook,"Output 1.1: Strengthened and supported provinces municipalities ensure that SRHR issues are incorporated, and adequate budget is allocated","Outcome 1: Strengthened laws, policies, financing, and accountability for SRHR for women and girls, particularly AY, people living with disability and the most vulnerable, at the federal level and in selected provinces municipalities in the development humanitarian continuum",,,,2026.0,,,unknown,peacewinprogramindicator.xlsx,finalactivitylist,47.0,incomplete_source_workbook,0.0,incomplete_source,requires_me_review,missing_indicator_target_registry,,,,,,,,,,,,,,,,,,,,,yes,,,yes,review proposed fixes
,,,,,,,,,,,,,,,,,,,,,,,,,,,,,,,,,,,,,,,,,,,,,,,,,,,,,,,,,,,,,,,,,,,,,,,,,,,,,,,,,,,,,,,,,,,,,,,,,,,,,,,,,,,,,xwalk_45612acec299ab,PeaceWin,peacewin,act_6e3566632818d2,ind_8542fb7dca4c1c,ADVCSE31,sub activity 3 1 one day review and reflection of afic established in 2024 including nursing staff of the hfs near by afic to strengthen the quaity of afic and linkages between afic and hfs with specific focus on fp srh 1 event in each district 30 participants in each afic focal teacher nursing staff near by hfs and student,,indicator registry not available in source workbook,"Output 1.1: Strengthened and supported provinces municipalities ensure that SRHR issues are incorporated, and adequate budget is allocated","Outcome 1: Strengthened laws, policies, financing, and accountability for SRHR for women and girls, particularly AY, people living with disability and the most vulnerable, at the federal level and in selected provinces municipalities in the development humanitarian continuum",,,,2026.0,,,unknown,peacewinprogramindicator.xlsx,finalactivitylist,48.0,incomplete_source_workbook,0.0,incomplete_source,requires_me_review,missing_indicator_target_registry,,,,,,,,,,,,,,,,,,,,,yes,,,yes,review proposed fixes
,,,,,,,,,,,,,,,,,,,,,,,,,,,,,,,,,,,,,,,,,,,,,,,,,,,,,,,,,,,,,,,,,,,,,,,,,,,,,,,,,,,,,,,,,,,,,,,,,,,,,,,,,,,,,xwalk_ec657ae7e7c306,PeaceWin,peacewin,act_b0327ba2d6eb84,ind_8542fb7dca4c1c,MONITORRH1,joint monitoring government project staff and executive committee members,,indicator registry not available in source workbook,"Output 1.1: Strengthened and supported provinces municipalities ensure that SRHR issues are incorporated, and adequate budget is allocated","Outcome 1: Strengthened laws, policies, financing, and accountability for SRHR for women and girls, particularly AY, people living with disability and the most vulnerable, at the federal level and in selected provinces municipalities in the development humanitarian continuum",,,,2026.0,,,unknown,peacewinprogramindicator.xlsx,finalactivitylist,49.0,incomplete_source_workbook,0.0,incomplete_source,requires_me_review,missing_indicator_target_registry,,,,,,,,,,,,,,,,,,,,,yes,,,yes,review proposed fixes
,,,,,,,,,,,,,,,,,,,,,,,,,,,,,,,,,,,,,,,,,,,,,,,,,,,,,,,,,,,,,,,,,,,,,,,,,,,,,,,,,,,,,,,,,,,,,,,,,,,,,,,,,,,,,xwalk_c424e662f02a9f,PeaceWin,peacewin,act_22b51587e3d505,ind_8542fb7dca4c1c,CDMNH11,sub activity 1 1 support one day emergency obstetric care eoc mpdsr review and referral coordination workshop district level event in kailali and kanchanpur 35 participant from beonc and selected high high volume bcs,,indicator registry not available in source workbook,"Output 1.1: Strengthened and supported provinces municipalities ensure that SRHR issues are incorporated, and adequate budget is allocated","Outcome 1: Strengthened laws, policies, financing, and accountability for SRHR for women and girls, particularly AY, people living with disability and the most vulnerable, at the federal level and in selected provinces municipalities in the development humanitarian continuum",,,,2026.0,,,unknown,peacewinprogramindicator.xlsx,finalactivitylist,50.0,incomplete_source_workbook,0.0,incomplete_source,requires_me_review,missing_indicator_target_registry,,,,,,,,,,,,,,,,,,,,,yes,,,yes,review proposed fixes
,,,,,,,,,,,,,,,,,,,,,,,,,,,,,,,,,,,,,,,,,,,,,,,,,,,,,,,,,,,,,,,,,,,,,,,,,,,,,,,,,,,,,,,,,,,,,,,,,,,,,,,,,,,,,xwalk_1d5f3b5a85522d,PeaceWin,peacewin,act_452d42fceb8141,ind_8542fb7dca4c1c,CDMNH12,sub activity 1 2 review and technical update on safe abortion cervical cancer fp ppfp sti to service providers from high volume health facilities in bajhang and bajura with involvement of trainer from training sites 2 days event 2 event 30 participants in each,,indicator registry not available in source workbook,"Output 1.1: Strengthened and supported provinces municipalities ensure that SRHR issues are incorporated, and adequate budget is allocated","Outcome 1: Strengthened laws, policies, financing, and accountability for SRHR for women and girls, particularly AY, people living with disability and the most vulnerable, at the federal level and in selected provinces municipalities in the development humanitarian continuum",,,,2026.0,,,unknown,peacewinprogramindicator.xlsx,finalactivitylist,51.0,incomplete_source_workbook,0.0,incomplete_source,requires_me_review,missing_indicator_target_registry,,,,,,,,,,,,,,,,,,,,,yes,,,yes,review proposed fixes
,,,,,,,,,,,,,,,,,,,,,,,,,,,,,,,,,,,,,,,,,,,,,,,,,,,,,,,,,,,,,,,,,,,,,,,,,,,,,,,,,,,,,,,,,,,,,,,,,,,,,,,,,,,,,xwalk_9d1560c55c7872,PeaceWin,peacewin,act_80573ae78fcb4e,ind_8542fb7dca4c1c,CDMNH13,sub activity 1 3 training on disability inclusive and respectful maternity care for staff from selected hospitals of sudurpaschim 20 participants at province nursing maternity incharge phtc,,indicator registry not available in source workbook,"Output 1.1: Strengthened and supported provinces municipalities ensure that SRHR issues are incorporated, and adequate budget is allocated","Outcome 1: Strengthened laws, policies, financing, and accountability for SRHR for women and girls, particularly AY, people living with disability and the most vulnerable, at the federal level and in selected provinces municipalities in the development humanitarian continuum",,,,2026.0,,,unknown,peacewinprogramindicator.xlsx,finalactivitylist,52.0,incomplete_source_workbook,0.0,incomplete_source,requires_me_review,missing_indicator_target_registry,,,,,,,,,,,,,,,,,,,,,yes,,,yes,review proposed fixes
,,,,,,,,,,,,,,,,,,,,,,,,,,,,,,,,,,,,,,,,,,,,,,,,,,,,,,,,,,,,,,,,,,,,,,,,,,,,,,,,,,,,,,,,,,,,,,,,,,,,,,,,,,,,,xwalk_f290ce97c6ecc8,PeaceWin,peacewin,act_cff8f7ac2c82ce,ind_8542fb7dca4c1c,CDRHMNH14,sub activity 1 4 training on trainer tot on rh intigrated rh morbidity 3 days 20 partcipants from health office provicional health training centre and selected hospital,,indicator registry not available in source workbook,"Output 1.1: Strengthened and supported provinces municipalities ensure that SRHR issues are incorporated, and adequate budget is allocated","Outcome 1: Strengthened laws, policies, financing, and accountability for SRHR for women and girls, particularly AY, people living with disability and the most vulnerable, at the federal level and in selected provinces municipalities in the development humanitarian continuum",,,,2026.0,,,unknown,peacewinprogramindicator.xlsx,finalactivitylist,53.0,incomplete_source_workbook,0.0,incomplete_source,requires_me_review,missing_indicator_target_registry,,,,,,,,,,,,,,,,,,,,,yes,,,yes,review proposed fixes
,,,,,,,,,,,,,,,,,,,,,,,,,,,,,,,,,,,,,,,,,,,,,,,,,,,,,,,,,,,,,,,,,,,,,,,,,,,,,,,,,,,,,,,,,,,,,,,,,,,,,,,,,,,,,xwalk_06d6d0becf08fe,PeaceWin,peacewin,act_c97c39bd86e8ab,ind_8542fb7dca4c1c,CDMNH15,sub activity 1 5 support mosd to organize referral coordintation meeting focusing on mpdsr and emergency obstretic care partcipants from selected referral hospitals of kailali and kanchanpur 40 participants at province,,indicator registry not available in source workbook,"Output 1.1: Strengthened and supported provinces municipalities ensure that SRHR issues are incorporated, and adequate budget is allocated","Outcome 1: Strengthened laws, policies, financing, and accountability for SRHR for women and girls, particularly AY, people living with disability and the most vulnerable, at the federal level and in selected provinces municipalities in the development humanitarian continuum",,,,2026.0,,,unknown,peacewinprogramindicator.xlsx,finalactivitylist,54.0,incomplete_source_workbook,0.0,incomplete_source,requires_me_review,missing_indicator_target_registry,,,,,,,,,,,,,,,,,,,,,yes,,,yes,review proposed fixes
,,,,,,,,,,,,,,,,,,,,,,,,,,,,,,,,,,,,,,,,,,,,,,,,,,,,,,,,,,,,,,,,,,,,,,,,,,,,,,,,,,,,,,,,,,,,,,,,,,,,,,,,,,,,,xwalk_d83d4839a2d337,PeaceWin,peacewin,act_f24ba3cfafc896,ind_8542fb7dca4c1c,MONITORRH2,joint monitoring government project staff and executive committee members,,indicator registry not available in source workbook,"Output 1.1: Strengthened and supported provinces municipalities ensure that SRHR issues are incorporated, and adequate budget is allocated","Outcome 1: Strengthened laws, policies, financing, and accountability for SRHR for women and girls, particularly AY, people living with disability and the most vulnerable, at the federal level and in selected provinces municipalities in the development humanitarian continuum",,,,2026.0,,,unknown,peacewinprogramindicator.xlsx,finalactivitylist,55.0,incomplete_source_workbook,0.0,incomplete_source,requires_me_review,missing_indicator_target_registry,,,,,,,,,,,,,,,,,,,,,yes,,,yes,review proposed fixes
,,,,,,,,,,,,,,,,,,,,,,,,,,,,,,,,,,,,,,,,,,,,,,,,,,,,,,,,,,,,,,,,,,,,,,,,,,,,,,,,,,,,,,,,,,,,,,,,,,,,,,,,,,,,,xwalk_2e612cde744506,PeaceWin,peacewin,act_82c84b18a670bb,ind_8542fb7dca4c1c,ADVSRHR111,advsrhr1 support provincial government to disseminate the findings from emonc prioritization workshop to strengthen the emonc service delivery,,indicator registry not available in source workbook,"Output 1.1: Strengthened and supported provinces municipalities ensure that SRHR issues are incorporated, and adequate budget is allocated","Outcome 1: Strengthened laws, policies, financing, and accountability for SRHR for women and girls, particularly AY, people living with disability and the most vulnerable, at the federal level and in selected provinces municipalities in the development humanitarian continuum",,,,2026.0,,,unknown,peacewinprogramindicator.xlsx,finalactivitylist,56.0,incomplete_source_workbook,0.0,incomplete_source,requires_me_review,missing_indicator_target_registry,,,,,,,,,,,,,,,,,,,,,yes,,,yes,review proposed fixes
,,,,,,,,,,,,,,,,,,,,,,,,,,,,,,,,,,,,,,,,,,,,,,,,,,,,,,,,,,,,,,,,,,,,,,,,,,,,,,,,,,,,,,,,,,,,,,,,,,,,,,,,,,,,,xwalk_f7a7a8d2953561,PeaceWin,peacewin,act_2a53665ed31484,ind_8542fb7dca4c1c,ADVSRHR2,advsrhr2 dialogue and interaction among government stakeholders and people living with disability lgbtiq including relevant stakeholder to ensure adequate consideration of policy and programme on sexual and reproductive health needs and right including during humanitarian situation to promote accountability towards their right and need 35 participant facilitation support from nfdn and lgbtiq community,,indicator registry not available in source workbook,"Output 1.1: Strengthened and supported provinces municipalities ensure that SRHR issues are incorporated, and adequate budget is allocated","Outcome 1: Strengthened laws, policies, financing, and accountability for SRHR for women and girls, particularly AY, people living with disability and the most vulnerable, at the federal level and in selected provinces municipalities in the development humanitarian continuum",,,,2026.0,,,unknown,peacewinprogramindicator.xlsx,finalactivitylist,57.0,incomplete_source_workbook,0.0,incomplete_source,requires_me_review,missing_indicator_target_registry,,,,,,,,,,,,,,,,,,,,,yes,,,yes,review proposed fixes
,,,,,,,,,,,,,,,,,,,,,,,,,,,,,,,,,,,,,,,,,,,,,,,,,,,,,,,,,,,,,,,,,,,,,,,,,,,,,,,,,,,,,,,,,,,,,,,,,,,,,,,,,,,,,xwalk_883156d9d58ae5,PeaceWin,peacewin,act_7ce8db0984ade7,ind_8542fb7dca4c1c,CDSRHR311,cdsrhr3 organize orientation to male adolscents boys and male parents on family planning and safe motherhood high risk pregnancy and danger signs fp emergency contraceptives 10 events near by the high volumn birthing centres 30 participants in each,,indicator registry not available in source workbook,"Output 1.1: Strengthened and supported provinces municipalities ensure that SRHR issues are incorporated, and adequate budget is allocated","Outcome 1: Strengthened laws, policies, financing, and accountability for SRHR for women and girls, particularly AY, people living with disability and the most vulnerable, at the federal level and in selected provinces municipalities in the development humanitarian continuum",,,,2026.0,,,unknown,peacewinprogramindicator.xlsx,finalactivitylist,58.0,incomplete_source_workbook,0.0,incomplete_source,requires_me_review,missing_indicator_target_registry,,,,,,,,,,,,,,,,,,,,,yes,,,yes,review proposed fixes
,,,,,,,,,,,,,,,,,,,,,,,,,,,,,,,,,,,,,,,,,,,,,,,,,,,,,,,,,,,,,,,,,,,,,,,,,,,,,,,,,,,,,,,,,,,,,,,,,,,,,,,,,,,,,xwalk_320d632eb0e17a,PeaceWin,peacewin,act_fcb025b1011ca1,ind_8542fb7dca4c1c,ADVHF11,sub activity 1 1 pre planning workshop with executive member and municipal official to ensure evidence based planning and budgeting on fp scm 1 day event lg level accham and baitadi 30 participants each palika 5,,indicator registry not available in source workbook,"Output 1.1: Strengthened and supported provinces municipalities ensure that SRHR issues are incorporated, and adequate budget is allocated","Outcome 1: Strengthened laws, policies, financing, and accountability for SRHR for women and girls, particularly AY, people living with disability and the most vulnerable, at the federal level and in selected provinces municipalities in the development humanitarian continuum",,,,2026.0,,,unknown,peacewinprogramindicator.xlsx,finalactivitylist,59.0,incomplete_source_workbook,0.0,incomplete_source,requires_me_review,missing_indicator_target_registry,,,,,,,,,,,,,,,,,,,,,yes,,,yes,review proposed fixes
,,,,,,,,,,,,,,,,,,,,,,,,,,,,,,,,,,,,,,,,,,,,,,,,,,,,,,,,,,,,,,,,,,,,,,,,,,,,,,,,,,,,,,,,,,,,,,,,,,,,,,,,,,,,,xwalk_17fb175a497e81,PeaceWin,peacewin,act_ce2773a0020de7,ind_8542fb7dca4c1c,ADVHF12,sub activity 1 2 support health directorate to organize fp rh focused review and planning meeting including representative from private sector provider province level event partcipants from health office and private institution,,indicator registry not available in source workbook,"Output 1.1: Strengthened and supported provinces municipalities ensure that SRHR issues are incorporated, and adequate budget is allocated","Outcome 1: Strengthened laws, policies, financing, and accountability for SRHR for women and girls, particularly AY, people living with disability and the most vulnerable, at the federal level and in selected provinces municipalities in the development humanitarian continuum",,,,2026.0,,,unknown,peacewinprogramindicator.xlsx,finalactivitylist,60.0,incomplete_source_workbook,0.0,incomplete_source,requires_me_review,missing_indicator_target_registry,,,,,,,,,,,,,,,,,,,,,yes,,,yes,review proposed fixes
,,,,,,,,,,,,,,,,,,,,,,,,,,,,,,,,,,,,,,,,,,,,,,,,,,,,,,,,,,,,,,,,,,,,,,,,,,,,,,,,,,,,,,,,,,,,,,,,,,,,,,,,,,,,,xwalk_ed64e86ec44717,PeaceWin,peacewin,act_48d3a2622abba3,ind_8542fb7dca4c1c,ADVHF13,sub activity 1 3 support to functionalize srhr fp coordination mechanism rhcc to create program enabling environment and resource mobilization 1 event in each kailali and kanchanpur district level event 30 participant in each including rh focal person from lg,,indicator registry not available in source workbook,"Output 1.1: Strengthened and supported provinces municipalities ensure that SRHR issues are incorporated, and adequate budget is allocated","Outcome 1: Strengthened laws, policies, financing, and accountability for SRHR for women and girls, particularly AY, people living with disability and the most vulnerable, at the federal level and in selected provinces municipalities in the development humanitarian continuum",,,,2026.0,,,unknown,peacewinprogramindicator.xlsx,finalactivitylist,61.0,incomplete_source_workbook,0.0,incomplete_source,requires_me_review,missing_indicator_target_registry,,,,,,,,,,,,,,,,,,,,,yes,,,yes,review proposed fixes
,,,,,,,,,,,,,,,,,,,,,,,,,,,,,,,,,,,,,,,,,,,,,,,,,,,,,,,,,,,,,,,,,,,,,,,,,,,,,,,,,,,,,,,,,,,,,,,,,,,,,,,,,,,,,xwalk_d4cda17c234198,PeaceWin,peacewin,act_7d5c7491f9c284,ind_8542fb7dca4c1c,ADVHF14,sub activity 1 4 fp rh review workshop including fp rh commodities security identify the key issues and gaps and prepare action points to be considered in programme and planning 2 days district level events in kailali and kanchanpur 30 participants in each events 2 participants from each lg ho and distrct hospital and phd,,indicator registry not available in source workbook,"Output 1.1: Strengthened and supported provinces municipalities ensure that SRHR issues are incorporated, and adequate budget is allocated","Outcome 1: Strengthened laws, policies, financing, and accountability for SRHR for women and girls, particularly AY, people living with disability and the most vulnerable, at the federal level and in selected provinces municipalities in the development humanitarian continuum",,,,2026.0,,,unknown,peacewinprogramindicator.xlsx,finalactivitylist,62.0,incomplete_source_workbook,0.0,incomplete_source,requires_me_review,missing_indicator_target_registry,,,,,,,,,,,,,,,,,,,,,yes,,,yes,review proposed fixes
,,,,,,,,,,,,,,,,,,,,,,,,,,,,,,,,,,,,,,,,,,,,,,,,,,,,,,,,,,,,,,,,,,,,,,,,,,,,,,,,,,,,,,,,,,,,,,,,,,,,,,,,,,,,,xwalk_6ab1ade2e98ac2,PeaceWin,peacewin,act_9c38f44fd31bf3,ind_8542fb7dca4c1c,CDSCM21,sub activity 2 1 2 days forecasting and quantification training to health coordinator and store focal person from each llg of kanchanpur,,indicator registry not available in source workbook,"Output 1.1: Strengthened and supported provinces municipalities ensure that SRHR issues are incorporated, and adequate budget is allocated","Outcome 1: Strengthened laws, policies, financing, and accountability for SRHR for women and girls, particularly AY, people living with disability and the most vulnerable, at the federal level and in selected provinces municipalities in the development humanitarian continuum",,,,2026.0,,,unknown,peacewinprogramindicator.xlsx,finalactivitylist,63.0,incomplete_source_workbook,0.0,incomplete_source,requires_me_review,missing_indicator_target_registry,,,,,,,,,,,,,,,,,,,,,yes,,,yes,review proposed fixes
,,,,,,,,,,,,,,,,,,,,,,,,,,,,,,,,,,,,,,,,,,,,,,,,,,,,,,,,,,,,,,,,,,,,,,,,,,,,,,,,,,,,,,,,,,,,,,,,,,,,,,,,,,,,,xwalk_683e12218dd69b,PeaceWin,peacewin,act_2ca500599e4dc2,ind_8542fb7dca4c1c,CDSCM22,sub activity 2 2 training of trainer tot on pams v2 to participant from district store and and hospitals provincial level events 20 participants,,indicator registry not available in source workbook,"Output 1.1: Strengthened and supported provinces municipalities ensure that SRHR issues are incorporated, and adequate budget is allocated","Outcome 1: Strengthened laws, policies, financing, and accountability for SRHR for women and girls, particularly AY, people living with disability and the most vulnerable, at the federal level and in selected provinces municipalities in the development humanitarian continuum",,,,2026.0,,,unknown,peacewinprogramindicator.xlsx,finalactivitylist,64.0,incomplete_source_workbook,0.0,incomplete_source,requires_me_review,missing_indicator_target_registry,,,,,,,,,,,,,,,,,,,,,yes,,,yes,review proposed fixes
,,,,,,,,,,,,,,,,,,,,,,,,,,,,,,,,,,,,,,,,,,,,,,,,,,,,,,,,,,,,,,,,,,,,,,,,,,,,,,,,,,,,,,,,,,,,,,,,,,,,,,,,,,,,,xwalk_b1f32985693acc,PeaceWin,peacewin,act_0dc79f5f285542,ind_8542fb7dca4c1c,CDSCM23,sub activity 2 3 training on pams v2 for coordinator store focal persons of lg bajura 2 days 18 particiants,,indicator registry not available in source workbook,"Output 1.1: Strengthened and supported provinces municipalities ensure that SRHR issues are incorporated, and adequate budget is allocated","Outcome 1: Strengthened laws, policies, financing, and accountability for SRHR for women and girls, particularly AY, people living with disability and the most vulnerable, at the federal level and in selected provinces municipalities in the development humanitarian continuum",,,,2026.0,,,unknown,peacewinprogramindicator.xlsx,finalactivitylist,65.0,incomplete_source_workbook,0.0,incomplete_source,requires_me_review,missing_indicator_target_registry,,,,,,,,,,,,,,,,,,,,,yes,,,yes,review proposed fixes
,,,,,,,,,,,,,,,,,,,,,,,,,,,,,,,,,,,,,,,,,,,,,,,,,,,,,,,,,,,,,,,,,,,,,,,,,,,,,,,,,,,,,,,,,,,,,,,,,,,,,,,,,,,,,xwalk_d3b89c33ae06e0,PeaceWin,peacewin,act_8317fcec6328b9,ind_8542fb7dca4c1c,CCDSCM24,sub activity 2 4 support health office to scale up of pam v2 at health failities of kanchanpur to ensure proper recording and reporting and strengthening the scm 125 sdps 9 llgs 4 batch,,indicator registry not available in source workbook,"Output 1.1: Strengthened and supported provinces municipalities ensure that SRHR issues are incorporated, and adequate budget is allocated","Outcome 1: Strengthened laws, policies, financing, and accountability for SRHR for women and girls, particularly AY, people living with disability and the most vulnerable, at the federal level and in selected provinces municipalities in the development humanitarian continuum",,,,2026.0,,,unknown,peacewinprogramindicator.xlsx,finalactivitylist,66.0,incomplete_source_workbook,0.0,incomplete_source,requires_me_review,missing_indicator_target_registry,,,,,,,,,,,,,,,,,,,,,yes,,,yes,review proposed fixes
,,,,,,,,,,,,,,,,,,,,,,,,,,,,,,,,,,,,,,,,,,,,,,,,,,,,,,,,,,,,,,,,,,,,,,,,,,,,,,,,,,,,,,,,,,,,,,,,,,,,,,,,,,,,,xwalk_75794a4859c20c,PeaceWin,peacewin,act_7b7092635acdd7,ind_8542fb7dca4c1c,CDSCM25,sub activity 2 5 improve the visibility of unfpa supported commodities by conducting joint spot checks provide coaching and mentoring jointly with the government stakeholders phlmc ho district store municipalities minimum 20 hf 10 institution llg district store,,indicator registry not available in source workbook,"Output 1.1: Strengthened and supported provinces municipalities ensure that SRHR issues are incorporated, and adequate budget is allocated","Outcome 1: Strengthened laws, policies, financing, and accountability for SRHR for women and girls, particularly AY, people living with disability and the most vulnerable, at the federal level and in selected provinces municipalities in the development humanitarian continuum",,,,2026.0,,,unknown,peacewinprogramindicator.xlsx,finalactivitylist,67.0,incomplete_source_workbook,0.0,incomplete_source,requires_me_review,missing_indicator_target_registry,,,,,,,,,,,,,,,,,,,,,yes,,,yes,review proposed fixes
,,,,,,,,,,,,,,,,,,,,,,,,,,,,,,,,,,,,,,,,,,,,,,,,,,,,,,,,,,,,,,,,,,,,,,,,,,,,,,,,,,,,,,,,,,,,,,,,,,,,,,,,,,,,,xwalk_58b2a960e2f3cf,PeaceWin,peacewin,act_02f0bc840fff8d,ind_8542fb7dca4c1c,CDSCM26,sub activity 2 6 support to phlmc through supply chain consultant to strengthen scm and improve the stock out situation of the province,,indicator registry not available in source workbook,"Output 1.1: Strengthened and supported provinces municipalities ensure that SRHR issues are incorporated, and adequate budget is allocated","Outcome 1: Strengthened laws, policies, financing, and accountability for SRHR for women and girls, particularly AY, people living with disability and the most vulnerable, at the federal level and in selected provinces municipalities in the development humanitarian continuum",,,,2026.0,,,unknown,peacewinprogramindicator.xlsx,finalactivitylist,68.0,incomplete_source_workbook,0.0,incomplete_source,requires_me_review,missing_indicator_target_registry,,,,,,,,,,,,,,,,,,,,,yes,,,yes,review proposed fixes
,,,,,,,,,,,,,,,,,,,,,,,,,,,,,,,,,,,,,,,,,,,,,,,,,,,,,,,,,,,,,,,,,,,,,,,,,,,,,,,,,,,,,,,,,,,,,,,,,,,,,,,,,,,,,xwalk_060edf95e8720a,PeaceWin,peacewin,act_1970fd13e21c5c,ind_8542fb7dca4c1c,CDFPAA31,sub activity 3 1 strengthening ppfp larc and safe abortion services in selected hf mnh service provider targeting iucd implant and safe abortion sites distritc level event participants from high volume service site 1 event in each district baitadi bajhang bajura accham 25 hfs participants,,indicator registry not available in source workbook,"Output 1.1: Strengthened and supported provinces municipalities ensure that SRHR issues are incorporated, and adequate budget is allocated","Outcome 1: Strengthened laws, policies, financing, and accountability for SRHR for women and girls, particularly AY, people living with disability and the most vulnerable, at the federal level and in selected provinces municipalities in the development humanitarian continuum",,,,2026.0,,,unknown,peacewinprogramindicator.xlsx,finalactivitylist,69.0,incomplete_source_workbook,0.0,incomplete_source,requires_me_review,missing_indicator_target_registry,,,,,,,,,,,,,,,,,,,,,yes,,,yes,review proposed fixes
,,,,,,,,,,,,,,,,,,,,,,,,,,,,,,,,,,,,,,,,,,,,,,,,,,,,,,,,,,,,,,,,,,,,,,,,,,,,,,,,,,,,,,,,,,,,,,,,,,,,,,,,,,,,,xwalk_ae6141f947e875,PeaceWin,peacewin,act_d55938d6fe80df,ind_8542fb7dca4c1c,CDFPAA32,sub activity 3 2 mobilization of volunteers at holding center of kailali and kanchanpur focusing on especial needs of migrant workers need fp gbv sti message before new year and dashain 2 times 4 month in a year in coordination with undp global fund,,indicator registry not available in source workbook,"Output 1.1: Strengthened and supported provinces municipalities ensure that SRHR issues are incorporated, and adequate budget is allocated","Outcome 1: Strengthened laws, policies, financing, and accountability for SRHR for women and girls, particularly AY, people living with disability and the most vulnerable, at the federal level and in selected provinces municipalities in the development humanitarian continuum",,,,2026.0,,,unknown,peacewinprogramindicator.xlsx,finalactivitylist,70.0,incomplete_source_workbook,0.0,incomplete_source,requires_me_review,missing_indicator_target_registry,,,,,,,,,,,,,,,,,,,,,yes,,,yes,review proposed fixes
,,,,,,,,,,,,,,,,,,,,,,,,,,,,,,,,,,,,,,,,,,,,,,,,,,,,,,,,,,,,,,,,,,,,,,,,,,,,,,,,,,,,,,,,,,,,,,,,,,,,,,,,,,,,,xwalk_80666e8fb86451,PeaceWin,peacewin,act_28c6a0f1d8dee2,ind_8542fb7dca4c1c,CDFPAA33,sub activity 3 3 support to organize two days review and technical update to strengthen the post pregnance family planning services of selected hospitals facility level 1 event in each district hospital of baitadi bajhang bajura dadeldhura 20 participants in each,,indicator registry not available in source workbook,"Output 1.1: Strengthened and supported provinces municipalities ensure that SRHR issues are incorporated, and adequate budget is allocated","Outcome 1: Strengthened laws, policies, financing, and accountability for SRHR for women and girls, particularly AY, people living with disability and the most vulnerable, at the federal level and in selected provinces municipalities in the development humanitarian continuum",,,,2026.0,,,unknown,peacewinprogramindicator.xlsx,finalactivitylist,71.0,incomplete_source_workbook,0.0,incomplete_source,requires_me_review,missing_indicator_target_registry,,,,,,,,,,,,,,,,,,,,,yes,,,yes,review proposed fixes
,,,,,,,,,,,,,,,,,,,,,,,,,,,,,,,,,,,,,,,,,,,,,,,,,,,,,,,,,,,,,,,,,,,,,,,,,,,,,,,,,,,,,,,,,,,,,,,,,,,,,,,,,,,,,xwalk_3678fbe028df74,PeaceWin,peacewin,act_52e0c21a502dae,ind_8542fb7dca4c1c,CDCAC34,sub activity 3 4 review and technical update onsafe abortion and family planning from high volume health acilities hospital with involvement of trainer from training sites 1 days event baitadi accham doti 30 participants in each events,,indicator registry not available in source workbook,"Output 1.1: Strengthened and supported provinces municipalities ensure that SRHR issues are incorporated, and adequate budget is allocated","Outcome 1: Strengthened laws, policies, financing, and accountability for SRHR for women and girls, particularly AY, people living with disability and the most vulnerable, at the federal level and in selected provinces municipalities in the development humanitarian continuum",,,,2026.0,,,unknown,peacewinprogramindicator.xlsx,finalactivitylist,72.0,incomplete_source_workbook,0.0,incomplete_source,requires_me_review,missing_indicator_target_registry,,,,,,,,,,,,,,,,,,,,,yes,,,yes,review proposed fixes
,,,,,,,,,,,,,,,,,,,,,,,,,,,,,,,,,,,,,,,,,,,,,,,,,,,,,,,,,,,,,,,,,,,,,,,,,,,,,,,,,,,,,,,,,,,,,,,,,,,,,,,,,,,,,,,,,,,,,,,,,,,,,,,,,,,,,,,,,,,,ip_5863bebc3cd580,PeaceWin,peacewin,peacewinprogramindicator.xlsx,H:\My Drive\unfpamel_agentic_ai\data\uploads\ipprograminidcator,matched_direct,1.0,pending_user_validation,Responsible IP inferred from source workbook identity.,,,,,,,yes,,,yes,review proposed fixes
