province,district,palika,final_latitude,final_longitude,final_coordinate_source,final_coordinate_quality,local_unit_source_name,local_unit_source_district,local_unit_source_province,local_unit_match_method,final_review_note
Koshi,Bhojpur,Aamchowk Rural Municipality,26.96451934,87.02385358,local_unit_shapefile_centroid,local_unit_confirmed,Aamchowk,BHOJPUR,Koshi,local_unit_exact_district_palika,Resolved using local_unit shapefile centroid; UNFPA name retained.
Koshi,Bhojpur,Arun Rural Municipality,27.18948181,87.19902936,local_unit_shapefile_centroid,local_unit_confirmed,Arun,BHOJPUR,Koshi,local_unit_exact_district_palika,Resolved using local_unit shapefile centroid; UNFPA name retained.
Koshi,Bhojpur,Bhojpur Municipality,27.20166165,87.06058084,local_unit_shapefile_centroid,local_unit_confirmed,Bhojpur,BHOJPUR,Koshi,local_unit_exact_district_palika,Resolved using local_unit shapefile centroid; UNFPA name retained.
Koshi,Bhojpur,Hatuwagadhi Rural Municipality,27.00381493,87.13158072,local_unit_shapefile_centroid,local_unit_confirmed,Hatuwagadhi,BHOJPUR,Koshi,local_unit_exact_district_palika,Resolved using local_unit shapefile centroid; UNFPA name retained.
Koshi,Bhojpur,Pauwa Dunma Rural Municipality,27.12506214,87.14751857,local_unit_shapefile_centroid,local_unit_review_variant,Pauwadungma,BHOJPUR,Koshi,local_unit_fuzzy_same_district,Resolved using local_unit shapefile centroid; UNFPA name retained; source name/renaming variant should be reviewed.
Koshi,Bhojpur,Ramprasad Rai Rural Municipality,27.08491398,87.02382222,local_unit_shapefile_centroid,local_unit_confirmed,Ramprasad Rai,BHOJPUR,Koshi,local_unit_exact_district_palika,Resolved using local_unit shapefile centroid; UNFPA name retained.
Koshi,Bhojpur,Salpa Silichho Rural Municipality,27.39853417,87.00575831,local_unit_shapefile_centroid,local_unit_confirmed,Salpasilichho,BHOJPUR,Koshi,local_unit_exact_district_palika,Resolved using local_unit shapefile centroid; UNFPA name retained.
Koshi,Bhojpur,Shadananda Municipality,27.32972430,87.11134714,local_unit_shapefile_centroid,local_unit_confirmed,Shadananda,BHOJPUR,Koshi,local_unit_exact_district_palika,Resolved using local_unit shapefile centroid; UNFPA name retained.
Koshi,Bhojpur,Tyamke Maiyum Rural Municipality,27.21017459,86.96848240,local_unit_shapefile_centroid,local_unit_review_variant,Tyamkemaiyung,BHOJPUR,Koshi,local_unit_fuzzy_same_district,Resolved using local_unit shapefile centroid; UNFPA name retained; source name/renaming variant should be reviewed.
Koshi,Dhankuta,Chaubise Rural Municipality,26.91385314,87.47759504,local_unit_shapefile_centroid,local_unit_confirmed,Chaubise,DHANKUTA,Koshi,local_unit_exact_district_palika,Resolved using local_unit shapefile centroid; UNFPA name retained.
Koshi,Dhankuta,Chhathar Jorpati Rural Municipality,27.02640361,87.39045712,local_unit_shapefile_centroid,local_unit_confirmed,Chhathar Jorpati,DHANKUTA,Koshi,local_unit_exact_district_palika,Resolved using local_unit shapefile centroid; UNFPA name retained.
Koshi,Dhankuta,Dhankuta Municipality,26.98290020,87.33091206,local_unit_shapefile_centroid,local_unit_confirmed,Dhankuta,DHANKUTA,Koshi,local_unit_exact_district_palika,Resolved using local_unit shapefile centroid; UNFPA name retained.
Koshi,Dhankuta,Khalsa Chhintang Sahidbhumi Rural Municipality,26.98383267,87.20794534,palika_center_fallback,confirmed,,,,local_unit_unmatched,No reliable local_unit match; retained previous palika_center coordinate. Review only if GIS-grade precision is required.
Koshi,Dhankuta,Mahalaxmi Municipality,27.13670656,87.33263943,local_unit_shapefile_centroid,local_unit_confirmed,Mahalaxmi,DHANKUTA,Koshi,local_unit_exact_district_palika,Resolved using local_unit shapefile centroid; UNFPA name retained.
Koshi,Dhankuta,Pakhribas Municipality,27.05219327,87.25437380,local_unit_shapefile_centroid,local_unit_confirmed,Pakhribas,DHANKUTA,Koshi,local_unit_exact_district_palika,Resolved using local_unit shapefile centroid; UNFPA name retained.
Koshi,Dhankuta,Sangurigadhi Rural Municipality,26.89577330,87.30996646,local_unit_shapefile_centroid,local_unit_confirmed,Sangurigadhi,DHANKUTA,Koshi,local_unit_exact_district_palika,Resolved using local_unit shapefile centroid; UNFPA name retained.
Koshi,Ilam,Chulachuli Rural Municipality,26.74714319,87.72508838,local_unit_shapefile_centroid,local_unit_confirmed,Chulachuli,ILAM,Koshi,local_unit_exact_district_palika,Resolved using local_unit shapefile centroid; UNFPA name retained.
Koshi,Ilam,Deumai Municipality,26.92088608,87.83253733,local_unit_shapefile_centroid,local_unit_confirmed,Deumai,ILAM,Koshi,local_unit_exact_district_palika,Resolved using local_unit shapefile centroid; UNFPA name retained.
Koshi,Ilam,Fakfokathum Rural Municipality,26.96530363,87.75183306,local_unit_shapefile_centroid,local_unit_review_variant,Fakphokthum,ILAM,Koshi,local_unit_fuzzy_same_district,Resolved using local_unit shapefile centroid; UNFPA name retained; source name/renaming variant should be reviewed.
Koshi,Ilam,Ilam Municipality,26.93098450,87.91127723,local_unit_shapefile_centroid,local_unit_review_variant,Illam,ILAM,Koshi,local_unit_fuzzy_same_district,Resolved using local_unit shapefile centroid; UNFPA name retained; source name/renaming variant should be reviewed.
Koshi,Ilam,Mai Jogmai Rural Municipality,26.96199327,88.01512500,local_unit_shapefile_centroid,local_unit_confirmed,Maijogmai,ILAM,Koshi,local_unit_exact_district_palika,Resolved using local_unit shapefile centroid; UNFPA name retained.
Koshi,Ilam,Mai Municipality,26.76641194,87.87060639,local_unit_shapefile_centroid,local_unit_confirmed,Mai,ILAM,Koshi,local_unit_exact_district_palika,Resolved using local_unit shapefile centroid; UNFPA name retained.
Koshi,Ilam,Mangsebung Rural Municipality,26.83157733,87.73065162,local_unit_shapefile_centroid,local_unit_confirmed,Mangsebung,ILAM,Koshi,local_unit_exact_district_palika,Resolved using local_unit shapefile centroid; UNFPA name retained.
Koshi,Ilam,Rong Rural Municipality,26.80270094,88.07332228,local_unit_shapefile_centroid,local_unit_confirmed,Rong,ILAM,Koshi,local_unit_exact_district_palika,Resolved using local_unit shapefile centroid; UNFPA name retained.
Koshi,Ilam,Sandakpur Rural Municipality,27.05014124,87.95722532,local_unit_shapefile_centroid,local_unit_confirmed,Sandakpur,ILAM,Koshi,local_unit_exact_district_palika,Resolved using local_unit shapefile centroid; UNFPA name retained.
Koshi,Ilam,Suryodaya Municipality,26.89031551,88.07121300,local_unit_shapefile_centroid,local_unit_confirmed,Suryodaya,ILAM,Koshi,local_unit_exact_district_palika,Resolved using local_unit shapefile centroid; UNFPA name retained.
Koshi,Jhapa,Arjundhara Municipality,26.70420367,87.98690288,local_unit_shapefile_centroid,local_unit_confirmed,Arjundhara,JHAPA,Koshi,local_unit_exact_district_palika,Resolved using local_unit shapefile centroid; UNFPA name retained.
Koshi,Jhapa,Barhadashi Rural Municipality,26.53413942,87.93113282,local_unit_shapefile_centroid,local_unit_confirmed,Barhadashi,JHAPA,Koshi,local_unit_exact_district_palika,Resolved using local_unit shapefile centroid; UNFPA name retained.
Koshi,Jhapa,Bhadrapur Municipality,26.52394405,88.07689310,local_unit_shapefile_centroid,local_unit_confirmed,Bhadrapur,JHAPA,Koshi,local_unit_exact_district_palika,Resolved using local_unit shapefile centroid; UNFPA name retained.
Koshi,Jhapa,Birtamod Municipality,26.60838974,87.99661057,local_unit_shapefile_centroid,local_unit_confirmed,Birtamod,JHAPA,Koshi,local_unit_exact_district_palika,Resolved using local_unit shapefile centroid; UNFPA name retained.
Koshi,Jhapa,Buddhashanti Rural Municipality,26.73214063,88.06861090,local_unit_shapefile_centroid,local_unit_confirmed,Buddhashanti,JHAPA,Koshi,local_unit_exact_district_palika,Resolved using local_unit shapefile centroid; UNFPA name retained.
Koshi,Jhapa,Damak Municipality,26.67261448,87.67921415,local_unit_shapefile_centroid,local_unit_confirmed,Damak,JHAPA,Koshi,local_unit_exact_district_palika,Resolved using local_unit shapefile centroid; UNFPA name retained.
Koshi,Jhapa,Gauradaha Municipality,26.53216108,87.70755313,local_unit_shapefile_centroid,local_unit_review_variant,Gauradhaha,JHAPA,Koshi,local_unit_fuzzy_same_district,Resolved using local_unit shapefile centroid; UNFPA name retained; source name/renaming variant should be reviewed.
Koshi,Jhapa,Gauriganj Rural Municipality,26.46413225,87.75092182,local_unit_shapefile_centroid,local_unit_confirmed,Gauriganj,JHAPA,Koshi,local_unit_exact_district_palika,Resolved using local_unit shapefile centroid; UNFPA name retained.
Koshi,Jhapa,Haldibari Rural Municipality,26.51528406,88.00412386,local_unit_shapefile_centroid,local_unit_confirmed,Haldibari,JHAPA,Koshi,local_unit_exact_district_palika,Resolved using local_unit shapefile centroid; UNFPA name retained.
Koshi,Jhapa,Jhapa Rural Municipality,26.51053477,87.86755995,local_unit_shapefile_centroid,local_unit_confirmed,Jhapa,JHAPA,Koshi,local_unit_exact_district_palika,Resolved using local_unit shapefile centroid; UNFPA name retained.
Koshi,Jhapa,Kachanakawal Rural Municipality,26.42329836,88.00214185,local_unit_shapefile_centroid,local_unit_review_variant,Kachankawal,JHAPA,Koshi,local_unit_fuzzy_same_district,Resolved using local_unit shapefile centroid; UNFPA name retained; source name/renaming variant should be reviewed.
Koshi,Jhapa,Kamal Rural Municipality,26.61485355,87.73771913,local_unit_shapefile_centroid,local_unit_confirmed,Kamal,JHAPA,Koshi,local_unit_exact_district_palika,Resolved using local_unit shapefile centroid; UNFPA name retained.
Koshi,Jhapa,Kankai Municipality,26.64012742,87.90816243,local_unit_shapefile_centroid,local_unit_confirmed,Kankai,JHAPA,Koshi,local_unit_exact_district_palika,Resolved using local_unit shapefile centroid; UNFPA name retained.
Koshi,Jhapa,Mechinagar Municipality,26.67496417,88.11838073,local_unit_shapefile_centroid,local_unit_confirmed,Mechinagar,JHAPA,Koshi,local_unit_exact_district_palika,Resolved using local_unit shapefile centroid; UNFPA name retained.
Koshi,Jhapa,Shivasatakshi Municipality,26.61176177,87.82330610,local_unit_shapefile_centroid,local_unit_review_variant,Shivasataxi,JHAPA,Koshi,local_unit_fuzzy_same_district,Resolved using local_unit shapefile centroid; UNFPA name retained; source name/renaming variant should be reviewed.
Koshi,Khotang,Halesi Tuwachung Municipality,27.166398,86.6064,local_unit_shapefile_centroid,local_unit_confirmed,Halesi Tuwachung,KHOTANG,Koshi,local_unit_confirmed_from_khotang_review,Confirmed current Khotang local level; source shapefile name matches.
Koshi,Khotang,Diktel Rupakot Majhuwagadhi Municipality,27.232799,86.805072,local_unit_shapefile_centroid,local_unit_name_updated_final,Rupakot Majhuwagadhi,KHOTANG,Koshi,local_unit_confirmed_from_khotang_review,Final name corrected from source short name; user's local-level evidence includes Diktel Rupakot Majhuwagadhi.
Koshi,Khotang,Ainselukhark Rural Municipality,27.371674,86.763734,local_unit_shapefile_centroid,local_unit_name_updated_final,Ainselukhark,KHOTANG,Koshi,local_unit_confirmed_from_khotang_review,Final spelling aligned with current local-level map/table.
Koshi,Khotang,Rawa Besi Rural Municipality,27.278502,86.712652,local_unit_shapefile_centroid,local_unit_confirmed,Rawa Besi,KHOTANG,Koshi,local_unit_confirmed_from_khotang_review,Added to replace outdated/non-current Lamidanda entry.
Koshi,Khotang,Jantedhunga Rural Municipality,26.973137,86.91634,local_unit_shapefile_centroid,local_unit_confirmed,Jantedhunga,KHOTANG,Koshi,local_unit_confirmed_from_khotang_review,Final spelling aligned with current local-level map/table.
Koshi,Khotang,Khotehang Rural Municipality,27.047889,86.853034,local_unit_shapefile_centroid,local_unit_confirmed,Khotehang,KHOTANG,Koshi,local_unit_confirmed_from_khotang_review,Confirmed current Khotang local level.
Koshi,Khotang,Kepilasgadhi Rural Municipality,27.344546,86.886503,local_unit_shapefile_centroid,local_unit_name_updated_final,Kepilasagadhi,KHOTANG,Koshi,local_unit_confirmed_from_khotang_review,Final spelling aligned with current local-level table; source uses Kepilasagadhi.
Koshi,Khotang,Diprung Chuichumma Rural Municipality,27.103543,86.791219,local_unit_shapefile_centroid,local_unit_name_updated_final,Diprung,KHOTANG,Koshi,local_unit_confirmed_from_khotang_review,Final name corrected from source short name; user's local-level evidence includes Diprung Chuichumma.
Koshi,Khotang,Sakela Rural Municipality,27.172067,86.883377,local_unit_shapefile_centroid,local_unit_confirmed,Sakela,KHOTANG,Koshi,local_unit_confirmed_from_khotang_review,Confirmed current Khotang local level.
Koshi,Khotang,Barahapokhari Rural Municipality,26.934737,86.8256,local_unit_shapefile_centroid,local_unit_confirmed,Barahapokhari,KHOTANG,Koshi,local_unit_confirmed_from_khotang_review,Final spelling aligned with current local-level map/table.
Koshi,Morang,Belbari Municipality,26.62930555,87.44202014,local_unit_shapefile_centroid,local_unit_confirmed,Belbari,MORANG,Koshi,local_unit_exact_district_palika,Resolved using local_unit shapefile centroid; UNFPA name retained.
Koshi,Morang,Biratnagar Metropolitan City,26.44902920,87.27969491,local_unit_shapefile_centroid,local_unit_confirmed,Biratnagar,MORANG,Koshi,local_unit_exact_district_palika,Resolved using local_unit shapefile centroid; UNFPA name retained.
Koshi,Morang,Budhiganga Rural Municipality,26.56101663,87.30070896,local_unit_shapefile_centroid,local_unit_confirmed,Budhiganga,MORANG,Koshi,local_unit_exact_district_palika,Resolved using local_unit shapefile centroid; UNFPA name retained.
Koshi,Morang,Dhanapalthan Rural Municipality,26.45639048,87.40517080,local_unit_shapefile_centroid,local_unit_review_variant,Dhanpalthan,MORANG,Koshi,local_unit_fuzzy_same_district,Resolved using local_unit shapefile centroid; UNFPA name retained; source name/renaming variant should be reviewed.
Koshi,Morang,Gramthan Rural Municipality,26.55353155,87.35797745,local_unit_shapefile_centroid,local_unit_confirmed,Gramthan,MORANG,Koshi,local_unit_exact_district_palika,Resolved using local_unit shapefile centroid; UNFPA name retained.
Koshi,Morang,Jahada Rural Municipality,26.40539140,87.33539861,local_unit_shapefile_centroid,local_unit_confirmed,Jahada,MORANG,Koshi,local_unit_exact_district_palika,Resolved using local_unit shapefile centroid; UNFPA name retained.
Koshi,Morang,Kanepokhari Rural Municipality,26.59611494,87.50298468,local_unit_shapefile_centroid,local_unit_confirmed,Kanepokhari,MORANG,Koshi,local_unit_exact_district_palika,Resolved using local_unit shapefile centroid; UNFPA name retained.
Koshi,Morang,Katahari Rural Municipality,26.48678009,87.34585887,local_unit_shapefile_centroid,local_unit_confirmed,Katahari,MORANG,Koshi,local_unit_exact_district_palika,Resolved using local_unit shapefile centroid; UNFPA name retained.
Koshi,Morang,Kerabari Rural Municipality,26.78554087,87.40672556,local_unit_shapefile_centroid,local_unit_confirmed,Kerabari,MORANG,Koshi,local_unit_exact_district_palika,Resolved using local_unit shapefile centroid; UNFPA name retained.
Koshi,Morang,Letang Municipality,26.75510727,87.51920193,local_unit_shapefile_centroid,local_unit_confirmed,Letang,MORANG,Koshi,local_unit_exact_district_palika,Resolved using local_unit shapefile centroid; UNFPA name retained.
Koshi,Morang,Miklajung Rural Municipality,26.78057121,87.61491062,local_unit_shapefile_centroid,local_unit_confirmed,Miklajung,MORANG,Koshi,local_unit_exact_district_palika,Resolved using local_unit shapefile centroid; UNFPA name retained.
Koshi,Morang,Pathari Shanishchare Municipality,26.61149529,87.56773741,local_unit_shapefile_centroid,local_unit_review_variant,Patahrishanishchare,MORANG,Koshi,local_unit_fuzzy_same_district,Resolved using local_unit shapefile centroid; UNFPA name retained; source name/renaming variant should be reviewed.
Koshi,Morang,Rangeli Municipality,26.49422172,87.47276872,local_unit_shapefile_centroid,local_unit_confirmed,Rangeli,MORANG,Koshi,local_unit_exact_district_palika,Resolved using local_unit shapefile centroid; UNFPA name retained.
Koshi,Morang,Ratuwamai Municipality,26.47882099,87.62258876,local_unit_shapefile_centroid,local_unit_confirmed,Ratuwamai,MORANG,Koshi,local_unit_exact_district_palika,Resolved using local_unit shapefile centroid; UNFPA name retained.
Koshi,Morang,Sundarharaicha Municipality,26.65715267,87.35240093,local_unit_shapefile_centroid,local_unit_confirmed,Sundarharaicha,MORANG,Koshi,local_unit_exact_district_palika,Resolved using local_unit shapefile centroid; UNFPA name retained.
Koshi,Morang,Sunwarshi Municipality,26.48100734,87.55720914,local_unit_shapefile_centroid,local_unit_confirmed,Sunwarshi,MORANG,Koshi,local_unit_exact_district_palika,Resolved using local_unit shapefile centroid; UNFPA name retained.
Koshi,Morang,Urlabari Municipality,26.64893238,87.62429982,local_unit_shapefile_centroid,local_unit_review_variant,Uralabari,MORANG,Koshi,local_unit_fuzzy_same_district,Resolved using local_unit shapefile centroid; UNFPA name retained; source name/renaming variant should be reviewed.
Koshi,Okhaldhunga,Champadevi Rural Municipality,27.31001475,86.29384597,local_unit_shapefile_centroid,local_unit_confirmed,Champadevi,OKHALDHUNGA,Koshi,local_unit_exact_district_palika,Resolved using local_unit shapefile centroid; UNFPA name retained.
Koshi,Okhaldhunga,Chishankhu Gadhi Rural Municipality,27.30706660,86.61691402,local_unit_shapefile_centroid,local_unit_review_variant,Chisankhugadhi,OKHALDHUNGA,Koshi,local_unit_fuzzy_same_district,Resolved using local_unit shapefile centroid; UNFPA name retained; source name/renaming variant should be reviewed.
Koshi,Okhaldhunga,Khiji Demba Rural Municipality,27.45328883,86.36477276,local_unit_shapefile_centroid,local_unit_confirmed,Khijidemba,OKHALDHUNGA,Koshi,local_unit_exact_district_palika,Resolved using local_unit shapefile centroid; UNFPA name retained.
Koshi,Okhaldhunga,Likhu Rural Municipality,27.38063067,86.26899127,local_unit_shapefile_centroid,local_unit_confirmed,Likhu,OKHALDHUNGA,Koshi,local_unit_exact_district_palika,Resolved using local_unit shapefile centroid; UNFPA name retained.
Koshi,Okhaldhunga,Manebhanjyang Rural Municipality,27.21688567,86.47102080,local_unit_shapefile_centroid,local_unit_confirmed,Manebhanjyang,OKHALDHUNGA,Koshi,local_unit_exact_district_palika,Resolved using local_unit shapefile centroid; UNFPA name retained.
Koshi,Okhaldhunga,Molung Rural Municipality,27.36517458,86.43042664,local_unit_shapefile_centroid,local_unit_confirmed,Molung,OKHALDHUNGA,Koshi,local_unit_exact_district_palika,Resolved using local_unit shapefile centroid; UNFPA name retained.
Koshi,Okhaldhunga,Siddhicharan Municipality,27.32335167,86.51647914,local_unit_shapefile_centroid,local_unit_confirmed,Siddhicharan,OKHALDHUNGA,Koshi,local_unit_exact_district_palika,Resolved using local_unit shapefile centroid; UNFPA name retained.
Koshi,Okhaldhunga,Sunkoshi Rural Municipality,27.26948171,86.37480962,local_unit_shapefile_centroid,local_unit_confirmed,Sunkoshi,OKHALDHUNGA,Koshi,local_unit_exact_district_palika,Resolved using local_unit shapefile centroid; UNFPA name retained.
Koshi,Panchthar,Falelung Rural Municipality,27.17291098,87.92918487,local_unit_shapefile_centroid,local_unit_confirmed,Falelung,PANCHTHAR,Koshi,local_unit_exact_district_palika,Resolved using local_unit shapefile centroid; UNFPA name retained.
Koshi,Panchthar,Falgunanda Rural Municipality,27.04929369,87.74177062,local_unit_shapefile_centroid,local_unit_confirmed,Falgunanda,PANCHTHAR,Koshi,local_unit_exact_district_palika,Resolved using local_unit shapefile centroid; UNFPA name retained.
Koshi,Panchthar,Hilihan Rural Municipality,27.22105818,87.76525030,local_unit_shapefile_centroid,local_unit_review_variant,Hilihang,PANCHTHAR,Koshi,local_unit_fuzzy_same_district,Resolved using local_unit shapefile centroid; UNFPA name retained; source name/renaming variant should be reviewed.
Koshi,Panchthar,Kummayak Rural Municipality,27.06765087,87.63282010,local_unit_shapefile_centroid,local_unit_confirmed,Kummayak,PANCHTHAR,Koshi,local_unit_exact_district_palika,Resolved using local_unit shapefile centroid; UNFPA name retained.
Koshi,Panchthar,Miklajung Rural Municipality,26.92391344,87.62808640,local_unit_shapefile_centroid,local_unit_confirmed,Miklajung,PANCHTHAR,Koshi,local_unit_exact_district_palika,Resolved using local_unit shapefile centroid; UNFPA name retained.
Koshi,Panchthar,Phidim Municipality,27.11656097,87.80194262,local_unit_shapefile_centroid,local_unit_confirmed,Phidim,PANCHTHAR,Koshi,local_unit_exact_district_palika,Resolved using local_unit shapefile centroid; UNFPA name retained.
Koshi,Panchthar,Tumbewa Rural Municipality,26.98149710,87.58153268,local_unit_shapefile_centroid,local_unit_confirmed,Tumbewa,PANCHTHAR,Koshi,local_unit_exact_district_palika,Resolved using local_unit shapefile centroid; UNFPA name retained.
Koshi,Panchthar,Yangbarak Rural Municipality,27.28195274,87.95404801,local_unit_shapefile_centroid,local_unit_review_variant,Yangwarak,PANCHTHAR,Koshi,local_unit_fuzzy_same_district,Resolved using local_unit shapefile centroid; UNFPA name retained; source name/renaming variant should be reviewed.
Koshi,Sankhuwasabha,Bhotkhola Rural Municipality,27.75874345,87.45128841,local_unit_shapefile_centroid,local_unit_confirmed,Bhotkhola,SANKHUWASABHA,Koshi,local_unit_exact_district_palika,Resolved using local_unit shapefile centroid; UNFPA name retained.
Koshi,Sankhuwasabha,Chainapur Municipality,27.30492865,87.36382772,local_unit_shapefile_centroid,local_unit_review_variant,Chainpur,SANKHUWASABHA,Koshi,local_unit_fuzzy_same_district,Resolved using local_unit shapefile centroid; UNFPA name retained; source name/renaming variant should be reviewed.
Koshi,Sankhuwasabha,Chichila Rural Municipality,27.47973636,87.23443661,local_unit_shapefile_centroid,local_unit_confirmed,Chichila,SANKHUWASABHA,Koshi,local_unit_exact_district_palika,Resolved using local_unit shapefile centroid; UNFPA name retained.
Koshi,Sankhuwasabha,Dharmadevi Municipality,27.20760263,87.34867280,local_unit_shapefile_centroid,local_unit_confirmed,Dharmadevi,SANKHUWASABHA,Koshi,local_unit_exact_district_palika,Resolved using local_unit shapefile centroid; UNFPA name retained.
Koshi,Sankhuwasabha,Khandabari Municipality,27.39872571,87.19549346,local_unit_shapefile_centroid,local_unit_review_variant,Khandbari,SANKHUWASABHA,Koshi,local_unit_fuzzy_same_district,Resolved using local_unit shapefile centroid; UNFPA name retained; source name/renaming variant should be reviewed.
Koshi,Sankhuwasabha,Madi Municipality,27.25687363,87.41815228,local_unit_shapefile_centroid,local_unit_confirmed,Madi,SANKHUWASABHA,Koshi,local_unit_exact_district_palika,Resolved using local_unit shapefile centroid; UNFPA name retained.
Koshi,Sankhuwasabha,Makalu Rural Municipality,27.68448008,87.22755194,local_unit_shapefile_centroid,local_unit_confirmed,Makalu,SANKHUWASABHA,Koshi,local_unit_exact_district_palika,Resolved using local_unit shapefile centroid; UNFPA name retained.
Koshi,Sankhuwasabha,Panchakhapan Municipality,27.35469053,87.30969320,local_unit_shapefile_centroid,local_unit_confirmed,Panchakhapan,SANKHUWASABHA,Koshi,local_unit_exact_district_palika,Resolved using local_unit shapefile centroid; UNFPA name retained.
Koshi,Sankhuwasabha,Sabhapokhari Rural Municipality,27.44718097,87.36416696,local_unit_shapefile_centroid,local_unit_confirmed,Sabhapokhari,SANKHUWASABHA,Koshi,local_unit_exact_district_palika,Resolved using local_unit shapefile centroid; UNFPA name retained.
Koshi,Sankhuwasabha,Silichong Rural Municipality,27.56031834,87.05644750,local_unit_shapefile_centroid,local_unit_confirmed,Silichong,SANKHUWASABHA,Koshi,local_unit_exact_district_palika,Resolved using local_unit shapefile centroid; UNFPA name retained.
Koshi,Solukhumbu,Dhudha Koushika Rural Municipality,27.53301924,86.69537228,local_unit_shapefile_centroid,local_unit_confirmed,Dudhkoshi,SOLUKHUMBU,Koshi,local_unit_exact_district_palika,Resolved using local_unit shapefile centroid; UNFPA name retained.
Koshi,Solukhumbu,Dhudhakoshi Rural Municipality,27.53301924,86.69537228,local_unit_shapefile_centroid,local_unit_confirmed,Dudhkoshi,SOLUKHUMBU,Koshi,local_unit_exact_district_palika,Resolved using local_unit shapefile centroid; UNFPA name retained.
Koshi,Solukhumbu,Khumbu Pasanglhamu Rural Municipality,27.87727761,86.72920878,local_unit_shapefile_centroid,local_unit_review_variant,Khumbupasanglahmu,SOLUKHUMBU,Koshi,local_unit_fuzzy_same_district,Resolved using local_unit shapefile centroid; UNFPA name retained; source name/renaming variant should be reviewed.
Koshi,Solukhumbu,Likhu Pike Rural Municipality,27.55664484,86.43959453,local_unit_shapefile_centroid,local_unit_confirmed,Likhupike,SOLUKHUMBU,Koshi,local_unit_exact_district_palika,Resolved using local_unit shapefile centroid; UNFPA name retained.
Koshi,Solukhumbu,Mahakulung Rural Municipality,27.64447514,86.90454725,local_unit_shapefile_centroid,local_unit_confirmed,Mahakulung,SOLUKHUMBU,Koshi,local_unit_exact_district_palika,Resolved using local_unit shapefile centroid; UNFPA name retained.
Koshi,Solukhumbu,Necha Salyan Rural Municipality,27.37038630,86.61055710,local_unit_shapefile_centroid,local_unit_confirmed,Nechasalyan,SOLUKHUMBU,Koshi,local_unit_exact_district_palika,Resolved using local_unit shapefile centroid; UNFPA name retained.
Koshi,Solukhumbu,Solu Dhudhakunda Municipality,27.56704739,86.57496092,local_unit_shapefile_centroid,local_unit_review_variant,Solududhakunda,SOLUKHUMBU,Koshi,local_unit_fuzzy_same_district,Resolved using local_unit shapefile centroid; UNFPA name retained; source name/renaming variant should be reviewed.
Koshi,Solukhumbu,Sotang Rural Municipality,27.49669158,86.78930435,local_unit_shapefile_centroid,local_unit_confirmed,Sotang,SOLUKHUMBU,Koshi,local_unit_exact_district_palika,Resolved using local_unit shapefile centroid; UNFPA name retained.
Koshi,Sunsari,Baraha Municipality,26.75439695,87.13606631,local_unit_shapefile_centroid,local_unit_review_variant,Barah,SUNSARI,Koshi,local_unit_fuzzy_same_district,Resolved using local_unit shapefile centroid; UNFPA name retained; source name/renaming variant should be reviewed.
Koshi,Sunsari,Barju Rural Municipality,26.45920247,87.20851468,local_unit_shapefile_centroid,local_unit_confirmed,Barju,SUNSARI,Koshi,local_unit_exact_district_palika,Resolved using local_unit shapefile centroid; UNFPA name retained.
Koshi,Sunsari,Bhokraha Rural Municipality,26.62693093,87.10313282,palika_center_fallback,confirmed,,,,local_unit_unmatched,No reliable local_unit match; retained previous palika_center coordinate. Review only if GIS-grade precision is required.
Koshi,Sunsari,Dewangunj Rural Municipality,26.45211755,87.15311648,local_unit_shapefile_centroid,local_unit_review_variant,Dewanganj,SUNSARI,Koshi,local_unit_fuzzy_same_district,Resolved using local_unit shapefile centroid; UNFPA name retained; source name/renaming variant should be reviewed.
Koshi,Sunsari,Dharan Sub-Metropolitan City,26.80055165,87.27699064,local_unit_shapefile_centroid,local_unit_confirmed,Dharan,SUNSARI,Koshi,local_unit_exact_district_palika,Resolved using local_unit shapefile centroid; UNFPA name retained.
Koshi,Sunsari,Duhabi Municipality,26.55416981,87.24897402,local_unit_shapefile_centroid,local_unit_confirmed,Duhabi,SUNSARI,Koshi,local_unit_exact_district_palika,Resolved using local_unit shapefile centroid; UNFPA name retained.
Koshi,Sunsari,Gadhi Rural Municipality,26.56028642,87.19919468,local_unit_shapefile_centroid,local_unit_confirmed,Gadhi,SUNSARI,Koshi,local_unit_exact_district_palika,Resolved using local_unit shapefile centroid; UNFPA name retained.
Koshi,Sunsari,Harinagara Rural Municipality,26.49841720,87.11592297,local_unit_shapefile_centroid,local_unit_review_variant,Harinagar,SUNSARI,Koshi,local_unit_fuzzy_same_district,Resolved using local_unit shapefile centroid; UNFPA name retained; source name/renaming variant should be reviewed.
Koshi,Sunsari,Inaruwa Municipality,26.60672816,87.16489314,local_unit_shapefile_centroid,local_unit_confirmed,Inaruwa,SUNSARI,Koshi,local_unit_exact_district_palika,Resolved using local_unit shapefile centroid; UNFPA name retained.
Koshi,Sunsari,Itahari Sub-Metropolitan City,26.67238038,87.26750048,local_unit_shapefile_centroid,local_unit_confirmed,Itahari,SUNSARI,Koshi,local_unit_exact_district_palika,Resolved using local_unit shapefile centroid; UNFPA name retained.
Koshi,Sunsari,Koshi Rural Municipality,26.56675488,87.00964685,local_unit_shapefile_centroid,local_unit_confirmed,Koshi,SUNSARI,Koshi,local_unit_exact_district_palika,Resolved using local_unit shapefile centroid; UNFPA name retained.
Koshi,Sunsari,Ramdhuni Municipality,26.68725332,87.18311322,local_unit_shapefile_centroid,local_unit_confirmed,Ramdhuni,SUNSARI,Koshi,local_unit_exact_district_palika,Resolved using local_unit shapefile centroid; UNFPA name retained.
Koshi,Taplejung,Aatharai Tribeni Rural Municipality,27.30924077,87.62191989,local_unit_shapefile_centroid,local_unit_review_variant,Aathrai Tribeni,TAPLEJUNG,Koshi,local_unit_fuzzy_same_district,Resolved using local_unit shapefile centroid; UNFPA name retained; source name/renaming variant should be reviewed.
Koshi,Taplejung,Maiwakhola Rural Municipality,27.37332356,87.51581937,local_unit_shapefile_centroid,local_unit_confirmed,Maiwakhola,TAPLEJUNG,Koshi,local_unit_exact_district_palika,Resolved using local_unit shapefile centroid; UNFPA name retained.
Koshi,Taplejung,Meringden Rural Municipality,27.46514496,87.54755539,local_unit_shapefile_centroid,local_unit_confirmed,Meringden,TAPLEJUNG,Koshi,local_unit_exact_district_palika,Resolved using local_unit shapefile centroid; UNFPA name retained.
Koshi,Taplejung,Mikwakhola Rural Municipality,27.58324003,87.63036582,local_unit_shapefile_centroid,local_unit_confirmed,Mikwakhola,TAPLEJUNG,Koshi,local_unit_exact_district_palika,Resolved using local_unit shapefile centroid; UNFPA name retained.
Koshi,Taplejung,Phaktanlung Rural Municipality,27.70270466,87.89971822,local_unit_shapefile_centroid,local_unit_review_variant,Phaktanglung,TAPLEJUNG,Koshi,local_unit_fuzzy_same_district,Resolved using local_unit shapefile centroid; UNFPA name retained; source name/renaming variant should be reviewed.
Koshi,Taplejung,Phungling Municipality,27.38064043,87.71461024,local_unit_shapefile_centroid,local_unit_confirmed,Phungling,TAPLEJUNG,Koshi,local_unit_exact_district_palika,Resolved using local_unit shapefile centroid; UNFPA name retained.
Koshi,Taplejung,Sidingba Rural Municipality,27.35195351,87.94435116,local_unit_shapefile_centroid,local_unit_confirmed,Sidingba,TAPLEJUNG,Koshi,local_unit_exact_district_palika,Resolved using local_unit shapefile centroid; UNFPA name retained.
Koshi,Taplejung,Sirijanga Rural Municipality,27.47568955,87.94909598,local_unit_shapefile_centroid,local_unit_review_variant,Sirijangha,TAPLEJUNG,Koshi,local_unit_fuzzy_same_district,Resolved using local_unit shapefile centroid; UNFPA name retained; source name/renaming variant should be reviewed.
Koshi,Taplejung,Yangwarak Rural Municipality,27.29994747,87.74410517,palika_center_fallback,confirmed,Yangwarak,PANCHTHAR,Koshi,local_unit_global_name_district_mismatch,No reliable local_unit match; retained previous palika_center coordinate. Review only if GIS-grade precision is required.
Koshi,Terhathum,Aatharai Rural Municipality,27.21395988,87.66369540,local_unit_shapefile_centroid,local_unit_review_variant,Aathrai,TERHATHUM,Koshi,local_unit_fuzzy_same_district,Resolved using local_unit shapefile centroid; UNFPA name retained; source name/renaming variant should be reviewed.
Koshi,Terhathum,Chhathar Rural Municipality,27.04003527,87.48163218,local_unit_shapefile_centroid,local_unit_confirmed,Chhathar,TERHATHUM,Koshi,local_unit_exact_district_palika,Resolved using local_unit shapefile centroid; UNFPA name retained.
Koshi,Terhathum,Laligurans Municipality,27.12764444,87.45064634,local_unit_shapefile_centroid,local_unit_confirmed,Laligurans,TERHATHUM,Koshi,local_unit_exact_district_palika,Resolved using local_unit shapefile centroid; UNFPA name retained.
Koshi,Terhathum,Menchhayayem Rural Municipality,27.24389061,87.52342892,local_unit_shapefile_centroid,local_unit_review_variant,Menchayam,TERHATHUM,Koshi,local_unit_fuzzy_same_district,Resolved using local_unit shapefile centroid; UNFPA name retained; source name/renaming variant should be reviewed.
Koshi,Terhathum,Myanglung Municipality,27.13844648,87.52861468,local_unit_shapefile_centroid,local_unit_confirmed,Myanglung,TERHATHUM,Koshi,local_unit_exact_district_palika,Resolved using local_unit shapefile centroid; UNFPA name retained.
Koshi,Terhathum,Phedap Rural Municipality,27.18005485,87.58714703,local_unit_shapefile_centroid,local_unit_confirmed,Phedap,TERHATHUM,Koshi,local_unit_exact_district_palika,Resolved using local_unit shapefile centroid; UNFPA name retained.
Koshi,Udayapur,Belaka Municipality,26.82421175,87.05257316,local_unit_shapefile_centroid,local_unit_confirmed,Belaka,UDAYAPUR,Koshi,local_unit_exact_district_palika,Resolved using local_unit shapefile centroid; UNFPA name retained.
Koshi,Udayapur,Chaudandigadhi Municipality,26.80844030,86.88274657,local_unit_shapefile_centroid,local_unit_confirmed,Chaudandigadhi,UDAYAPUR,Koshi,local_unit_exact_district_palika,Resolved using local_unit shapefile centroid; UNFPA name retained.
Koshi,Udayapur,Katari Municipality,26.99862068,86.38659913,local_unit_shapefile_centroid,local_unit_confirmed,Katari,UDAYAPUR,Koshi,local_unit_exact_district_palika,Resolved using local_unit shapefile centroid; UNFPA name retained.
Koshi,Udayapur,Rautamai Rural Municipality,26.98174564,86.67362675,local_unit_shapefile_centroid,local_unit_confirmed,Rautamai,UDAYAPUR,Koshi,local_unit_exact_district_palika,Resolved using local_unit shapefile centroid; UNFPA name retained.
Koshi,Udayapur,Sunkoshi Rural Municipality,27.08688180,86.64335419,local_unit_shapefile_centroid,local_unit_confirmed,Sunkoshi,UDAYAPUR,Koshi,local_unit_exact_district_palika,Resolved using local_unit shapefile centroid; UNFPA name retained.
Koshi,Udayapur,Tapli Rural Municipality,27.07811947,86.54538551,local_unit_shapefile_centroid,local_unit_confirmed,Tapli,UDAYAPUR,Koshi,local_unit_exact_district_palika,Resolved using local_unit shapefile centroid; UNFPA name retained.
Koshi,Udayapur,Triyuga Municipality,26.80662053,86.69335092,local_unit_shapefile_centroid,local_unit_confirmed,Triyuga,UDAYAPUR,Koshi,local_unit_exact_district_palika,Resolved using local_unit shapefile centroid; UNFPA name retained.
Koshi,Udayapur,Udayapurgadhi Rural Municipality,26.93744043,86.53893602,local_unit_shapefile_centroid,local_unit_confirmed,Udayapurgadhi,UDAYAPUR,Koshi,local_unit_exact_district_palika,Resolved using local_unit shapefile centroid; UNFPA name retained.
Madhesh,Bara,Aadarsha Kotwal Rural Municipality,26.94455240,85.14416502,local_unit_shapefile_centroid,local_unit_review_variant,Adarshkotwal,BARA,Madhesh,local_unit_fuzzy_same_district,Resolved using local_unit shapefile centroid; UNFPA name retained; source name/renaming variant should be reviewed.
Madhesh,Bara,Baragadi Rural Municipality,26.99623858,85.13838595,local_unit_shapefile_centroid,local_unit_review_variant,Baragadhi,BARA,Madhesh,local_unit_fuzzy_same_district,Resolved using local_unit shapefile centroid; UNFPA name retained; source name/renaming variant should be reviewed.
Madhesh,Bara,Bishrampur Rural Municipality,26.98721843,84.91011504,local_unit_shapefile_centroid,local_unit_confirmed,Bishrampur,BARA,Madhesh,local_unit_exact_district_palika,Resolved using local_unit shapefile centroid; UNFPA name retained.
Madhesh,Bara,Devtal Rural Municipality,26.94343725,85.00693402,local_unit_shapefile_centroid,local_unit_confirmed,Devtal,BARA,Madhesh,local_unit_exact_district_palika,Resolved using local_unit shapefile centroid; UNFPA name retained.
Madhesh,Bara,Jeetpursimara Sub Metropolitan City,27.20029491,85.01067276,local_unit_shapefile_centroid,local_unit_review_variant,Jitpur Simara,BARA,Madhesh,local_unit_fuzzy_same_district,Resolved using local_unit shapefile centroid; UNFPA name retained; source name/renaming variant should be reviewed.
Madhesh,Bara,Kalaiya Sub Metropolitan City,27.02863930,85.01156681,local_unit_shapefile_centroid,local_unit_confirmed,Kalaiya,BARA,Madhesh,local_unit_exact_district_palika,Resolved using local_unit shapefile centroid; UNFPA name retained.
Madhesh,Bara,Karaiyamai Rural Municipality,27.03663532,85.09859147,local_unit_shapefile_centroid,local_unit_confirmed,Karaiyamai,BARA,Madhesh,local_unit_exact_district_palika,Resolved using local_unit shapefile centroid; UNFPA name retained.
Madhesh,Bara,Kolhabi Municipality,27.10389231,85.14771585,local_unit_shapefile_centroid,local_unit_confirmed,Kolhabi,BARA,Madhesh,local_unit_exact_district_palika,Resolved using local_unit shapefile centroid; UNFPA name retained.
Madhesh,Bara,Mahagadhimai Municipality,26.98219048,85.06002523,local_unit_shapefile_centroid,local_unit_confirmed,Mahagadhimai,BARA,Madhesh,local_unit_exact_district_palika,Resolved using local_unit shapefile centroid; UNFPA name retained.
Madhesh,Bara,Nijgadh Municipality,27.23403703,85.13960132,local_unit_shapefile_centroid,local_unit_confirmed,Nijgadh,BARA,Madhesh,local_unit_exact_district_palika,Resolved using local_unit shapefile centroid; UNFPA name retained.
Madhesh,Bara,Pachrauta Piparpati Municipality,26.89563509,85.07745461,local_unit_shapefile_centroid,local_unit_review_variant,Pacharauta,BARA,Madhesh,local_unit_alias_renamed_or_variant,Resolved using local_unit shapefile centroid; UNFPA name retained; source name/renaming variant should be reviewed.
Madhesh,Bara,Parwanipur Rural Municipality,27.05606570,84.93340932,local_unit_shapefile_centroid,local_unit_confirmed,Parwanipur,BARA,Madhesh,local_unit_exact_district_palika,Resolved using local_unit shapefile centroid; UNFPA name retained.
Madhesh,Bara,Pheta Rural Municipality,26.99994884,84.94555974,local_unit_shapefile_centroid,local_unit_confirmed,Pheta,BARA,Madhesh,local_unit_exact_district_palika,Resolved using local_unit shapefile centroid; UNFPA name retained.
Madhesh,Bara,Prasauni Rural Municipality,27.04704967,84.95506808,local_unit_shapefile_centroid,local_unit_confirmed,Prasauni,BARA,Madhesh,local_unit_exact_district_palika,Resolved using local_unit shapefile centroid; UNFPA name retained.
Madhesh,Bara,Simroungadh Municipality,26.89575974,85.13774294,local_unit_shapefile_centroid,local_unit_review_variant,Simraungadh,BARA,Madhesh,local_unit_fuzzy_same_district,Resolved using local_unit shapefile centroid; UNFPA name retained; source name/renaming variant should be reviewed.
Madhesh,Bara,Subarna Rural Municipality,26.91817499,85.04154967,local_unit_shapefile_centroid,local_unit_review_variant,Suwarna,BARA,Madhesh,local_unit_fuzzy_same_district,Resolved using local_unit shapefile centroid; UNFPA name retained; source name/renaming variant should be reviewed.
Madhesh,Dhanusha,Aurahi Rural Municipality,26.71148999,86.01808265,local_unit_shapefile_centroid,local_unit_review_variant,Aaurahi,DHANUSHA,Madhesh,local_unit_fuzzy_same_district,Resolved using local_unit shapefile centroid; UNFPA name retained; source name/renaming variant should be reviewed.
Madhesh,Dhanusha,Bateswor Rural Municipality,26.88477982,85.92512380,local_unit_shapefile_centroid,local_unit_review_variant,Bateshwor,DHANUSHA,Madhesh,local_unit_fuzzy_same_district,Resolved using local_unit shapefile centroid; UNFPA name retained; source name/renaming variant should be reviewed.
Madhesh,Dhanusha,Bideha Municipality,26.67865043,86.06276516,local_unit_shapefile_centroid,local_unit_confirmed,Bideha,DHANUSHA,Madhesh,local_unit_exact_district_palika,Resolved using local_unit shapefile centroid; UNFPA name retained.
Madhesh,Dhanusha,Dhanauji Rural Municipality,26.67697282,85.98559902,local_unit_shapefile_centroid,local_unit_confirmed,Dhanauji,DHANUSHA,Madhesh,local_unit_exact_district_palika,Resolved using local_unit shapefile centroid; UNFPA name retained.
Madhesh,Dhanusha,Dhanusadham Municipality,26.87390361,86.04546802,local_unit_shapefile_centroid,local_unit_confirmed,Dhanusadham,DHANUSHA,Madhesh,local_unit_exact_district_palika,Resolved using local_unit shapefile centroid; UNFPA name retained.
Madhesh,Dhanusha,Ganeshman Charnath Municipality,26.93900048,86.12572320,local_unit_shapefile_centroid,local_unit_confirmed,Ganeshman Charnath,DHANUSHA,Madhesh,local_unit_exact_district_palika,Resolved using local_unit shapefile centroid; UNFPA name retained.
Madhesh,Dhanusha,Hanspur Municipality,26.75771430,86.02992116,local_unit_shapefile_centroid,local_unit_review_variant,Hansapur,DHANUSHA,Madhesh,local_unit_fuzzy_same_district,Resolved using local_unit shapefile centroid; UNFPA name retained; source name/renaming variant should be reviewed.
Madhesh,Dhanusha,Janaknandini Rural Municipality,26.64430586,86.13613192,local_unit_shapefile_centroid,local_unit_review_variant,Janaknandani,DHANUSHA,Madhesh,local_unit_fuzzy_same_district,Resolved using local_unit shapefile centroid; UNFPA name retained; source name/renaming variant should be reviewed.
Madhesh,Dhanusha,Janakpurdham Sub Metropolitan City,26.72541574,85.93668594,local_unit_shapefile_centroid,local_unit_review_variant,Janakpur,DHANUSHA,Madhesh,local_unit_fuzzy_same_district,Resolved using local_unit shapefile centroid; UNFPA name retained; source name/renaming variant should be reviewed.
Madhesh,Dhanusha,Kamala Municipality,26.69924593,86.15831190,local_unit_shapefile_centroid,local_unit_confirmed,Kamala,DHANUSHA,Madhesh,local_unit_exact_district_palika,Resolved using local_unit shapefile centroid; UNFPA name retained.
Madhesh,Dhanusha,Kshireshwarnath Municipality,26.84623334,85.97574597,local_unit_shapefile_centroid,local_unit_confirmed,Chhireshwornath,DHANUSHA,Madhesh,local_unit_exact_district_palika,Resolved using local_unit shapefile centroid; UNFPA name retained.
Madhesh,Dhanusha,Laxminiya Rural Municipality,26.79787626,85.93655481,local_unit_shapefile_centroid,local_unit_review_variant,Lakshminiya,DHANUSHA,Madhesh,local_unit_fuzzy_same_district,Resolved using local_unit shapefile centroid; UNFPA name retained; source name/renaming variant should be reviewed.
Madhesh,Dhanusha,Mithila Bihari Municipality,26.79716240,86.00346336,local_unit_shapefile_centroid,local_unit_confirmed,Mithila Bihari,DHANUSHA,Madhesh,local_unit_exact_district_palika,Resolved using local_unit shapefile centroid; UNFPA name retained.
Madhesh,Dhanusha,Mithila Municipality,26.97876382,85.96714691,local_unit_shapefile_centroid,local_unit_confirmed,Mithila,DHANUSHA,Madhesh,local_unit_exact_district_palika,Resolved using local_unit shapefile centroid; UNFPA name retained.
Madhesh,Dhanusha,Mukhiyapatti Musaharniya Rural Municipality,26.60392545,85.88087429,local_unit_shapefile_centroid,local_unit_review_variant,Mukhiyapatti Musarmiya,DHANUSHA,Madhesh,local_unit_fuzzy_same_district,Resolved using local_unit shapefile centroid; UNFPA name retained; source name/renaming variant should be reviewed.
Madhesh,Dhanusha,Nagarain Municipality,26.64406158,85.92693011,local_unit_shapefile_centroid,local_unit_confirmed,Nagarain,DHANUSHA,Madhesh,local_unit_exact_district_palika,Resolved using local_unit shapefile centroid; UNFPA name retained.
Madhesh,Dhanusha,Sabaila Municipality,26.79844619,86.10463417,local_unit_shapefile_centroid,local_unit_confirmed,Sabaila,DHANUSHA,Madhesh,local_unit_exact_district_palika,Resolved using local_unit shapefile centroid; UNFPA name retained.
Madhesh,Dhanusha,Sahidnagar Municipality,26.73472008,86.10917400,local_unit_shapefile_centroid,local_unit_confirmed,Sahidnagar,DHANUSHA,Madhesh,local_unit_exact_district_palika,Resolved using local_unit shapefile centroid; UNFPA name retained.
Madhesh,Mahottari,Aurahi Municipality,26.86562275,85.80303991,local_unit_shapefile_centroid,local_unit_confirmed,Aurahi,MAHOTTARI,Madhesh,local_unit_exact_district_palika,Resolved using local_unit shapefile centroid; UNFPA name retained.
Madhesh,Mahottari,Balwa Municipality,26.76818617,85.82177741,local_unit_shapefile_centroid,local_unit_confirmed,Balwa,MAHOTTARI,Madhesh,local_unit_exact_district_palika,Resolved using local_unit shapefile centroid; UNFPA name retained.
Madhesh,Mahottari,Bardibas Municipality,27.03573386,85.85764886,local_unit_shapefile_centroid,local_unit_confirmed,Bardibas,MAHOTTARI,Madhesh,local_unit_exact_district_palika,Resolved using local_unit shapefile centroid; UNFPA name retained.
Madhesh,Mahottari,Bhangaha Municipality,26.84908380,85.87443971,local_unit_shapefile_centroid,local_unit_confirmed,Bhangaha,MAHOTTARI,Madhesh,local_unit_exact_district_palika,Resolved using local_unit shapefile centroid; UNFPA name retained.
Madhesh,Mahottari,Ekdara Rural Municipality,26.68710581,85.76731460,local_unit_shapefile_centroid,local_unit_review_variant,Ekdanra,MAHOTTARI,Madhesh,local_unit_fuzzy_same_district,Resolved using local_unit shapefile centroid; UNFPA name retained; source name/renaming variant should be reviewed.
Madhesh,Mahottari,Gaushala Municipality,26.94920972,85.78388938,local_unit_shapefile_centroid,local_unit_confirmed,Gaushala,MAHOTTARI,Madhesh,local_unit_exact_district_palika,Resolved using local_unit shapefile centroid; UNFPA name retained.
Madhesh,Mahottari,Jaleshwar Municipality,26.64634846,85.80191794,local_unit_shapefile_centroid,local_unit_review_variant,Jaleswor,MAHOTTARI,Madhesh,local_unit_fuzzy_same_district,Resolved using local_unit shapefile centroid; UNFPA name retained; source name/renaming variant should be reviewed.
Madhesh,Mahottari,Loharpatti Municipality,26.76924318,85.86741979,local_unit_shapefile_centroid,local_unit_confirmed,Loharpatti,MAHOTTARI,Madhesh,local_unit_exact_district_palika,Resolved using local_unit shapefile centroid; UNFPA name retained.
Madhesh,Mahottari,Mahottari Rural Municipality,26.70313792,85.81405966,local_unit_shapefile_centroid,local_unit_confirmed,Mahottari,MAHOTTARI,Madhesh,local_unit_exact_district_palika,Resolved using local_unit shapefile centroid; UNFPA name retained.
Madhesh,Mahottari,Manara Sisawa Municipality,26.72441616,85.75567841,local_unit_shapefile_centroid,local_unit_review_variant,Manra Siswa,MAHOTTARI,Madhesh,local_unit_fuzzy_same_district,Resolved using local_unit shapefile centroid; UNFPA name retained; source name/renaming variant should be reviewed.
Madhesh,Mahottari,Matihani Municipality,26.64246664,85.86219212,local_unit_shapefile_centroid,local_unit_confirmed,Matihani,MAHOTTARI,Madhesh,local_unit_exact_district_palika,Resolved using local_unit shapefile centroid; UNFPA name retained.
Madhesh,Mahottari,Pipra Rural Municipality,26.69409582,85.87075935,local_unit_shapefile_centroid,local_unit_confirmed,Pipra,MAHOTTARI,Madhesh,local_unit_exact_district_palika,Resolved using local_unit shapefile centroid; UNFPA name retained.
Madhesh,Mahottari,Ramgopalpur Municipality,26.80971669,85.78590860,local_unit_shapefile_centroid,local_unit_confirmed,Ramgopalpur,MAHOTTARI,Madhesh,local_unit_exact_district_palika,Resolved using local_unit shapefile centroid; UNFPA name retained.
Madhesh,Mahottari,Samsi Rural Municipality,26.80545841,85.75017307,local_unit_shapefile_centroid,local_unit_confirmed,Samsi,MAHOTTARI,Madhesh,local_unit_exact_district_palika,Resolved using local_unit shapefile centroid; UNFPA name retained.
Madhesh,Mahottari,Sonama Rural Municipality,26.86666279,85.72528357,local_unit_shapefile_centroid,local_unit_confirmed,Sonama,MAHOTTARI,Madhesh,local_unit_exact_district_palika,Resolved using local_unit shapefile centroid; UNFPA name retained.
Madhesh,Parsa,Bahudarmai Municipality,27.08261775,84.82951176,local_unit_shapefile_centroid,local_unit_review_variant,Bahudaramai,PARSA,Madhesh,local_unit_fuzzy_same_district,Resolved using local_unit shapefile centroid; UNFPA name retained; source name/renaming variant should be reviewed.
Madhesh,Parsa,Bindabasini Rural Municipality,27.03539962,84.79636161,local_unit_shapefile_centroid,local_unit_confirmed,Bindabasini,PARSA,Madhesh,local_unit_exact_district_palika,Resolved using local_unit shapefile centroid; UNFPA name retained.
Madhesh,Parsa,Birgunj Metropolitan City,27.08243897,84.89604779,local_unit_shapefile_centroid,local_unit_confirmed,Birgunj,PARSA,Madhesh,local_unit_exact_district_palika,Resolved using local_unit shapefile centroid; UNFPA name retained.
Madhesh,Parsa,Chhipaharmai Rural Municipality,27.05836759,84.67356365,local_unit_shapefile_centroid,local_unit_confirmed,Chhipaharmai,PARSA,Madhesh,local_unit_exact_district_palika,Resolved using local_unit shapefile centroid; UNFPA name retained.
Madhesh,Parsa,Dhobini Rural Municipality,27.09677391,84.69615040,local_unit_shapefile_centroid,local_unit_confirmed,Dhobini,PARSA,Madhesh,local_unit_exact_district_palika,Resolved using local_unit shapefile centroid; UNFPA name retained.
Madhesh,Parsa,Jaganathpur Rural Municipality,27.13904724,84.72520432,local_unit_shapefile_centroid,local_unit_review_variant,Jagarnathpur,PARSA,Madhesh,local_unit_fuzzy_same_district,Resolved using local_unit shapefile centroid; UNFPA name retained; source name/renaming variant should be reviewed.
Madhesh,Parsa,Jira Bhawani Rural Municipality,27.19995582,84.73444668,local_unit_shapefile_centroid,local_unit_confirmed,Jirabhawani,PARSA,Madhesh,local_unit_exact_district_palika,Resolved using local_unit shapefile centroid; UNFPA name retained.
Madhesh,Parsa,Kalikamai Rural Municipality,27.06570938,84.72861489,local_unit_shapefile_centroid,local_unit_confirmed,Kalikamai,PARSA,Madhesh,local_unit_exact_district_palika,Resolved using local_unit shapefile centroid; UNFPA name retained.
Madhesh,Parsa,Pakahamainpur Rural Municipality,27.02788439,84.73766926,local_unit_shapefile_centroid,local_unit_confirmed,Pakahamainpur,PARSA,Madhesh,local_unit_exact_district_palika,Resolved using local_unit shapefile centroid; UNFPA name retained.
Madhesh,Parsa,Parsagadi Municipality,27.17072299,84.89170633,local_unit_shapefile_centroid,local_unit_review_variant,Parsagadhi,PARSA,Madhesh,local_unit_fuzzy_same_district,Resolved using local_unit shapefile centroid; UNFPA name retained; source name/renaming variant should be reviewed.
Madhesh,Parsa,Paterwasugauli Rural Municipality,27.19294614,84.79237950,local_unit_shapefile_centroid,local_unit_confirmed,Paterwasugauli,PARSA,Madhesh,local_unit_exact_district_palika,Resolved using local_unit shapefile centroid; UNFPA name retained.
Madhesh,Parsa,Pokhariya Municipality,27.07686212,84.76585056,local_unit_shapefile_centroid,local_unit_confirmed,Pokhariya,PARSA,Madhesh,local_unit_exact_district_palika,Resolved using local_unit shapefile centroid; UNFPA name retained.
Madhesh,Parsa,Sakhuwa Prasauni Rural Municipality,27.16642859,84.82776394,local_unit_shapefile_centroid,local_unit_confirmed,SakhuwaPrasauni,PARSA,Madhesh,local_unit_exact_district_palika,Resolved using local_unit shapefile centroid; UNFPA name retained.
Madhesh,Parsa,Thori Rural Municipality,27.32052494,84.63689863,local_unit_shapefile_centroid,local_unit_confirmed,Thori,PARSA,Madhesh,local_unit_exact_district_palika,Resolved using local_unit shapefile centroid; UNFPA name retained.
Madhesh,Rautahat,Baudhimai Municipality,26.89024122,85.22095099,local_unit_shapefile_centroid,local_unit_confirmed,Baudhimai,RAUTAHAT,Madhesh,local_unit_exact_district_palika,Resolved using local_unit shapefile centroid; UNFPA name retained.
Madhesh,Rautahat,Brindaban Municipality,27.04100383,85.37578319,local_unit_shapefile_centroid,local_unit_confirmed,Brindaban,RAUTAHAT,Madhesh,local_unit_exact_district_palika,Resolved using local_unit shapefile centroid; UNFPA name retained.
Madhesh,Rautahat,Chandrapur Municipality,27.13860765,85.37044579,local_unit_shapefile_centroid,local_unit_confirmed,Chandrapur,RAUTAHAT,Madhesh,local_unit_exact_district_palika,Resolved using local_unit shapefile centroid; UNFPA name retained.
Madhesh,Rautahat,Debahi Gonahi Municipality,26.93171443,85.26143299,local_unit_shapefile_centroid,local_unit_review_variant,Dewahhi Gonahi,RAUTAHAT,Madhesh,local_unit_fuzzy_same_district,Resolved using local_unit shapefile centroid; UNFPA name retained; source name/renaming variant should be reviewed.
Madhesh,Rautahat,Durga Bhagawati Rural Municipality,26.83802981,85.32475453,local_unit_shapefile_centroid,local_unit_review_variant,Durga Bhagwati,RAUTAHAT,Madhesh,local_unit_fuzzy_same_district,Resolved using local_unit shapefile centroid; UNFPA name retained; source name/renaming variant should be reviewed.
Madhesh,Rautahat,Gadhimai Municipality,26.94198196,85.37002124,local_unit_shapefile_centroid,local_unit_confirmed,Gadhimai,RAUTAHAT,Madhesh,local_unit_exact_district_palika,Resolved using local_unit shapefile centroid; UNFPA name retained.
Madhesh,Rautahat,Garuda Municipality,26.95351594,85.31874205,local_unit_shapefile_centroid,local_unit_confirmed,Garuda,RAUTAHAT,Madhesh,local_unit_exact_district_palika,Resolved using local_unit shapefile centroid; UNFPA name retained.
Madhesh,Rautahat,Gaur Municipality,26.77787266,85.27699544,local_unit_shapefile_centroid,local_unit_confirmed,Gaur,RAUTAHAT,Madhesh,local_unit_exact_district_palika,Resolved using local_unit shapefile centroid; UNFPA name retained.
Madhesh,Rautahat,Gujara Municipality,27.10462709,85.27180856,local_unit_shapefile_centroid,local_unit_confirmed,Gujara,RAUTAHAT,Madhesh,local_unit_exact_district_palika,Resolved using local_unit shapefile centroid; UNFPA name retained.
Madhesh,Rautahat,Ishanath Municipality,26.79311759,85.21562560,local_unit_shapefile_centroid,local_unit_confirmed,Ishanath,RAUTAHAT,Madhesh,local_unit_exact_district_palika,Resolved using local_unit shapefile centroid; UNFPA name retained.
Madhesh,Rautahat,Katahariya Municipality,26.99532628,85.25240616,local_unit_shapefile_centroid,local_unit_confirmed,Katahariya,RAUTAHAT,Madhesh,local_unit_exact_district_palika,Resolved using local_unit shapefile centroid; UNFPA name retained.
Madhesh,Rautahat,Madav Narayan Municipality,26.89060194,85.33167087,local_unit_shapefile_centroid,local_unit_review_variant,Madhav Narayan,RAUTAHAT,Madhesh,local_unit_fuzzy_same_district,Resolved using local_unit shapefile centroid; UNFPA name retained; source name/renaming variant should be reviewed.
Madhesh,Rautahat,Maulapur Municipality,26.92944878,85.20346165,local_unit_shapefile_centroid,local_unit_confirmed,Maulapur,RAUTAHAT,Madhesh,local_unit_exact_district_palika,Resolved using local_unit shapefile centroid; UNFPA name retained.
Madhesh,Rautahat,Paroha Municipality,26.85446649,85.23704474,local_unit_shapefile_centroid,local_unit_confirmed,Paroha,RAUTAHAT,Madhesh,local_unit_exact_district_palika,Resolved using local_unit shapefile centroid; UNFPA name retained.
Madhesh,Rautahat,Phatuwa Bijayapur Municipality,27.02006250,85.20566926,local_unit_shapefile_centroid,local_unit_confirmed,Phatuwa Bijayapur,RAUTAHAT,Madhesh,local_unit_exact_district_palika,Resolved using local_unit shapefile centroid; UNFPA name retained.
Madhesh,Rautahat,Rajdevi Municipality,26.77749313,85.31744024,local_unit_shapefile_centroid,local_unit_confirmed,Rajdevi,RAUTAHAT,Madhesh,local_unit_exact_district_palika,Resolved using local_unit shapefile centroid; UNFPA name retained.
Madhesh,Rautahat,Rajpur Municipality,26.81661040,85.25809573,local_unit_shapefile_centroid,local_unit_confirmed,Rajpur,RAUTAHAT,Madhesh,local_unit_exact_district_palika,Resolved using local_unit shapefile centroid; UNFPA name retained.
Madhesh,Rautahat,Yamunamai Rural Municipality,26.84522996,85.29906563,local_unit_shapefile_centroid,local_unit_review_variant,Yemunamai,RAUTAHAT,Madhesh,local_unit_fuzzy_same_district,Resolved using local_unit shapefile centroid; UNFPA name retained; source name/renaming variant should be reviewed.
Madhesh,Saptari,Agnisair Krishnasawaran Rural Municipality,26.64679021,86.79697475,local_unit_shapefile_centroid,local_unit_review_variant,Agnisair Krishna Savaran,SAPTARI,Madhesh,local_unit_fuzzy_same_district,Resolved using local_unit shapefile centroid; UNFPA name retained; source name/renaming variant should be reviewed.
Madhesh,Saptari,Balan Bihul Rural Municipality,26.57120379,86.52205598,local_unit_shapefile_centroid,local_unit_confirmed,Balan Bihul,SAPTARI,Madhesh,local_unit_exact_district_palika,Resolved using local_unit shapefile centroid; UNFPA name retained.
Madhesh,Saptari,Bishnupur Rural Municipality,26.51830586,86.72032434,local_unit_shapefile_centroid,local_unit_confirmed,Bishnupur,SAPTARI,Madhesh,local_unit_exact_district_palika,Resolved using local_unit shapefile centroid; UNFPA name retained.
Madhesh,Saptari,Bodebarsaien Municipality,26.56412779,86.57384742,local_unit_shapefile_centroid,local_unit_review_variant,Bode Barsain,SAPTARI,Madhesh,local_unit_fuzzy_same_district,Resolved using local_unit shapefile centroid; UNFPA name retained; source name/renaming variant should be reviewed.
Madhesh,Saptari,Chhinnamasta Rural Municipality,26.46168653,86.73407837,local_unit_shapefile_centroid,local_unit_confirmed,Chhinnamasta,SAPTARI,Madhesh,local_unit_exact_district_palika,Resolved using local_unit shapefile centroid; UNFPA name retained.
Madhesh,Saptari,Dakneshwori Municipality,26.52985658,86.63288195,local_unit_shapefile_centroid,local_unit_confirmed,Dakneshwori,SAPTARI,Madhesh,local_unit_exact_district_palika,Resolved using local_unit shapefile centroid; UNFPA name retained.
Madhesh,Saptari,Hanumannagar Kankalini Municipality,26.51216117,86.87873604,local_unit_shapefile_centroid,local_unit_confirmed,Hanumannagar Kankalini,SAPTARI,Madhesh,local_unit_exact_district_palika,Resolved using local_unit shapefile centroid; UNFPA name retained.
Madhesh,Saptari,Kanchanroop Municipality,26.63580184,86.90071920,local_unit_shapefile_centroid,local_unit_confirmed,Kanchanrup,SAPTARI,Madhesh,local_unit_exact_district_palika,Resolved using local_unit shapefile centroid; UNFPA name retained.
Madhesh,Saptari,Khadak Municipality,26.64044836,86.60706104,local_unit_shapefile_centroid,local_unit_confirmed,Khadak,SAPTARI,Madhesh,local_unit_exact_district_palika,Resolved using local_unit shapefile centroid; UNFPA name retained.
Madhesh,Saptari,Mahadeva Rural Municipality,26.55031990,86.81817673,local_unit_shapefile_centroid,local_unit_confirmed,Mahadeva,SAPTARI,Madhesh,local_unit_exact_district_palika,Resolved using local_unit shapefile centroid; UNFPA name retained.
Madhesh,Saptari,Rajbiraj Municipality,26.53518237,86.76787635,local_unit_shapefile_centroid,local_unit_confirmed,Rajbiraj,SAPTARI,Madhesh,local_unit_exact_district_palika,Resolved using local_unit shapefile centroid; UNFPA name retained.
Madhesh,Saptari,Rajgadh Rural Municipality,26.49297200,86.66547200,palika_center_fallback,review_spelling_variant,,,,local_unit_unmatched,No reliable local_unit match; retained previous palika_center coordinate. Review only if GIS-grade precision is required.
Madhesh,Saptari,Rupani Rural Municipality,26.61234151,86.73214450,local_unit_shapefile_centroid,local_unit_confirmed,Rupani,SAPTARI,Madhesh,local_unit_exact_district_palika,Resolved using local_unit shapefile centroid; UNFPA name retained.
Madhesh,Saptari,Saptakoshi Municipality,26.71034034,86.92980658,local_unit_shapefile_centroid,local_unit_confirmed,Saptakoshi,SAPTARI,Madhesh,local_unit_exact_district_palika,Resolved using local_unit shapefile centroid; UNFPA name retained.
Madhesh,Saptari,Shambhunath Municipality,26.63786657,86.68451280,local_unit_shapefile_centroid,local_unit_confirmed,Shambhunath,SAPTARI,Madhesh,local_unit_exact_district_palika,Resolved using local_unit shapefile centroid; UNFPA name retained.
Madhesh,Saptari,Surunga Municipality,26.69908882,86.54207880,local_unit_shapefile_centroid,local_unit_confirmed,Surunga,SAPTARI,Madhesh,local_unit_exact_district_palika,Resolved using local_unit shapefile centroid; UNFPA name retained.
Madhesh,Saptari,Tilathi Koiladi Rural Municipality,26.48917109,86.80856998,local_unit_shapefile_centroid,local_unit_confirmed,Tilathi Koiladi,SAPTARI,Madhesh,local_unit_exact_district_palika,Resolved using local_unit shapefile centroid; UNFPA name retained.
Madhesh,Saptari,Tirahut Rural Municipality,26.59296922,86.85587531,local_unit_shapefile_centroid,local_unit_confirmed,Tirahut,SAPTARI,Madhesh,local_unit_exact_district_palika,Resolved using local_unit shapefile centroid; UNFPA name retained.
Madhesh,Sarlahi,Bagmati Municipality,27.07741900,85.47950110,local_unit_shapefile_centroid,local_unit_confirmed,Bagmati,SARLAHI,Madhesh,local_unit_exact_district_palika,Resolved using local_unit shapefile centroid; UNFPA name retained.
Madhesh,Sarlahi,Balara Municipality,26.79496547,85.37096933,local_unit_shapefile_centroid,local_unit_confirmed,Balara,SARLAHI,Madhesh,local_unit_exact_district_palika,Resolved using local_unit shapefile centroid; UNFPA name retained.
Madhesh,Sarlahi,Barahathawa Municipality,26.98146990,85.45605478,local_unit_shapefile_centroid,local_unit_confirmed,Barahathawa,SARLAHI,Madhesh,local_unit_exact_district_palika,Resolved using local_unit shapefile centroid; UNFPA name retained.
Madhesh,Sarlahi,Basbariya Rural Municipality,26.92572513,85.44162434,local_unit_shapefile_centroid,local_unit_confirmed,Basbariya,SARLAHI,Madhesh,local_unit_exact_district_palika,Resolved using local_unit shapefile centroid; UNFPA name retained.
Madhesh,Sarlahi,Bishnu Rural Municipality,26.81510791,85.47494585,local_unit_shapefile_centroid,local_unit_confirmed,Bishnu,SARLAHI,Madhesh,local_unit_exact_district_palika,Resolved using local_unit shapefile centroid; UNFPA name retained.
Madhesh,Sarlahi,Brahmapuri Rural Municipality,26.88993085,85.61217680,local_unit_shapefile_centroid,local_unit_review_variant,Bramhapuri,SARLAHI,Madhesh,local_unit_fuzzy_same_district,Resolved using local_unit shapefile centroid; UNFPA name retained; source name/renaming variant should be reviewed.
Madhesh,Sarlahi,Chakraghatta Rural Municipality,26.89965872,85.51208616,local_unit_shapefile_centroid,local_unit_confirmed,Chakraghatta,SARLAHI,Madhesh,local_unit_exact_district_palika,Resolved using local_unit shapefile centroid; UNFPA name retained.
Madhesh,Sarlahi,Chandranagar Rural Municipality,26.93721450,85.60281819,local_unit_shapefile_centroid,local_unit_confirmed,Chandranagar,SARLAHI,Madhesh,local_unit_exact_district_palika,Resolved using local_unit shapefile centroid; UNFPA name retained.
Madhesh,Sarlahi,Dhankaul Rural Municipality,26.88274348,85.41149906,local_unit_shapefile_centroid,local_unit_confirmed,Dhankaul,SARLAHI,Madhesh,local_unit_exact_district_palika,Resolved using local_unit shapefile centroid; UNFPA name retained.
Madhesh,Sarlahi,Godaita Municipality,26.84407652,85.44791916,local_unit_shapefile_centroid,local_unit_confirmed,Godaita,SARLAHI,Madhesh,local_unit_exact_district_palika,Resolved using local_unit shapefile centroid; UNFPA name retained.
Madhesh,Sarlahi,Harion Municipality,27.10032388,85.57651570,local_unit_shapefile_centroid,local_unit_confirmed,Hariwan,SARLAHI,Madhesh,local_unit_exact_district_palika,Resolved using local_unit shapefile centroid; UNFPA name retained.
Madhesh,Sarlahi,Haripur Municipality,27.01094826,85.55073404,local_unit_shapefile_centroid,local_unit_confirmed,Haripur,SARLAHI,Madhesh,local_unit_exact_district_palika,Resolved using local_unit shapefile centroid; UNFPA name retained.
Madhesh,Sarlahi,Haripurwa Municipality,26.91437975,85.68919599,local_unit_shapefile_centroid,local_unit_confirmed,Haripurwa,SARLAHI,Madhesh,local_unit_exact_district_palika,Resolved using local_unit shapefile centroid; UNFPA name retained.
Madhesh,Sarlahi,Ishworpur Municipality,27.00902320,85.69622911,local_unit_shapefile_centroid,local_unit_confirmed,Ishworpur,SARLAHI,Madhesh,local_unit_exact_district_palika,Resolved using local_unit shapefile centroid; UNFPA name retained.
Madhesh,Sarlahi,Kabilasi Municipality,26.94079172,85.53913030,local_unit_shapefile_centroid,local_unit_confirmed,Kabilasi,SARLAHI,Madhesh,local_unit_exact_district_palika,Resolved using local_unit shapefile centroid; UNFPA name retained.
Madhesh,Sarlahi,Kaudena Rural Municipality,26.85845083,85.50954763,local_unit_shapefile_centroid,local_unit_confirmed,Kaudena,SARLAHI,Madhesh,local_unit_exact_district_palika,Resolved using local_unit shapefile centroid; UNFPA name retained.
Madhesh,Sarlahi,Lalbandi Municipality,27.10258929,85.69132615,local_unit_shapefile_centroid,local_unit_confirmed,Lalbandi,SARLAHI,Madhesh,local_unit_exact_district_palika,Resolved using local_unit shapefile centroid; UNFPA name retained.
Madhesh,Sarlahi,Malangwa Municipality,26.85847133,85.55013414,local_unit_shapefile_centroid,local_unit_review_variant,Malangawa,SARLAHI,Madhesh,local_unit_fuzzy_same_district,Resolved using local_unit shapefile centroid; UNFPA name retained; source name/renaming variant should be reviewed.
Madhesh,Sarlahi,Parsa Rural Municipality,26.87337527,85.65615922,local_unit_shapefile_centroid,local_unit_confirmed,Parsa,SARLAHI,Madhesh,local_unit_exact_district_palika,Resolved using local_unit shapefile centroid; UNFPA name retained.
Madhesh,Sarlahi,Ramnagar Rural Municipality,26.83785075,85.38384703,local_unit_shapefile_centroid,local_unit_confirmed,Ramnagar,SARLAHI,Madhesh,local_unit_exact_district_palika,Resolved using local_unit shapefile centroid; UNFPA name retained.
Madhesh,Siraha,Arnama Rural Municipality,26.69583962,86.29071560,local_unit_shapefile_centroid,local_unit_confirmed,Arnama,SIRAHA,Madhesh,local_unit_exact_district_palika,Resolved using local_unit shapefile centroid; UNFPA name retained.
Madhesh,Siraha,Aurahi Rural Municipality,26.64192293,86.30899566,local_unit_shapefile_centroid,local_unit_confirmed,Aurahi,SIRAHA,Madhesh,local_unit_exact_district_palika,Resolved using local_unit shapefile centroid; UNFPA name retained.
Madhesh,Siraha,Bariyarpatti Rural Municipality,26.62993644,86.36949411,local_unit_shapefile_centroid,local_unit_confirmed,Bariyarpatti,SIRAHA,Madhesh,local_unit_exact_district_palika,Resolved using local_unit shapefile centroid; UNFPA name retained.
Madhesh,Siraha,Bhagawanpur Rural Municipality,26.58578830,86.47434668,local_unit_shapefile_centroid,local_unit_confirmed,Bhagawanpur,SIRAHA,Madhesh,local_unit_exact_district_palika,Resolved using local_unit shapefile centroid; UNFPA name retained.
Madhesh,Siraha,Bishnupur Rural Municipality,26.72857056,86.25367667,local_unit_shapefile_centroid,local_unit_confirmed,Bishnupur,SIRAHA,Madhesh,local_unit_exact_district_palika,Resolved using local_unit shapefile centroid; UNFPA name retained.
Madhesh,Siraha,Dhangadhimai Municipality,26.81040640,86.41613799,local_unit_shapefile_centroid,local_unit_confirmed,Dhangadhimai,SIRAHA,Madhesh,local_unit_exact_district_palika,Resolved using local_unit shapefile centroid; UNFPA name retained.
Madhesh,Siraha,Golbazar Municipality,26.81442601,86.34628303,local_unit_shapefile_centroid,local_unit_confirmed,Golbazar,SIRAHA,Madhesh,local_unit_exact_district_palika,Resolved using local_unit shapefile centroid; UNFPA name retained.
Madhesh,Siraha,Kalyanpur Municipality,26.76019729,86.20206122,local_unit_shapefile_centroid,local_unit_confirmed,Kalyanpur,SIRAHA,Madhesh,local_unit_exact_district_palika,Resolved using local_unit shapefile centroid; UNFPA name retained.
Madhesh,Siraha,Karjanha Municipality,26.86789849,86.18188297,local_unit_shapefile_centroid,local_unit_confirmed,Karjanha,SIRAHA,Madhesh,local_unit_exact_district_palika,Resolved using local_unit shapefile centroid; UNFPA name retained.
Madhesh,Siraha,Lahan Municipality,26.75643907,86.48361906,local_unit_shapefile_centroid,local_unit_confirmed,Lahan,SIRAHA,Madhesh,local_unit_exact_district_palika,Resolved using local_unit shapefile centroid; UNFPA name retained.
Madhesh,Siraha,Laxmipur Patari Rural Municipality,26.66851083,86.41482663,local_unit_shapefile_centroid,local_unit_confirmed,Laxmipur Patari,SIRAHA,Madhesh,local_unit_exact_district_palika,Resolved using local_unit shapefile centroid; UNFPA name retained.
Madhesh,Siraha,Mirchaiya Municipality,26.83500755,86.25996095,local_unit_shapefile_centroid,local_unit_confirmed,Mirchaiya,SIRAHA,Madhesh,local_unit_exact_district_palika,Resolved using local_unit shapefile centroid; UNFPA name retained.
Madhesh,Siraha,Naraha Rural Municipality,26.77484199,86.28222354,local_unit_shapefile_centroid,local_unit_confirmed,Naraha,SIRAHA,Madhesh,local_unit_exact_district_palika,Resolved using local_unit shapefile centroid; UNFPA name retained.
Madhesh,Siraha,Navarajpur Rural Municipality,26.60758988,86.43513941,local_unit_shapefile_centroid,local_unit_review_variant,Nawarajpur,SIRAHA,Madhesh,local_unit_fuzzy_same_district,Resolved using local_unit shapefile centroid; UNFPA name retained; source name/renaming variant should be reviewed.
Madhesh,Siraha,Sakhuwanankarkatti Rural Municipality,26.63649579,86.47167791,local_unit_shapefile_centroid,local_unit_confirmed,Sakhuwanankarkatti,SIRAHA,Madhesh,local_unit_exact_district_palika,Resolved using local_unit shapefile centroid; UNFPA name retained.
Madhesh,Siraha,Siraha Municipality,26.64711883,86.22194173,local_unit_shapefile_centroid,local_unit_confirmed,Siraha,SIRAHA,Madhesh,local_unit_exact_district_palika,Resolved using local_unit shapefile centroid; UNFPA name retained.
Madhesh,Siraha,Sukhipur Municipality,26.69633115,86.35266792,local_unit_shapefile_centroid,local_unit_confirmed,Sukhipur,SIRAHA,Madhesh,local_unit_exact_district_palika,Resolved using local_unit shapefile centroid; UNFPA name retained.
Bagmati,Bhaktapur,Bhaktapur Municipality,27.67475381,85.43188085,local_unit_shapefile_centroid,local_unit_confirmed,Bhaktapur,BHAKTAPUR,Bagmati,local_unit_exact_district_palika,Resolved using local_unit shapefile centroid; UNFPA name retained.
Bagmati,Bhaktapur,Changunarayan Municipality,27.69600581,85.46499622,local_unit_shapefile_centroid,local_unit_confirmed,Changunarayan,BHAKTAPUR,Bagmati,local_unit_exact_district_palika,Resolved using local_unit shapefile centroid; UNFPA name retained.
Bagmati,Bhaktapur,Madhyapur Thimi Municipality,27.68224589,85.38379428,local_unit_shapefile_centroid,local_unit_confirmed,Madhyapur Thimi,BHAKTAPUR,Bagmati,local_unit_exact_district_palika,Resolved using local_unit shapefile centroid; UNFPA name retained.
Bagmati,Bhaktapur,Suryabinayak Municipality,27.64900655,85.42772772,local_unit_shapefile_centroid,local_unit_confirmed,Suryabinayak,BHAKTAPUR,Bagmati,local_unit_exact_district_palika,Resolved using local_unit shapefile centroid; UNFPA name retained.
Bagmati,Rasuwa,Aamachhodingmo Rural Municipality,28.17124000,85.31489200,palika_center_fallback,confirmed,,,,local_unit_unmatched,No reliable local_unit match; retained previous palika_center coordinate. Review only if GIS-grade precision is required.
Bagmati,Rasuwa,Gosaikunda Rural Municipality,28.21206867,85.50962862,local_unit_shapefile_centroid,local_unit_confirmed,Gosaikunda,RASUWA,Bagmati,local_unit_exact_district_palika,Resolved using local_unit shapefile centroid; UNFPA name retained.
Bagmati,Rasuwa,Kalika Rural Municipality,28.02695711,85.22428493,local_unit_shapefile_centroid,local_unit_confirmed,Kalika,RASUWA,Bagmati,local_unit_exact_district_palika,Resolved using local_unit shapefile centroid; UNFPA name retained.
Bagmati,Rasuwa,Naukunda Rural Municipality,28.02490595,85.30692891,local_unit_shapefile_centroid,local_unit_confirmed,Naukunda,RASUWA,Bagmati,local_unit_exact_district_palika,Resolved using local_unit shapefile centroid; UNFPA name retained.
Bagmati,Rasuwa,Uttargaya Rural Municipality,28.08716558,85.18617559,local_unit_shapefile_centroid,local_unit_confirmed,Uttargaya,RASUWA,Bagmati,local_unit_exact_district_palika,Resolved using local_unit shapefile centroid; UNFPA name retained.
Bagmati,Sindhuli,Dudhauli Municipality,27.03229393,86.24111735,local_unit_shapefile_centroid,local_unit_confirmed,Dudhouli,SINDHULI,Bagmati,local_unit_exact_district_palika,Resolved using local_unit shapefile centroid; UNFPA name retained.
Bagmati,Sindhuli,Ghanglekh Rural Municipality,27.34309217,85.78858091,local_unit_shapefile_centroid,local_unit_confirmed,Ghanglekh,SINDHULI,Bagmati,local_unit_exact_district_palika,Resolved using local_unit shapefile centroid; UNFPA name retained.
Bagmati,Sindhuli,Golanjor Rural Municipality,27.25190844,86.06993551,local_unit_shapefile_centroid,local_unit_confirmed,Golanjor,SINDHULI,Bagmati,local_unit_exact_district_palika,Resolved using local_unit shapefile centroid; UNFPA name retained.
Bagmati,Sindhuli,Hariharpurgadhi Rural Municipality,27.25137218,85.54334701,local_unit_shapefile_centroid,local_unit_confirmed,Hariharpurgadhi,SINDHULI,Bagmati,local_unit_exact_district_palika,Resolved using local_unit shapefile centroid; UNFPA name retained.
Bagmati,Sindhuli,Kamalamai Municipality,27.18752995,85.93294963,local_unit_shapefile_centroid,local_unit_confirmed,Kamalamai,SINDHULI,Bagmati,local_unit_exact_district_palika,Resolved using local_unit shapefile centroid; UNFPA name retained.
Bagmati,Sindhuli,Marin Rural Municipality,27.25509215,85.69961704,local_unit_shapefile_centroid,local_unit_confirmed,Marin,SINDHULI,Bagmati,local_unit_exact_district_palika,Resolved using local_unit shapefile centroid; UNFPA name retained.
Bagmati,Sindhuli,Phikkal Rural Municipality,27.18665926,86.28850595,local_unit_shapefile_centroid,local_unit_confirmed,Phikkal,SINDHULI,Bagmati,local_unit_exact_district_palika,Resolved using local_unit shapefile centroid; UNFPA name retained.
Bagmati,Sindhuli,Sunkoshi Rural Municipality,27.37937828,85.88381657,local_unit_shapefile_centroid,local_unit_confirmed,Sunkoshi,SINDHULI,Bagmati,local_unit_exact_district_palika,Resolved using local_unit shapefile centroid; UNFPA name retained.
Bagmati,Sindhuli,Tinpatan Rural Municipality,27.13356144,86.13453206,local_unit_shapefile_centroid,local_unit_confirmed,Tinpatan,SINDHULI,Bagmati,local_unit_exact_district_palika,Resolved using local_unit shapefile centroid; UNFPA name retained.
Bagmati,Sindhupalchok,Balefi Rural Municipality,27.78097272,85.80591429,local_unit_shapefile_centroid,local_unit_confirmed,Balefi,SINDHUPALCHOK,Bagmati,local_unit_exact_district_palika,Resolved using local_unit shapefile centroid; UNFPA name retained.
Bagmati,Sindhupalchok,Barhabise Municipality,27.82151388,85.90243786,local_unit_shapefile_centroid,local_unit_confirmed,Barhabise,SINDHUPALCHOK,Bagmati,local_unit_exact_district_palika,Resolved using local_unit shapefile centroid; UNFPA name retained.
Bagmati,Sindhupalchok,Bhotekoshi Rural Municipality,27.91783476,85.93856004,local_unit_shapefile_centroid,local_unit_confirmed,Bhotekoshi,SINDHUPALCHOK,Bagmati,local_unit_exact_district_palika,Resolved using local_unit shapefile centroid; UNFPA name retained.
Bagmati,Sindhupalchok,Chautara Sangachokgadhi Municipality,27.75769277,85.72208507,local_unit_shapefile_centroid,local_unit_confirmed,Chautara SangachokGadhi,SINDHUPALCHOK,Bagmati,local_unit_exact_district_palika,Resolved using local_unit shapefile centroid; UNFPA name retained.
Bagmati,Sindhupalchok,Helambu Rural Municipality,28.00025675,85.53045265,local_unit_shapefile_centroid,local_unit_confirmed,Helambu,SINDHUPALCHOK,Bagmati,local_unit_exact_district_palika,Resolved using local_unit shapefile centroid; UNFPA name retained.
Bagmati,Sindhupalchok,Indrawati Rural Municipality,27.78370302,85.64128814,local_unit_shapefile_centroid,local_unit_confirmed,Indrawati,SINDHUPALCHOK,Bagmati,local_unit_exact_district_palika,Resolved using local_unit shapefile centroid; UNFPA name retained.
Bagmati,Sindhupalchok,Jugal Rural Municipality,28.01525088,85.79340356,local_unit_shapefile_centroid,local_unit_confirmed,Jugal,SINDHUPALCHOK,Bagmati,local_unit_exact_district_palika,Resolved using local_unit shapefile centroid; UNFPA name retained.
Bagmati,Sindhupalchok,Lisankhu Pakhar Rural Municipality,27.67342355,85.87809114,local_unit_shapefile_centroid,local_unit_review_variant,Lisangkhu Pakhar,SINDHUPALCHOK,Bagmati,local_unit_fuzzy_same_district,Resolved using local_unit shapefile centroid; UNFPA name retained; source name/renaming variant should be reviewed.
Bagmati,Sindhupalchok,Melamchi Municipality,27.82624455,85.54314235,local_unit_shapefile_centroid,local_unit_confirmed,Melamchi,SINDHUPALCHOK,Bagmati,local_unit_exact_district_palika,Resolved using local_unit shapefile centroid; UNFPA name retained.
Bagmati,Sindhupalchok,Panchpokhari Thangpal Rural Municipality,28.01336785,85.64577815,local_unit_shapefile_centroid,local_unit_confirmed,Panchpokhari Thangpal,SINDHUPALCHOK,Bagmati,local_unit_exact_district_palika,Resolved using local_unit shapefile centroid; UNFPA name retained.
Bagmati,Sindhupalchok,Sunkoshi Rural Municipality,27.70925935,85.80924353,local_unit_shapefile_centroid,local_unit_confirmed,Sunkoshi,SINDHUPALCHOK,Bagmati,local_unit_exact_district_palika,Resolved using local_unit shapefile centroid; UNFPA name retained.
Bagmati,Sindhupalchok,Tripurasundari Rural Municipality,27.75261372,85.94762749,local_unit_shapefile_centroid,local_unit_confirmed,Tripurasundari,SINDHUPALCHOK,Bagmati,local_unit_exact_district_palika,Resolved using local_unit shapefile centroid; UNFPA name retained.
Bagmati,Chitwan,Bharatpur Metropolitan City,27.65265551,84.38627132,local_unit_shapefile_centroid,local_unit_confirmed,Bharatpur,CHITAWAN,Bagmati,local_unit_exact_district_palika,Resolved using local_unit shapefile centroid; UNFPA name retained.
Bagmati,Chitwan,Ichchha Kamana Rural Municipality,27.80242612,84.59340298,local_unit_shapefile_centroid,local_unit_confirmed,Ichchhyakamana,CHITAWAN,Bagmati,local_unit_exact_district_palika,Resolved using local_unit shapefile centroid; UNFPA name retained.
Bagmati,Chitwan,Kalika Municipality,27.70952625,84.58837458,local_unit_shapefile_centroid,local_unit_confirmed,Kalika,CHITAWAN,Bagmati,local_unit_exact_district_palika,Resolved using local_unit shapefile centroid; UNFPA name retained.
Bagmati,Chitwan,Khairahani Municipality,27.60550172,84.57333408,local_unit_shapefile_centroid,local_unit_confirmed,Khairahani,CHITAWAN,Bagmati,local_unit_exact_district_palika,Resolved using local_unit shapefile centroid; UNFPA name retained.
Bagmati,Chitwan,Madi Municipality,27.42036446,84.37330078,local_unit_shapefile_centroid,local_unit_confirmed,Madi,CHITAWAN,Bagmati,local_unit_exact_district_palika,Resolved using local_unit shapefile centroid; UNFPA name retained.
Bagmati,Chitwan,Rapti Municipality,27.64915189,84.69182535,local_unit_shapefile_centroid,local_unit_confirmed,Rapti,CHITAWAN,Bagmati,local_unit_exact_district_palika,Resolved using local_unit shapefile centroid; UNFPA name retained.
Bagmati,Chitwan,Ratnanagar Municipality,27.61889798,84.51608015,local_unit_shapefile_centroid,local_unit_confirmed,Ratnanagar,CHITAWAN,Bagmati,local_unit_exact_district_palika,Resolved using local_unit shapefile centroid; UNFPA name retained.
Bagmati,Dhading,Benighat Rorang Rural Municipality,27.75615193,84.76865336,local_unit_shapefile_centroid,local_unit_confirmed,Benighat Rorang,DHADING,Bagmati,local_unit_exact_district_palika,Resolved using local_unit shapefile centroid; UNFPA name retained.
Bagmati,Dhading,Dhunibenshi Municipality,27.72946028,85.18205597,local_unit_shapefile_centroid,local_unit_review_variant,Dhunibesi,DHADING,Bagmati,local_unit_fuzzy_same_district,Resolved using local_unit shapefile centroid; UNFPA name retained; source name/renaming variant should be reviewed.
Bagmati,Dhading,Gajuri Rural Municipality,27.74932040,84.90540649,local_unit_shapefile_centroid,local_unit_confirmed,Gajuri,DHADING,Bagmati,local_unit_exact_district_palika,Resolved using local_unit shapefile centroid; UNFPA name retained.
Bagmati,Dhading,Galchhi Rural Municipality,27.79272113,84.98984292,local_unit_shapefile_centroid,local_unit_review_variant,Galchi,DHADING,Bagmati,local_unit_fuzzy_same_district,Resolved using local_unit shapefile centroid; UNFPA name retained; source name/renaming variant should be reviewed.
Bagmati,Dhading,Ganga Jamuna Rural Municipality,28.08622560,84.93204868,local_unit_shapefile_centroid,local_unit_confirmed,Gangajamuna,DHADING,Bagmati,local_unit_exact_district_palika,Resolved using local_unit shapefile centroid; UNFPA name retained.
Bagmati,Dhading,Jwalamukhi Rural Municipality,27.92317214,84.79412114,local_unit_shapefile_centroid,local_unit_confirmed,Jwalamukhi,DHADING,Bagmati,local_unit_exact_district_palika,Resolved using local_unit shapefile centroid; UNFPA name retained.
Bagmati,Dhading,Khaniyabas Rural Municipality,28.08211510,85.04478620,local_unit_shapefile_centroid,local_unit_review_variant,Khaniyabash,DHADING,Bagmati,local_unit_fuzzy_same_district,Resolved using local_unit shapefile centroid; UNFPA name retained; source name/renaming variant should be reviewed.
Bagmati,Dhading,Netrawati Rural Municipality,27.98645918,84.97381172,local_unit_shapefile_centroid,local_unit_review_variant,Netrawati Dabjong,DHADING,Bagmati,local_unit_fuzzy_same_district,Resolved using local_unit shapefile centroid; UNFPA name retained; source name/renaming variant should be reviewed.
Bagmati,Dhading,Nilkhantha Municipality,27.91862934,84.92175436,local_unit_shapefile_centroid,local_unit_review_variant,Nilakantha,DHADING,Bagmati,local_unit_fuzzy_same_district,Resolved using local_unit shapefile centroid; UNFPA name retained; source name/renaming variant should be reviewed.
Bagmati,Dhading,Rubi Valley Rural Municipality,28.22192838,85.09343217,local_unit_shapefile_centroid,local_unit_confirmed,Rubi Valley,DHADING,Bagmati,local_unit_exact_district_palika,Resolved using local_unit shapefile centroid; UNFPA name retained.
Bagmati,Dhading,Siddhalek Rural Municipality,27.84231916,84.84754291,local_unit_shapefile_centroid,local_unit_confirmed,Siddhalek,DHADING,Bagmati,local_unit_exact_district_palika,Resolved using local_unit shapefile centroid; UNFPA name retained.
Bagmati,Dhading,Thakre Rural Municipality,27.73805315,85.06676706,local_unit_shapefile_centroid,local_unit_confirmed,Thakre,DHADING,Bagmati,local_unit_exact_district_palika,Resolved using local_unit shapefile centroid; UNFPA name retained.
Bagmati,Dhading,Tripurasundari Rural Municipality,28.02158238,84.86023529,local_unit_shapefile_centroid,local_unit_confirmed,Tripura Sundari,DHADING,Bagmati,local_unit_exact_district_palika,Resolved using local_unit shapefile centroid; UNFPA name retained.
Bagmati,Dolakha,Baitedhar Rural Municipality,27.63408350,86.13058599,local_unit_shapefile_centroid,local_unit_confirmed,Baiteshwor,DOLAKHA,Bagmati,local_unit_exact_district_palika,Resolved using local_unit shapefile centroid; UNFPA name retained.
Bagmati,Dolakha,Bhimeshwor Municipality,27.68681089,86.02040223,local_unit_shapefile_centroid,local_unit_confirmed,Bhimeshwor,DOLAKHA,Bagmati,local_unit_exact_district_palika,Resolved using local_unit shapefile centroid; UNFPA name retained.
Bagmati,Dolakha,Bigu Rural Municipality,27.93538421,86.16108288,local_unit_shapefile_centroid,local_unit_confirmed,Bigu,DOLAKHA,Bagmati,local_unit_exact_district_palika,Resolved using local_unit shapefile centroid; UNFPA name retained.
Bagmati,Dolakha,Gaurishankar Rural Municipality,27.82329161,86.34582046,local_unit_shapefile_centroid,local_unit_confirmed,Gaurishankar,DOLAKHA,Bagmati,local_unit_exact_district_palika,Resolved using local_unit shapefile centroid; UNFPA name retained.
Bagmati,Dolakha,Jiri Municipality,27.66328513,86.28546641,local_unit_shapefile_centroid,local_unit_confirmed,Jiri,DOLAKHA,Bagmati,local_unit_exact_district_palika,Resolved using local_unit shapefile centroid; UNFPA name retained.
Bagmati,Dolakha,Kalinchowk Rural Municipality,27.74948179,86.09083903,local_unit_shapefile_centroid,local_unit_review_variant,Kalinchok,DOLAKHA,Bagmati,local_unit_fuzzy_same_district,Resolved using local_unit shapefile centroid; UNFPA name retained; source name/renaming variant should be reviewed.
Bagmati,Dolakha,Melung Rural Municipality,27.54396707,86.04576492,local_unit_shapefile_centroid,local_unit_confirmed,Melung,DOLAKHA,Bagmati,local_unit_exact_district_palika,Resolved using local_unit shapefile centroid; UNFPA name retained.
Bagmati,Dolakha,Shailung Rural Municipality,27.61783328,85.98179651,local_unit_shapefile_centroid,local_unit_review_variant,Sailung,DOLAKHA,Bagmati,local_unit_fuzzy_same_district,Resolved using local_unit shapefile centroid; UNFPA name retained; source name/renaming variant should be reviewed.
Bagmati,Dolakha,Tamakoshi Rural Municipality,27.54532613,86.12410009,local_unit_shapefile_centroid,local_unit_confirmed,Tamakoshi,DOLAKHA,Bagmati,local_unit_exact_district_palika,Resolved using local_unit shapefile centroid; UNFPA name retained.
Bagmati,Kathmandu,Budhanilkhantha Municipality,27.77205197,85.36454190,local_unit_shapefile_centroid,local_unit_review_variant,Budhanilakantha,KATHMANDU,Bagmati,local_unit_fuzzy_same_district,Resolved using local_unit shapefile centroid; UNFPA name retained; source name/renaming variant should be reviewed.
Bagmati,Kathmandu,Chandragiri Municipality,27.68662574,85.23178876,local_unit_shapefile_centroid,local_unit_confirmed,Chandragiri,KATHMANDU,Bagmati,local_unit_exact_district_palika,Resolved using local_unit shapefile centroid; UNFPA name retained.
Bagmati,Kathmandu,Dakshinkali Municipality,27.61595037,85.26337882,local_unit_shapefile_centroid,local_unit_confirmed,Dakshinkali,KATHMANDU,Bagmati,local_unit_exact_district_palika,Resolved using local_unit shapefile centroid; UNFPA name retained.
Bagmati,Kathmandu,Gokarneshwor Municipality,27.77368771,85.41623376,local_unit_shapefile_centroid,local_unit_confirmed,Gokarneshwor,KATHMANDU,Bagmati,local_unit_exact_district_palika,Resolved using local_unit shapefile centroid; UNFPA name retained.
Bagmati,Kathmandu,Kageshwori Manahara Municipality,27.73490494,85.42153178,local_unit_shapefile_centroid,local_unit_review_variant,Kageshwori Manahora,KATHMANDU,Bagmati,local_unit_fuzzy_same_district,Resolved using local_unit shapefile centroid; UNFPA name retained; source name/renaming variant should be reviewed.
Bagmati,Kathmandu,Kathmandu Metropolitan City,27.70876419,85.32952800,local_unit_shapefile_centroid,local_unit_confirmed,Kathmandu,KATHMANDU,Bagmati,local_unit_exact_district_palika,Resolved using local_unit shapefile centroid; UNFPA name retained.
Bagmati,Kathmandu,Kirtipur Municipality,27.66652779,85.27739631,local_unit_shapefile_centroid,local_unit_confirmed,Kirtipur,KATHMANDU,Bagmati,local_unit_exact_district_palika,Resolved using local_unit shapefile centroid; UNFPA name retained.
Bagmati,Kathmandu,Nagarjun Municipality,27.72703759,85.26363246,local_unit_shapefile_centroid,local_unit_confirmed,Nagarjun,KATHMANDU,Bagmati,local_unit_exact_district_palika,Resolved using local_unit shapefile centroid; UNFPA name retained.
Bagmati,Kathmandu,Shankharapur Municipality,27.75330397,85.50131976,local_unit_shapefile_centroid,local_unit_confirmed,Shankharapur,KATHMANDU,Bagmati,local_unit_exact_district_palika,Resolved using local_unit shapefile centroid; UNFPA name retained.
Bagmati,Kathmandu,Tarakeshwor Municipality,27.77749200,85.29930988,local_unit_shapefile_centroid,local_unit_confirmed,Tarakeshwor,KATHMANDU,Bagmati,local_unit_exact_district_palika,Resolved using local_unit shapefile centroid; UNFPA name retained.
Bagmati,Kathmandu,Tokha Municipality,27.77514565,85.33246637,local_unit_shapefile_centroid,local_unit_confirmed,Tokha,KATHMANDU,Bagmati,local_unit_exact_district_palika,Resolved using local_unit shapefile centroid; UNFPA name retained.
Bagmati,Kavrepalanchok,Banepa Municipality,27.64807370,85.51589004,local_unit_shapefile_centroid,local_unit_confirmed,Banepa,KABHREPALANCHOK,Bagmati,local_unit_exact_district_palika,Resolved using local_unit shapefile centroid; UNFPA name retained.
Bagmati,Kavrepalanchok,Bethanchowk Rural Municipality,27.50675440,85.49825767,local_unit_shapefile_centroid,local_unit_confirmed,Bethanchowk,KABHREPALANCHOK,Bagmati,local_unit_exact_district_palika,Resolved using local_unit shapefile centroid; UNFPA name retained.
Bagmati,Kavrepalanchok,Bhumlu Rural Municipality,27.63604943,85.74805624,local_unit_shapefile_centroid,local_unit_confirmed,Bhumlu,KABHREPALANCHOK,Bagmati,local_unit_exact_district_palika,Resolved using local_unit shapefile centroid; UNFPA name retained.
Bagmati,Kavrepalanchok,Chauri Deurali Rural Municipality,27.58053230,85.80743835,local_unit_shapefile_centroid,local_unit_confirmed,Chaurideurali,KABHREPALANCHOK,Bagmati,local_unit_exact_district_palika,Resolved using local_unit shapefile centroid; UNFPA name retained.
Bagmati,Kavrepalanchok,Dhulikhel Municipality,27.61769662,85.57456019,local_unit_shapefile_centroid,local_unit_confirmed,Dhulikhel,KABHREPALANCHOK,Bagmati,local_unit_exact_district_palika,Resolved using local_unit shapefile centroid; UNFPA name retained.
Bagmati,Kavrepalanchok,Khanikhola Rural Municipality,27.42846977,85.49902124,local_unit_shapefile_centroid,local_unit_confirmed,Khanikhola,KABHREPALANCHOK,Bagmati,local_unit_exact_district_palika,Resolved using local_unit shapefile centroid; UNFPA name retained.
Bagmati,Kavrepalanchok,Mahabharat Rural Municipality,27.39210345,85.62395244,local_unit_shapefile_centroid,local_unit_confirmed,Mahabharat,KABHREPALANCHOK,Bagmati,local_unit_exact_district_palika,Resolved using local_unit shapefile centroid; UNFPA name retained.
Bagmati,Kavrepalanchok,Mandan Deupur Municipality,27.70995833,85.60095507,local_unit_shapefile_centroid,local_unit_confirmed,Mandandeupur,KABHREPALANCHOK,Bagmati,local_unit_exact_district_palika,Resolved using local_unit shapefile centroid; UNFPA name retained.
Bagmati,Kavrepalanchok,Namobuddha Municipality,27.55294680,85.64207812,local_unit_shapefile_centroid,local_unit_confirmed,Namobuddha,KABHREPALANCHOK,Bagmati,local_unit_exact_district_palika,Resolved using local_unit shapefile centroid; UNFPA name retained.
Bagmati,Kavrepalanchok,Panauti Municipality,27.57698315,85.48053986,local_unit_shapefile_centroid,local_unit_confirmed,Panauti,KABHREPALANCHOK,Bagmati,local_unit_exact_district_palika,Resolved using local_unit shapefile centroid; UNFPA name retained.
Bagmati,Kavrepalanchok,Panchkhal Municipality,27.63671071,85.64091423,local_unit_shapefile_centroid,local_unit_confirmed,Panchkhal,KABHREPALANCHOK,Bagmati,local_unit_exact_district_palika,Resolved using local_unit shapefile centroid; UNFPA name retained.
Bagmati,Kavrepalanchok,Roshi Rural Municipality,27.47014532,85.67347640,local_unit_shapefile_centroid,local_unit_confirmed,Roshi,KABHREPALANCHOK,Bagmati,local_unit_exact_district_palika,Resolved using local_unit shapefile centroid; UNFPA name retained.
Bagmati,Kavrepalanchok,Temal Rural Municipality,27.50938146,85.75943767,local_unit_shapefile_centroid,local_unit_confirmed,Temal,KABHREPALANCHOK,Bagmati,local_unit_exact_district_palika,Resolved using local_unit shapefile centroid; UNFPA name retained.
Bagmati,Lalitpur,Bagmati Rural Municipality,27.48403979,85.30635595,local_unit_shapefile_centroid,local_unit_confirmed,Bagmati,LALITPUR,Bagmati,local_unit_exact_district_palika,Resolved using local_unit shapefile centroid; UNFPA name retained.
Bagmati,Lalitpur,Godawari Municipality,27.58429034,85.33783151,local_unit_shapefile_centroid,local_unit_confirmed,Godawari,LALITPUR,Bagmati,local_unit_exact_district_palika,Resolved using local_unit shapefile centroid; UNFPA name retained.
Bagmati,Lalitpur,Konjyosom Rural Municipality,27.53019872,85.35249109,local_unit_shapefile_centroid,local_unit_confirmed,Konjyosom,LALITPUR,Bagmati,local_unit_exact_district_palika,Resolved using local_unit shapefile centroid; UNFPA name retained.
Bagmati,Lalitpur,Lalitpur Metropolitan City,27.65033516,85.31799460,local_unit_shapefile_centroid,local_unit_confirmed,Lalitpur,LALITPUR,Bagmati,local_unit_exact_district_palika,Resolved using local_unit shapefile centroid; UNFPA name retained.
Bagmati,Lalitpur,Mahalaxmi Municipality,27.63482024,85.38249198,local_unit_shapefile_centroid,local_unit_confirmed,Mahalaxmi,LALITPUR,Bagmati,local_unit_exact_district_palika,Resolved using local_unit shapefile centroid; UNFPA name retained.
Bagmati,Lalitpur,Mahankal Rural Municipality,27.48747210,85.40109707,local_unit_shapefile_centroid,local_unit_confirmed,Mahankal,LALITPUR,Bagmati,local_unit_exact_district_palika,Resolved using local_unit shapefile centroid; UNFPA name retained.
Bagmati,Makwanpur,Bagmati Rural Municipality,27.30451444,85.40015057,local_unit_shapefile_centroid,local_unit_confirmed,Bagmati,MAKAWANPUR,Bagmati,local_unit_exact_district_palika,Resolved using local_unit shapefile centroid; UNFPA name retained.
Bagmati,Makwanpur,Bakaiya Rural Municipality,27.33218310,85.25504944,local_unit_shapefile_centroid,local_unit_confirmed,Bakaiya,MAKAWANPUR,Bagmati,local_unit_exact_district_palika,Resolved using local_unit shapefile centroid; UNFPA name retained.
Bagmati,Makwanpur,Bhimphedi Rural Municipality,27.52754191,85.10666046,local_unit_shapefile_centroid,local_unit_confirmed,Bhimphedi,MAKAWANPUR,Bagmati,local_unit_exact_district_palika,Resolved using local_unit shapefile centroid; UNFPA name retained.
Bagmati,Makwanpur,Hetauda Sub-Metropolitan City,27.41564814,85.02942391,local_unit_shapefile_centroid,local_unit_confirmed,Hetauda,MAKAWANPUR,Bagmati,local_unit_exact_district_palika,Resolved using local_unit shapefile centroid; UNFPA name retained.
Bagmati,Makwanpur,Indrasarowar Rural Municipality,27.59335237,85.19818454,local_unit_shapefile_centroid,local_unit_confirmed,Indrasarowar,MAKAWANPUR,Bagmati,local_unit_exact_district_palika,Resolved using local_unit shapefile centroid; UNFPA name retained.
Bagmati,Makwanpur,Kailash Rural Municipality,27.60926248,84.95151545,local_unit_shapefile_centroid,local_unit_confirmed,Kailash,MAKAWANPUR,Bagmati,local_unit_exact_district_palika,Resolved using local_unit shapefile centroid; UNFPA name retained.
Bagmati,Makwanpur,Makawanpurgadhi Rural Municipality,27.44497277,85.13912859,local_unit_shapefile_centroid,local_unit_confirmed,Makawanpurgadhi,MAKAWANPUR,Bagmati,local_unit_exact_district_palika,Resolved using local_unit shapefile centroid; UNFPA name retained.
Bagmati,Makwanpur,Manahari Rural Municipality,27.47229670,84.85355936,local_unit_shapefile_centroid,local_unit_confirmed,Manahari,MAKAWANPUR,Bagmati,local_unit_exact_district_palika,Resolved using local_unit shapefile centroid; UNFPA name retained.
Bagmati,Makwanpur,Raksirang Rural Municipality,27.59841215,84.84009785,local_unit_shapefile_centroid,local_unit_confirmed,Raksirang,MAKAWANPUR,Bagmati,local_unit_exact_district_palika,Resolved using local_unit shapefile centroid; UNFPA name retained.
Bagmati,Makwanpur,Thaha Municipality,27.65130236,85.08830255,local_unit_shapefile_centroid,local_unit_confirmed,Thaha,MAKAWANPUR,Bagmati,local_unit_exact_district_palika,Resolved using local_unit shapefile centroid; UNFPA name retained.
Bagmati,Nuwakot,Belkotgadhi Municipality,27.82472319,85.12509126,local_unit_shapefile_centroid,local_unit_confirmed,Belkotgadhi,NUWAKOT,Bagmati,local_unit_exact_district_palika,Resolved using local_unit shapefile centroid; UNFPA name retained.
Bagmati,Nuwakot,Bidur Municipality,27.92563230,85.13830401,local_unit_shapefile_centroid,local_unit_confirmed,Bidur,NUWAKOT,Bagmati,local_unit_exact_district_palika,Resolved using local_unit shapefile centroid; UNFPA name retained.
Bagmati,Nuwakot,Dupcheshwor Rural Municipality,27.93778570,85.42855471,local_unit_shapefile_centroid,local_unit_review_variant,Dupcheshwar,NUWAKOT,Bagmati,local_unit_fuzzy_same_district,Resolved using local_unit shapefile centroid; UNFPA name retained; source name/renaming variant should be reviewed.
Bagmati,Nuwakot,Kakani Rural Municipality,27.81823477,85.23344045,local_unit_shapefile_centroid,local_unit_confirmed,Kakani,NUWAKOT,Bagmati,local_unit_exact_district_palika,Resolved using local_unit shapefile centroid; UNFPA name retained.
Bagmati,Nuwakot,Kispang Rural Municipality,28.03143349,85.12761828,local_unit_shapefile_centroid,local_unit_confirmed,Kispang,NUWAKOT,Bagmati,local_unit_exact_district_palika,Resolved using local_unit shapefile centroid; UNFPA name retained.
Bagmati,Nuwakot,Likhu Rural Municipality,27.89274654,85.22649653,local_unit_shapefile_centroid,local_unit_confirmed,Likhu,NUWAKOT,Bagmati,local_unit_exact_district_palika,Resolved using local_unit shapefile centroid; UNFPA name retained.
Bagmati,Nuwakot,Meghang Rural Municipality,27.98837581,85.05852126,local_unit_shapefile_centroid,local_unit_confirmed,Meghang,NUWAKOT,Bagmati,local_unit_exact_district_palika,Resolved using local_unit shapefile centroid; UNFPA name retained.
Bagmati,Nuwakot,Panchakanya Rural Municipality,27.89383814,85.31700824,local_unit_shapefile_centroid,local_unit_confirmed,Panchakanya,NUWAKOT,Bagmati,local_unit_exact_district_palika,Resolved using local_unit shapefile centroid; UNFPA name retained.
Bagmati,Nuwakot,Shivapuri Rural Municipality,27.85240110,85.37725569,local_unit_shapefile_centroid,local_unit_confirmed,Shivapuri,NUWAKOT,Bagmati,local_unit_exact_district_palika,Resolved using local_unit shapefile centroid; UNFPA name retained.
Bagmati,Nuwakot,Suryagadhi Rural Municipality,27.94514593,85.25484462,local_unit_shapefile_centroid,local_unit_confirmed,Suryagadhi,NUWAKOT,Bagmati,local_unit_exact_district_palika,Resolved using local_unit shapefile centroid; UNFPA name retained.
Bagmati,Nuwakot,Tadi Rural Municipality,27.95598106,85.33195770,local_unit_shapefile_centroid,local_unit_confirmed,Tadi,NUWAKOT,Bagmati,local_unit_exact_district_palika,Resolved using local_unit shapefile centroid; UNFPA name retained.
Bagmati,Nuwakot,Tarakeshwor Rural Municipality,27.88942848,85.04148129,local_unit_shapefile_centroid,local_unit_review_variant,Tarkeshwar,NUWAKOT,Bagmati,local_unit_fuzzy_same_district,Resolved using local_unit shapefile centroid; UNFPA name retained; source name/renaming variant should be reviewed.
Bagmati,Ramechhap,Doramba Rural Municipality,27.54913695,85.92352985,local_unit_shapefile_centroid,local_unit_confirmed,Doramba,RAMECHHAP,Bagmati,local_unit_exact_district_palika,Resolved using local_unit shapefile centroid; UNFPA name retained.
Bagmati,Ramechhap,Gokulganga Rural Municipality,27.57611096,86.26665089,local_unit_shapefile_centroid,local_unit_confirmed,Gokulganga,RAMECHHAP,Bagmati,local_unit_exact_district_palika,Resolved using local_unit shapefile centroid; UNFPA name retained.
Bagmati,Ramechhap,Khandadevi Rural Municipality,27.43791860,85.94537425,local_unit_shapefile_centroid,local_unit_review_variant,Khadadevi,RAMECHHAP,Bagmati,local_unit_fuzzy_same_district,Resolved using local_unit shapefile centroid; UNFPA name retained; source name/renaming variant should be reviewed.
Bagmati,Ramechhap,Likhu Rural Municipality,27.42583400,86.17748700,palika_center_fallback,confirmed,Likhu,OKHALDHUNGA,Koshi,local_unit_global_name_district_mismatch,No reliable local_unit match; retained previous palika_center coordinate. Review only if GIS-grade precision is required.
Bagmati,Ramechhap,Manthali Municipality,27.40851437,86.06671450,local_unit_shapefile_centroid,local_unit_confirmed,Manthali,RAMECHHAP,Bagmati,local_unit_exact_district_palika,Resolved using local_unit shapefile centroid; UNFPA name retained.
Bagmati,Ramechhap,Ramechhap Municipality,27.31585130,86.14881976,local_unit_shapefile_centroid,local_unit_confirmed,Ramechhap,RAMECHHAP,Bagmati,local_unit_exact_district_palika,Resolved using local_unit shapefile centroid; UNFPA name retained.
Bagmati,Ramechhap,Sunapati Rural Municipality,27.49547136,85.85818838,local_unit_shapefile_centroid,local_unit_confirmed,Sunapati,RAMECHHAP,Bagmati,local_unit_exact_district_palika,Resolved using local_unit shapefile centroid; UNFPA name retained.
Bagmati,Ramechhap,Umakunda Rural Municipality,27.66068800,86.42482691,local_unit_shapefile_centroid,local_unit_confirmed,Umakunda,RAMECHHAP,Bagmati,local_unit_exact_district_palika,Resolved using local_unit shapefile centroid; UNFPA name retained.
Gandaki,Baglung,Badigad Rural Municipality,28.27130015,83.24329808,local_unit_shapefile_centroid,local_unit_confirmed,Badigad,BAGLUNG,Gandaki,local_unit_exact_district_palika,Resolved using local_unit shapefile centroid; UNFPA name retained.
Gandaki,Baglung,Baglung Municipality,28.24616442,83.59805873,local_unit_shapefile_centroid,local_unit_confirmed,Baglung,BAGLUNG,Gandaki,local_unit_exact_district_palika,Resolved using local_unit shapefile centroid; UNFPA name retained.
Gandaki,Baglung,Bareng Rural Municipality,28.15007312,83.47376243,local_unit_shapefile_centroid,local_unit_confirmed,Bareng,BAGLUNG,Gandaki,local_unit_exact_district_palika,Resolved using local_unit shapefile centroid; UNFPA name retained.
Gandaki,Baglung,Dhorpatan Municipality,28.39417818,83.14214216,local_unit_shapefile_centroid,local_unit_confirmed,Dhorpatan,BAGLUNG,Gandaki,local_unit_exact_district_palika,Resolved using local_unit shapefile centroid; UNFPA name retained.
Gandaki,Baglung,Galkot Municipality,28.23286515,83.39178721,local_unit_shapefile_centroid,local_unit_confirmed,Galkot,BAGLUNG,Gandaki,local_unit_exact_district_palika,Resolved using local_unit shapefile centroid; UNFPA name retained.
Gandaki,Baglung,Jaimuni Municipality,28.15744584,83.58326887,local_unit_shapefile_centroid,local_unit_confirmed,Jaimuni,BAGLUNG,Gandaki,local_unit_exact_district_palika,Resolved using local_unit shapefile centroid; UNFPA name retained.
Gandaki,Baglung,Kanthekhola Rural Municipality,28.26174962,83.51418854,local_unit_shapefile_centroid,local_unit_confirmed,Kanthekhola,BAGLUNG,Gandaki,local_unit_exact_district_palika,Resolved using local_unit shapefile centroid; UNFPA name retained.
Gandaki,Baglung,Nisikhola Rural Municipality,28.38252552,83.02254108,local_unit_shapefile_centroid,local_unit_confirmed,Nisikhola,BAGLUNG,Gandaki,local_unit_exact_district_palika,Resolved using local_unit shapefile centroid; UNFPA name retained.
Gandaki,Baglung,Taman Khola Rural Municipality,28.43673809,83.22513603,local_unit_shapefile_centroid,local_unit_confirmed,Taman Khola,BAGLUNG,Gandaki,local_unit_exact_district_palika,Resolved using local_unit shapefile centroid; UNFPA name retained.
Gandaki,Baglung,Tara Khola Rural Municipality,28.31174811,83.40378450,local_unit_shapefile_centroid,local_unit_confirmed,Tara Khola,BAGLUNG,Gandaki,local_unit_exact_district_palika,Resolved using local_unit shapefile centroid; UNFPA name retained.
Gandaki,Kaski,Annapurna Rural Municipality,28.44226514,83.82732472,local_unit_shapefile_centroid,local_unit_confirmed,Annapurna,KASKI,Gandaki,local_unit_exact_district_palika,Resolved using local_unit shapefile centroid; UNFPA name retained.
Gandaki,Kaski,Machhapuchchhre Rural Municipality,28.43593995,83.96320540,local_unit_shapefile_centroid,local_unit_confirmed,Machhapuchchhre,KASKI,Gandaki,local_unit_exact_district_palika,Resolved using local_unit shapefile centroid; UNFPA name retained.
Gandaki,Kaski,Madi Rural Municipality,28.36589132,84.13933766,local_unit_shapefile_centroid,local_unit_confirmed,Madi,KASKI,Gandaki,local_unit_exact_district_palika,Resolved using local_unit shapefile centroid; UNFPA name retained.
Gandaki,Kaski,Pokhara Metropolitan City,28.21810000,83.98625400,palika_center_fallback,confirmed,,,,local_unit_unmatched,No reliable local_unit match; retained previous palika_center coordinate. Review only if GIS-grade precision is required.
Gandaki,Kaski,Rupa Rural Municipality,28.14218344,84.17526424,local_unit_shapefile_centroid,local_unit_confirmed,Rupa,KASKI,Gandaki,local_unit_exact_district_palika,Resolved using local_unit shapefile centroid; UNFPA name retained.
Gandaki,Manang,Chame Rural Municipality,28.51768045,84.25542794,local_unit_shapefile_centroid,local_unit_confirmed,Chame,MANANG,Gandaki,local_unit_exact_district_palika,Resolved using local_unit shapefile centroid; UNFPA name retained.
Gandaki,Manang,Manang Ngisyang Rural Municipality,28.63845794,84.09062683,palika_center_fallback,confirmed,,,,local_unit_unmatched,No reliable local_unit match; retained previous palika_center coordinate. Review only if GIS-grade precision is required.
Gandaki,Manang,Narpa Bhumi Rural Municipality,28.76931939,84.23270822,local_unit_shapefile_centroid,local_unit_review_variant,Narphu,MANANG,Gandaki,local_unit_fuzzy_same_district,Resolved using local_unit shapefile centroid; UNFPA name retained; source name/renaming variant should be reviewed.
Gandaki,Manang,Narso Rural Municipality,28.51867308,84.35856672,palika_center_fallback,confirmed,,,,local_unit_unmatched,No reliable local_unit match; retained previous palika_center coordinate. Review only if GIS-grade precision is required.
Gandaki,Mustang,Baragaun Muktikshetra Rural Municipality,28.88962270,83.75100664,local_unit_shapefile_centroid,local_unit_review_variant,Barhagaun Muktikhsetra,MUSTANG,Gandaki,local_unit_fuzzy_same_district,Resolved using local_unit shapefile centroid; UNFPA name retained; source name/renaming variant should be reviewed.
Gandaki,Mustang,Gharapjhong Rural Municipality,28.76152423,83.72825293,local_unit_shapefile_centroid,local_unit_confirmed,Gharapjhong,MUSTANG,Gandaki,local_unit_exact_district_palika,Resolved using local_unit shapefile centroid; UNFPA name retained.
Gandaki,Mustang,Lo Ghekar Damodarkunda Rural Municipality,29.09255416,83.93223907,palika_center_fallback,confirmed,,,,local_unit_unmatched,No reliable local_unit match; retained previous palika_center coordinate. Review only if GIS-grade precision is required.
Gandaki,Mustang,Lomanthang Rural Municipality,29.20822550,83.98812027,local_unit_shapefile_centroid,local_unit_confirmed,Lomanthang,MUSTANG,Gandaki,local_unit_exact_district_palika,Resolved using local_unit shapefile centroid; UNFPA name retained.
Gandaki,Mustang,Thasang Rural Municipality,28.68086755,83.61676346,local_unit_shapefile_centroid,local_unit_confirmed,Thasang,MUSTANG,Gandaki,local_unit_exact_district_palika,Resolved using local_unit shapefile centroid; UNFPA name retained.
Gandaki,Myagdi,Annapurna Rural Municipality,28.52968832,83.71115955,local_unit_shapefile_centroid,local_unit_confirmed,Annapurna,MYAGDI,Gandaki,local_unit_exact_district_palika,Resolved using local_unit shapefile centroid; UNFPA name retained.
Gandaki,Myagdi,Beni Municipality,28.35263324,83.53570451,local_unit_shapefile_centroid,local_unit_confirmed,Beni,MYAGDI,Gandaki,local_unit_exact_district_palika,Resolved using local_unit shapefile centroid; UNFPA name retained.
Gandaki,Myagdi,Dhawalagiri Rural Municipality,28.62326588,83.35059336,local_unit_shapefile_centroid,local_unit_review_variant,Dhaulagiri,MYAGDI,Gandaki,local_unit_fuzzy_same_district,Resolved using local_unit shapefile centroid; UNFPA name retained; source name/renaming variant should be reviewed.
Gandaki,Myagdi,Malika Rural Municipality,28.41923687,83.35542324,local_unit_shapefile_centroid,local_unit_confirmed,Malika,MYAGDI,Gandaki,local_unit_exact_district_palika,Resolved using local_unit shapefile centroid; UNFPA name retained.
Gandaki,Myagdi,Mangala Rural Municipality,28.37816600,83.45282130,local_unit_shapefile_centroid,local_unit_confirmed,Mangala,MYAGDI,Gandaki,local_unit_exact_district_palika,Resolved using local_unit shapefile centroid; UNFPA name retained.
Gandaki,Myagdi,Raghuganga Rural Municipality,28.53278002,83.51976578,local_unit_shapefile_centroid,local_unit_confirmed,Raghuganga,MYAGDI,Gandaki,local_unit_exact_district_palika,Resolved using local_unit shapefile centroid; UNFPA name retained.
Gandaki,Tanahu,Aanbookhaireni Rural Municipality,27.87533107,84.48788146,local_unit_shapefile_centroid,local_unit_review_variant,Anbukhaireni,TANAHU,Gandaki,local_unit_fuzzy_same_district,Resolved using local_unit shapefile centroid; UNFPA name retained; source name/renaming variant should be reviewed.
Gandaki,Tanahu,Bandipur Rural Municipality,27.91870468,84.39614453,local_unit_shapefile_centroid,local_unit_confirmed,Bandipur,TANAHU,Gandaki,local_unit_exact_district_palika,Resolved using local_unit shapefile centroid; UNFPA name retained.
Gandaki,Tanahu,Bhanu Municipality,28.05387229,84.39894720,local_unit_shapefile_centroid,local_unit_confirmed,Bhanu,TANAHU,Gandaki,local_unit_exact_district_palika,Resolved using local_unit shapefile centroid; UNFPA name retained.
Gandaki,Tanahu,Bhimad Municipality,27.96536193,84.04499994,local_unit_shapefile_centroid,local_unit_confirmed,Bhimad,TANAHU,Gandaki,local_unit_exact_district_palika,Resolved using local_unit shapefile centroid; UNFPA name retained.
Gandaki,Tanahu,Devghat Rural Municipality,27.81019670,84.37427492,local_unit_shapefile_centroid,local_unit_confirmed,Devghat,TANAHU,Gandaki,local_unit_exact_district_palika,Resolved using local_unit shapefile centroid; UNFPA name retained.
Gandaki,Tanahu,Ghiring Rural Municipality,27.89297553,84.05415090,local_unit_shapefile_centroid,local_unit_confirmed,Ghiring,TANAHU,Gandaki,local_unit_exact_district_palika,Resolved using local_unit shapefile centroid; UNFPA name retained.
Gandaki,Tanahu,Myagde Rural Municipality,28.00023341,84.16804101,local_unit_shapefile_centroid,local_unit_confirmed,Myagde,TANAHU,Gandaki,local_unit_exact_district_palika,Resolved using local_unit shapefile centroid; UNFPA name retained.
Gandaki,Tanahu,Rishing Rural Municipality,27.89795725,84.22201133,local_unit_shapefile_centroid,local_unit_review_variant,Rhishing,TANAHU,Gandaki,local_unit_fuzzy_same_district,Resolved using local_unit shapefile centroid; UNFPA name retained; source name/renaming variant should be reviewed.
Gandaki,Tanahu,Shuklagandaki Municipality,28.06463499,84.06874556,local_unit_shapefile_centroid,local_unit_confirmed,Shuklagandaki,TANAHU,Gandaki,local_unit_exact_district_palika,Resolved using local_unit shapefile centroid; UNFPA name retained.
Gandaki,Tanahu,Vyas Municipality,28.01302019,84.28746680,local_unit_shapefile_centroid,local_unit_confirmed,Byas,TANAHU,Gandaki,local_unit_exact_district_palika,Resolved using local_unit shapefile centroid; UNFPA name retained.
Gandaki,Gorkha,Aarughat Rural Municipality,28.12045957,84.85237240,local_unit_shapefile_centroid,local_unit_confirmed,Aarughat,GORKHA,Gandaki,local_unit_exact_district_palika,Resolved using local_unit shapefile centroid; UNFPA name retained.
Gandaki,Gorkha,Ajirkot Rural Municipality,28.23687486,84.68370260,local_unit_shapefile_centroid,local_unit_confirmed,Ajirkot,GORKHA,Gandaki,local_unit_exact_district_palika,Resolved using local_unit shapefile centroid; UNFPA name retained.
Gandaki,Gorkha,Bhimsen Rural Municipality,28.01152314,84.74258017,local_unit_shapefile_centroid,local_unit_confirmed,Bhimsen,GORKHA,Gandaki,local_unit_exact_district_palika,Resolved using local_unit shapefile centroid; UNFPA name retained.
Gandaki,Gorkha,Chumanubri Rural Municipality,28.53357864,84.83284038,local_unit_shapefile_centroid,local_unit_review_variant,Chum Nubri,GORKHA,Gandaki,local_unit_fuzzy_same_district,Resolved using local_unit shapefile centroid; UNFPA name retained; source name/renaming variant should be reviewed.
Gandaki,Gorkha,Dharche Rural Municipality,28.30449557,84.92722989,local_unit_shapefile_centroid,local_unit_confirmed,Dharche,GORKHA,Gandaki,local_unit_exact_district_palika,Resolved using local_unit shapefile centroid; UNFPA name retained.
Gandaki,Gorkha,Gandaki Rural Municipality,27.85908585,84.70970837,local_unit_shapefile_centroid,local_unit_confirmed,Gandaki,GORKHA,Gandaki,local_unit_exact_district_palika,Resolved using local_unit shapefile centroid; UNFPA name retained.
Gandaki,Gorkha,Gorkha Municipality,27.98271049,84.60150813,local_unit_shapefile_centroid,local_unit_confirmed,Gorkha,GORKHA,Gandaki,local_unit_exact_district_palika,Resolved using local_unit shapefile centroid; UNFPA name retained.
Gandaki,Gorkha,Palungtar Municipality,28.01010858,84.50831586,local_unit_shapefile_centroid,local_unit_confirmed,Palungtar,GORKHA,Gandaki,local_unit_exact_district_palika,Resolved using local_unit shapefile centroid; UNFPA name retained.
Gandaki,Gorkha,Shahid Lakhan Rural Municipality,27.92598643,84.63555891,local_unit_shapefile_centroid,local_unit_review_variant,Sahid Lakhan,GORKHA,Gandaki,local_unit_fuzzy_same_district,Resolved using local_unit shapefile centroid; UNFPA name retained; source name/renaming variant should be reviewed.
Gandaki,Gorkha,Siranchowk Rural Municipality,28.09104336,84.60332114,local_unit_shapefile_centroid,local_unit_review_variant,Siranchok,GORKHA,Gandaki,local_unit_fuzzy_same_district,Resolved using local_unit shapefile centroid; UNFPA name retained; source name/renaming variant should be reviewed.
Gandaki,Gorkha,Sulikot Rural Municipality,28.16241168,84.73572733,local_unit_shapefile_centroid,local_unit_confirmed,Sulikot,GORKHA,Gandaki,local_unit_exact_district_palika,Resolved using local_unit shapefile centroid; UNFPA name retained.
Gandaki,Lamjung,Bensi Shahar Municipality,28.21725589,84.38252444,local_unit_shapefile_centroid,local_unit_review_variant,Besishahar,LAMJUNG,Gandaki,local_unit_fuzzy_same_district,Resolved using local_unit shapefile centroid; UNFPA name retained; source name/renaming variant should be reviewed.
Gandaki,Lamjung,Dordi Rural Municipality,28.29254406,84.54827954,local_unit_shapefile_centroid,local_unit_confirmed,Dordi,LAMJUNG,Gandaki,local_unit_exact_district_palika,Resolved using local_unit shapefile centroid; UNFPA name retained.
Gandaki,Lamjung,Dudhapokhari Rural Municipality,28.21589062,84.58843225,local_unit_shapefile_centroid,local_unit_review_variant,Dudhpokhari,LAMJUNG,Gandaki,local_unit_fuzzy_same_district,Resolved using local_unit shapefile centroid; UNFPA name retained; source name/renaming variant should be reviewed.
Gandaki,Lamjung,Kwhola Sothar Rural Municipality,28.29136875,84.25359312,local_unit_shapefile_centroid,local_unit_confirmed,Kwholasothar,LAMJUNG,Gandaki,local_unit_exact_district_palika,Resolved using local_unit shapefile centroid; UNFPA name retained.
Gandaki,Lamjung,Madhya Nepal Municipality,28.14939597,84.26406933,local_unit_shapefile_centroid,local_unit_confirmed,MadhyaNepal,LAMJUNG,Gandaki,local_unit_exact_district_palika,Resolved using local_unit shapefile centroid; UNFPA name retained.
Gandaki,Lamjung,Marshyangdi Rural Municipality,28.38429025,84.41839922,local_unit_shapefile_centroid,local_unit_review_variant,Marsyangdi,LAMJUNG,Gandaki,local_unit_fuzzy_same_district,Resolved using local_unit shapefile centroid; UNFPA name retained; source name/renaming variant should be reviewed.
Gandaki,Lamjung,Rainas Municipality,28.11644816,84.49777914,local_unit_shapefile_centroid,local_unit_confirmed,Rainas,LAMJUNG,Gandaki,local_unit_exact_district_palika,Resolved using local_unit shapefile centroid; UNFPA name retained.
Gandaki,Lamjung,Sundarbazar Municipality,28.15296123,84.37158299,local_unit_shapefile_centroid,local_unit_confirmed,Sundarbazar,LAMJUNG,Gandaki,local_unit_exact_district_palika,Resolved using local_unit shapefile centroid; UNFPA name retained.
Gandaki,Nawalparasi East,Binayi Tribeni Rural Municipality,27.46543877,83.90650187,local_unit_shapefile_centroid,local_unit_review_variant,Binayee Tribeni,NAWALPARASI_E,Gandaki,local_unit_fuzzy_same_district,Resolved using local_unit shapefile centroid; UNFPA name retained; source name/renaming variant should be reviewed.
Gandaki,Nawalparasi East,Bulingtar Rural Municipality,27.80836379,84.19714567,local_unit_shapefile_centroid,local_unit_confirmed,Bulingtar,NAWALPARASI_E,Gandaki,local_unit_exact_district_palika,Resolved using local_unit shapefile centroid; UNFPA name retained.
Gandaki,Nawalparasi East,Bungdikali Rural Municipality,27.81206535,84.06576046,local_unit_shapefile_centroid,local_unit_confirmed,Bungdikali,NAWALPARASI_E,Gandaki,local_unit_exact_district_palika,Resolved using local_unit shapefile centroid; UNFPA name retained.
Gandaki,Nawalparasi East,Devchuli Municipality,27.71536877,84.20769504,local_unit_shapefile_centroid,local_unit_confirmed,Devchuli,NAWALPARASI_E,Gandaki,local_unit_exact_district_palika,Resolved using local_unit shapefile centroid; UNFPA name retained.
Gandaki,Nawalparasi East,Gaidakot Municipality,27.72959740,84.33148109,local_unit_shapefile_centroid,local_unit_confirmed,Gaidakot,NAWALPARASI_E,Gandaki,local_unit_exact_district_palika,Resolved using local_unit shapefile centroid; UNFPA name retained.
Gandaki,Nawalparasi East,Hupsekot Rural Municipality,27.71693210,84.05632769,local_unit_shapefile_centroid,local_unit_confirmed,Hupsekot,NAWALPARASI_E,Gandaki,local_unit_exact_district_palika,Resolved using local_unit shapefile centroid; UNFPA name retained.
Gandaki,Nawalparasi East,Kawasoti Municipality,27.64152452,84.12375950,local_unit_shapefile_centroid,local_unit_confirmed,Kawasoti,NAWALPARASI_E,Gandaki,local_unit_exact_district_palika,Resolved using local_unit shapefile centroid; UNFPA name retained.
Gandaki,Nawalparasi East,Madhya Bindu Municipality,27.62791545,83.98230064,local_unit_shapefile_centroid,local_unit_confirmed,Madhyabindu,NAWALPARASI_E,Gandaki,local_unit_exact_district_palika,Resolved using local_unit shapefile centroid; UNFPA name retained.
Gandaki,Parbat,Bihadi Rural Municipality,28.05667117,83.60147377,local_unit_shapefile_centroid,local_unit_confirmed,Bihadi,PARBAT,Gandaki,local_unit_exact_district_palika,Resolved using local_unit shapefile centroid; UNFPA name retained.
Gandaki,Parbat,Jaljala Rural Municipality,28.33123713,83.61962113,local_unit_shapefile_centroid,local_unit_confirmed,Jaljala,PARBAT,Gandaki,local_unit_exact_district_palika,Resolved using local_unit shapefile centroid; UNFPA name retained.
Gandaki,Parbat,Kushma Municipality,28.23145056,83.70632042,local_unit_shapefile_centroid,local_unit_confirmed,Kushma,PARBAT,Gandaki,local_unit_exact_district_palika,Resolved using local_unit shapefile centroid; UNFPA name retained.
Gandaki,Parbat,Mahashila Rural Municipality,28.09428588,83.67138707,local_unit_shapefile_centroid,local_unit_confirmed,Mahashila,PARBAT,Gandaki,local_unit_exact_district_palika,Resolved using local_unit shapefile centroid; UNFPA name retained.
Gandaki,Parbat,Modi Rural Municipality,28.29955114,83.72711620,local_unit_shapefile_centroid,local_unit_confirmed,Modi,PARBAT,Gandaki,local_unit_exact_district_palika,Resolved using local_unit shapefile centroid; UNFPA name retained.
Gandaki,Parbat,Paiyu Rural Municipality,28.04432407,83.66795132,local_unit_shapefile_centroid,local_unit_review_variant,Painyu,PARBAT,Gandaki,local_unit_fuzzy_same_district,Resolved using local_unit shapefile centroid; UNFPA name retained; source name/renaming variant should be reviewed.
Gandaki,Parbat,Phalebas Municipality,28.15596355,83.68820814,local_unit_shapefile_centroid,local_unit_confirmed,Phalebas,PARBAT,Gandaki,local_unit_exact_district_palika,Resolved using local_unit shapefile centroid; UNFPA name retained.
Gandaki,Syangja,Aandhikhola Rural Municipality,28.15638501,83.80001832,local_unit_shapefile_centroid,local_unit_confirmed,Aandhikhola,SYANGJA,Gandaki,local_unit_exact_district_palika,Resolved using local_unit shapefile centroid; UNFPA name retained.
Gandaki,Syangja,Arjun Choupari Rural Municipality,28.10211961,83.75935566,local_unit_shapefile_centroid,local_unit_review_variant,Arjunchaupari,SYANGJA,Gandaki,local_unit_fuzzy_same_district,Resolved using local_unit shapefile centroid; UNFPA name retained; source name/renaming variant should be reviewed.
Gandaki,Syangja,Bhirkot Municipaity,28.03205800,83.78822800,palika_center_fallback,confirmed,,,,local_unit_unmatched,No reliable local_unit match; retained previous palika_center coordinate. Review only if GIS-grade precision is required.
Gandaki,Syangja,Biruwa Rural Municipality,28.00934628,83.89943148,local_unit_shapefile_centroid,local_unit_confirmed,Biruwa,SYANGJA,Gandaki,local_unit_exact_district_palika,Resolved using local_unit shapefile centroid; UNFPA name retained.
Gandaki,Syangja,Chapakot Municipality,27.91208340,83.85868434,local_unit_shapefile_centroid,local_unit_confirmed,Chapakot,SYANGJA,Gandaki,local_unit_exact_district_palika,Resolved using local_unit shapefile centroid; UNFPA name retained.
Gandaki,Syangja,Galyang Municipality,27.95470520,83.67429972,local_unit_shapefile_centroid,local_unit_confirmed,Galyang,SYANGJA,Gandaki,local_unit_exact_district_palika,Resolved using local_unit shapefile centroid; UNFPA name retained.
Gandaki,Syangja,Harinas Rural Municipality,27.98311731,83.95987107,local_unit_shapefile_centroid,local_unit_confirmed,Harinas,SYANGJA,Gandaki,local_unit_exact_district_palika,Resolved using local_unit shapefile centroid; UNFPA name retained.
Gandaki,Syangja,Kaligandaki Rural Municipality,27.95056425,83.53627055,local_unit_shapefile_centroid,local_unit_review_variant,Kaligandagi,SYANGJA,Gandaki,local_unit_fuzzy_same_district,Resolved using local_unit shapefile centroid; UNFPA name retained; source name/renaming variant should be reviewed.
Gandaki,Syangja,Phedikhola Rural Municipality,28.17175956,83.87012899,local_unit_shapefile_centroid,local_unit_confirmed,Phedikhola,SYANGJA,Gandaki,local_unit_exact_district_palika,Resolved using local_unit shapefile centroid; UNFPA name retained.
Gandaki,Syangja,Putalibazar Municipality,28.09826050,83.89502010,local_unit_shapefile_centroid,local_unit_confirmed,Putalibazar,SYANGJA,Gandaki,local_unit_exact_district_palika,Resolved using local_unit shapefile centroid; UNFPA name retained.
Gandaki,Syangja,Walling Municipality,27.98415714,83.76893596,local_unit_shapefile_centroid,local_unit_review_variant,Waling,SYANGJA,Gandaki,local_unit_fuzzy_same_district,Resolved using local_unit shapefile centroid; UNFPA name retained; source name/renaming variant should be reviewed.
Lumbini,Nawalparasi West,Bardaghat Nagarpalika,27.55624932,83.79784040,local_unit_shapefile_centroid,local_unit_confirmed,Bardaghat,NAWALPARASI_W,Lumbini,local_unit_exact_district_palika,Resolved using local_unit shapefile centroid; UNFPA name retained.
Lumbini,Nawalparasi West,Palhinandan Rural Municipality,27.46478439,83.67312003,local_unit_shapefile_centroid,local_unit_confirmed,Palhi Nandan,NAWALPARASI_W,Lumbini,local_unit_exact_district_palika,Resolved using local_unit shapefile centroid; UNFPA name retained.
Lumbini,Nawalparasi West,Pratappur Gaunpalika,27.43745290,83.79274027,local_unit_shapefile_centroid,local_unit_confirmed,Pratappur,NAWALPARASI_W,Lumbini,local_unit_exact_district_palika,Resolved using local_unit shapefile centroid; UNFPA name retained.
Lumbini,Nawalparasi West,Ramgram Nagarpalika,27.52662587,83.65101802,local_unit_shapefile_centroid,local_unit_confirmed,Ramgram,NAWALPARASI_W,Lumbini,local_unit_exact_district_palika,Resolved using local_unit shapefile centroid; UNFPA name retained.
Lumbini,Nawalparasi West,Sarawal Gaunpalika,27.50581583,83.73326358,local_unit_shapefile_centroid,local_unit_confirmed,Sarawal,NAWALPARASI_W,Lumbini,local_unit_exact_district_palika,Resolved using local_unit shapefile centroid; UNFPA name retained.
Lumbini,Nawalparasi West,Sunwal Nagarpalika,27.61773160,83.66764714,local_unit_shapefile_centroid,local_unit_confirmed,Sunwal,NAWALPARASI_W,Lumbini,local_unit_exact_district_palika,Resolved using local_unit shapefile centroid; UNFPA name retained.
Lumbini,Nawalparasi West,Susta Gaunpalika,27.42248913,83.85922733,local_unit_shapefile_centroid,local_unit_confirmed,Susta,NAWALPARASI_W,Lumbini,local_unit_exact_district_palika,Resolved using local_unit shapefile centroid; UNFPA name retained.
Lumbini,Rupandehi,Butwal Upamahanagarpalika,27.68887934,83.43510691,local_unit_shapefile_centroid,local_unit_confirmed,Butwal,RUPANDEHI,Lumbini,local_unit_exact_district_palika,Resolved using local_unit shapefile centroid; UNFPA name retained.
Lumbini,Rupandehi,Devdaha Nagarpalika,27.65099702,83.56171064,local_unit_shapefile_centroid,local_unit_confirmed,Devdaha,RUPANDEHI,Lumbini,local_unit_exact_district_palika,Resolved using local_unit shapefile centroid; UNFPA name retained.
Lumbini,Rupandehi,Gaidahawa Gaunpalika,27.57970158,83.27761364,local_unit_shapefile_centroid,local_unit_confirmed,Gaidahawa,RUPANDEHI,Lumbini,local_unit_exact_district_palika,Resolved using local_unit shapefile centroid; UNFPA name retained.
Lumbini,Rupandehi,Kanchan Rural Municipality,27.64253859,83.26253490,local_unit_shapefile_centroid,local_unit_confirmed,Kanchan,RUPANDEHI,Lumbini,local_unit_exact_district_palika,Resolved using local_unit shapefile centroid; UNFPA name retained.
Lumbini,Rupandehi,Kotahimai Gaunpalika,27.44687136,83.35235659,local_unit_shapefile_centroid,local_unit_confirmed,Kotahimai,RUPANDEHI,Lumbini,local_unit_exact_district_palika,Resolved using local_unit shapefile centroid; UNFPA name retained.
Lumbini,Rupandehi,Lumbini Sanskritik Nagarpalika,27.47402243,83.26976055,local_unit_shapefile_centroid,local_unit_confirmed,Lumbini Sanskritik,RUPANDEHI,Lumbini,local_unit_exact_district_palika,Resolved using local_unit shapefile centroid; UNFPA name retained.
Lumbini,Rupandehi,Marchawari Gaunpalika,27.37314859,83.35322386,local_unit_shapefile_centroid,local_unit_confirmed,Marchawari,RUPANDEHI,Lumbini,local_unit_exact_district_palika,Resolved using local_unit shapefile centroid; UNFPA name retained.
Lumbini,Rupandehi,Mayadevi Gaunpalika,27.51468534,83.36446640,local_unit_shapefile_centroid,local_unit_confirmed,Mayadevi,RUPANDEHI,Lumbini,local_unit_exact_district_palika,Resolved using local_unit shapefile centroid; UNFPA name retained.
Lumbini,Rupandehi,Omsatiya Gaunpalika,27.53438351,83.51228102,local_unit_shapefile_centroid,local_unit_confirmed,Omsatiya,RUPANDEHI,Lumbini,local_unit_exact_district_palika,Resolved using local_unit shapefile centroid; UNFPA name retained.
Lumbini,Rupandehi,Rohini Gaunpalika,27.49596474,83.55002603,local_unit_shapefile_centroid,local_unit_confirmed,Rohini,RUPANDEHI,Lumbini,local_unit_exact_district_palika,Resolved using local_unit shapefile centroid; UNFPA name retained.
Lumbini,Rupandehi,Sainamaina Nagarpalika,27.71169143,83.30766893,local_unit_shapefile_centroid,local_unit_confirmed,Sainamaina,RUPANDEHI,Lumbini,local_unit_exact_district_palika,Resolved using local_unit shapefile centroid; UNFPA name retained.
Lumbini,Rupandehi,Sammarimai Gaunpalika,27.38941407,83.30634971,local_unit_shapefile_centroid,local_unit_confirmed,Sammarimai,RUPANDEHI,Lumbini,local_unit_exact_district_palika,Resolved using local_unit shapefile centroid; UNFPA name retained.
Lumbini,Rupandehi,Siddharthanagar Nagarpalika,27.50109865,83.44437813,local_unit_shapefile_centroid,local_unit_confirmed,Siddharthanagar,RUPANDEHI,Lumbini,local_unit_exact_district_palika,Resolved using local_unit shapefile centroid; UNFPA name retained.
Lumbini,Rupandehi,Siyari Gaunpalika,27.56669453,83.39801560,local_unit_shapefile_centroid,local_unit_confirmed,Siyari,RUPANDEHI,Lumbini,local_unit_exact_district_palika,Resolved using local_unit shapefile centroid; UNFPA name retained.
Lumbini,Rupandehi,Shuddhodhan Rural Municipality,27.62213909,83.37075768,local_unit_shapefile_centroid,local_unit_review_variant,Sudhdhodhan,RUPANDEHI,Lumbini,local_unit_fuzzy_same_district,Resolved using local_unit shapefile centroid; UNFPA name retained; source name/renaming variant should be reviewed.
Lumbini,Rupandehi,Tilottama Nagarpalika,27.60813192,83.48837425,local_unit_shapefile_centroid,local_unit_review_variant,Tillotama,RUPANDEHI,Lumbini,local_unit_fuzzy_same_district,Resolved using local_unit shapefile centroid; UNFPA name retained; source name/renaming variant should be reviewed.
Lumbini,Banke,Baijanath Gaunpalika,28.23855215,81.64039950,local_unit_shapefile_centroid,local_unit_confirmed,Baijanath,BANKE,Lumbini,local_unit_exact_district_palika,Resolved using local_unit shapefile centroid; UNFPA name retained.
Lumbini,Banke,Duduwa Rural Municipality,28.03046108,81.70644339,local_unit_shapefile_centroid,local_unit_confirmed,Duduwa,BANKE,Lumbini,local_unit_exact_district_palika,Resolved using local_unit shapefile centroid; UNFPA name retained.
Lumbini,Banke,Janaki Rural Municipality,28.09063363,81.60465253,local_unit_shapefile_centroid,local_unit_review_variant,Janki,BANKE,Lumbini,local_unit_fuzzy_same_district,Resolved using local_unit shapefile centroid; UNFPA name retained; source name/renaming variant should be reviewed.
Lumbini,Banke,Khajura Gaunpalika,28.12644182,81.55933824,local_unit_shapefile_centroid,local_unit_confirmed,Khajura,BANKE,Lumbini,local_unit_exact_district_palika,Resolved using local_unit shapefile centroid; UNFPA name retained.
Lumbini,Banke,Kohalpur Nagarpalika,28.21570071,81.72096652,local_unit_shapefile_centroid,local_unit_confirmed,Kohalpur,BANKE,Lumbini,local_unit_exact_district_palika,Resolved using local_unit shapefile centroid; UNFPA name retained.
Lumbini,Banke,Narainapur Gaunpalika,27.92775865,81.86348078,local_unit_shapefile_centroid,local_unit_confirmed,Narainapur,BANKE,Lumbini,local_unit_exact_district_palika,Resolved using local_unit shapefile centroid; UNFPA name retained.
Lumbini,Banke,Nepalganj Upamahanagarpalika,28.06023856,81.64777350,local_unit_shapefile_centroid,local_unit_confirmed,Nepalgunj,BANKE,Lumbini,local_unit_exact_district_palika,Resolved using local_unit shapefile centroid; UNFPA name retained.
Lumbini,Banke,Rapti sonari Gaunpalika,28.07294336,81.92489533,local_unit_shapefile_centroid,local_unit_confirmed,Rapti Sonari,BANKE,Lumbini,local_unit_exact_district_palika,Resolved using local_unit shapefile centroid; UNFPA name retained.
Lumbini,Bardiya,Badhaiyatal Gaunpalika,28.17100484,81.48081357,local_unit_shapefile_centroid,local_unit_confirmed,Badhaiyatal,BARDIYA,Lumbini,local_unit_exact_district_palika,Resolved using local_unit shapefile centroid; UNFPA name retained.
Lumbini,Bardiya,Bansgadhi Nagarpalika,28.26035388,81.52804931,local_unit_shapefile_centroid,local_unit_review_variant,Bansagadhi,BARDIYA,Lumbini,local_unit_fuzzy_same_district,Resolved using local_unit shapefile centroid; UNFPA name retained; source name/renaming variant should be reviewed.
Lumbini,Bardiya,Barbardiya Municipality,28.32290944,81.38415738,local_unit_shapefile_centroid,local_unit_confirmed,Barbardiya,BARDIYA,Lumbini,local_unit_exact_district_palika,Resolved using local_unit shapefile centroid; UNFPA name retained.
Lumbini,Bardiya,Geruwa Gaunpalika,28.50148485,81.20237973,local_unit_shapefile_centroid,local_unit_confirmed,Geruwa,BARDIYA,Lumbini,local_unit_exact_district_palika,Resolved using local_unit shapefile centroid; UNFPA name retained.
Lumbini,Bardiya,Gulariya Nagarpalika,28.21077121,81.34742220,local_unit_shapefile_centroid,local_unit_confirmed,Gulariya,BARDIYA,Lumbini,local_unit_exact_district_palika,Resolved using local_unit shapefile centroid; UNFPA name retained.
Lumbini,Bardiya,Madhuwan Nagarpalika,28.34013978,81.26042914,local_unit_shapefile_centroid,local_unit_confirmed,Madhuwan,BARDIYA,Lumbini,local_unit_exact_district_palika,Resolved using local_unit shapefile centroid; UNFPA name retained.
Lumbini,Bardiya,Rajapur Nagarpalika,28.42119300,81.13928602,local_unit_shapefile_centroid,local_unit_confirmed,Rajapur,BARDIYA,Lumbini,local_unit_exact_district_palika,Resolved using local_unit shapefile centroid; UNFPA name retained.
Lumbini,Bardiya,Thakurbaba Nagarpalika,28.44221555,81.29778723,local_unit_shapefile_centroid,local_unit_confirmed,Thakurbaba,BARDIYA,Lumbini,local_unit_exact_district_palika,Resolved using local_unit shapefile centroid; UNFPA name retained.
Lumbini,Dang,Babai Gaunpalika,28.18207519,82.06230383,local_unit_shapefile_centroid,local_unit_confirmed,Babai,DANG,Lumbini,local_unit_exact_district_palika,Resolved using local_unit shapefile centroid; UNFPA name retained.
Lumbini,Dang,Banglachuli Gaunpalika,27.98956684,82.66236190,local_unit_shapefile_centroid,local_unit_confirmed,Banglachuli,DANG,Lumbini,local_unit_exact_district_palika,Resolved using local_unit shapefile centroid; UNFPA name retained.
Lumbini,Dang,Dangisharan Gaunpalika,28.08465993,82.17711911,local_unit_shapefile_centroid,local_unit_confirmed,Dangisharan,DANG,Lumbini,local_unit_exact_district_palika,Resolved using local_unit shapefile centroid; UNFPA name retained.
Lumbini,Dang,Gadhawa Gaunpalika,27.76703101,82.60701021,local_unit_shapefile_centroid,local_unit_confirmed,Gadhawa,DANG,Lumbini,local_unit_exact_district_palika,Resolved using local_unit shapefile centroid; UNFPA name retained.
Lumbini,Dang,Ghorahi Upamahanagarpalika,28.02315175,82.47882063,local_unit_shapefile_centroid,local_unit_confirmed,Ghorahi,DANG,Lumbini,local_unit_exact_district_palika,Resolved using local_unit shapefile centroid; UNFPA name retained.
Lumbini,Dang,Lamahi Nagarpalika,27.91309192,82.41863160,local_unit_shapefile_centroid,local_unit_confirmed,Lamahi,DANG,Lumbini,local_unit_exact_district_palika,Resolved using local_unit shapefile centroid; UNFPA name retained.
Lumbini,Dang,Rajpur Gaunpalika,27.83855995,82.31273876,local_unit_shapefile_centroid,local_unit_confirmed,Rajpur,DANG,Lumbini,local_unit_exact_district_palika,Resolved using local_unit shapefile centroid; UNFPA name retained.
Lumbini,Dang,Rapti Gaunpalika,27.86739322,82.70138224,local_unit_shapefile_centroid,local_unit_confirmed,Rapti,DANG,Lumbini,local_unit_exact_district_palika,Resolved using local_unit shapefile centroid; UNFPA name retained.
Lumbini,Dang,Shantinagar Gaunpalika,28.18283835,82.19332356,local_unit_shapefile_centroid,local_unit_confirmed,Shantinagar,DANG,Lumbini,local_unit_exact_district_palika,Resolved using local_unit shapefile centroid; UNFPA name retained.
Lumbini,Dang,Tulsipur Upamahanagarpalika,28.11143384,82.30826863,local_unit_shapefile_centroid,local_unit_confirmed,Tulsipur,DANG,Lumbini,local_unit_exact_district_palika,Resolved using local_unit shapefile centroid; UNFPA name retained.
Lumbini,Kapilvastu,Banganga Nagarpalika,27.68482459,83.15967724,local_unit_shapefile_centroid,local_unit_confirmed,Banganga,KAPILBASTU,Lumbini,local_unit_exact_district_palika,Resolved using local_unit shapefile centroid; UNFPA name retained.
Lumbini,Kapilvastu,Bijayanagar Rural Municipality,27.65547099,82.76727834,local_unit_shapefile_centroid,local_unit_confirmed,Bijayanagar,KAPILBASTU,Lumbini,local_unit_exact_district_palika,Resolved using local_unit shapefile centroid; UNFPA name retained.
Lumbini,Kapilvastu,Buddhabhumi Nagarpalika,27.68550138,82.99966845,local_unit_shapefile_centroid,local_unit_confirmed,Buddhabhumi,KAPILBASTU,Lumbini,local_unit_exact_district_palika,Resolved using local_unit shapefile centroid; UNFPA name retained.
Lumbini,Kapilvastu,Kapilbastu Nagarpalika,27.56375291,83.07427683,local_unit_shapefile_centroid,local_unit_confirmed,Kapilbastu,KAPILBASTU,Lumbini,local_unit_exact_district_palika,Resolved using local_unit shapefile centroid; UNFPA name retained.
Lumbini,Kapilvastu,Krishnanagar Nagarpalika,27.52949407,82.81743134,local_unit_shapefile_centroid,local_unit_confirmed,Krishnanagar,KAPILBASTU,Lumbini,local_unit_exact_district_palika,Resolved using local_unit shapefile centroid; UNFPA name retained.
Lumbini,Kapilvastu,Maharajgunj Nagarpalika,27.54377402,82.93781360,local_unit_shapefile_centroid,local_unit_confirmed,Maharajgunj,KAPILBASTU,Lumbini,local_unit_exact_district_palika,Resolved using local_unit shapefile centroid; UNFPA name retained.
Lumbini,Kapilvastu,Mayadevi Gaunpalika,27.50884429,83.13279474,local_unit_shapefile_centroid,local_unit_confirmed,Mayadevi,KAPILBASTU,Lumbini,local_unit_exact_district_palika,Resolved using local_unit shapefile centroid; UNFPA name retained.
Lumbini,Kapilvastu,Shivaraj Nagarpalika,27.69345518,82.85442766,local_unit_shapefile_centroid,local_unit_confirmed,Shivaraj,KAPILBASTU,Lumbini,local_unit_exact_district_palika,Resolved using local_unit shapefile centroid; UNFPA name retained.
Lumbini,Kapilvastu,Suddhodhan Gaunpalika,27.51514256,83.19520332,local_unit_shapefile_centroid,local_unit_confirmed,Suddhodhan,KAPILBASTU,Lumbini,local_unit_exact_district_palika,Resolved using local_unit shapefile centroid; UNFPA name retained.
Lumbini,Kapilvastu,Yashodhara Gaunpalika,27.48237986,83.02825066,local_unit_shapefile_centroid,local_unit_confirmed,Yashodhara,KAPILBASTU,Lumbini,local_unit_exact_district_palika,Resolved using local_unit shapefile centroid; UNFPA name retained.
Lumbini,Rolpa,Paribartan Gaunpalika,28.48070936,82.55185096,local_unit_shapefile_centroid,local_unit_review_variant,Duikholi,ROLPA,Lumbini,local_unit_alias_renamed_or_variant,Resolved using local_unit shapefile centroid; UNFPA name retained; source name/renaming variant should be reviewed.
Lumbini,Rolpa,Lungri Gaunpalika,28.27323055,82.81874824,local_unit_shapefile_centroid,local_unit_confirmed,Lungri,ROLPA,Lumbini,local_unit_exact_district_palika,Resolved using local_unit shapefile centroid; UNFPA name retained.
Lumbini,Rolpa,Madi Gaunpalika,28.39251875,82.50003691,local_unit_shapefile_centroid,local_unit_confirmed,Madi,ROLPA,Lumbini,local_unit_exact_district_palika,Resolved using local_unit shapefile centroid; UNFPA name retained.
Lumbini,Rolpa,Rolpa Nagarpalika,28.33707448,82.62809280,local_unit_shapefile_centroid,local_unit_confirmed,Rolpa,ROLPA,Lumbini,local_unit_exact_district_palika,Resolved using local_unit shapefile centroid; UNFPA name retained.
Lumbini,Rolpa,Runtigadhi Gaunpalika,28.18692973,82.52180887,local_unit_shapefile_centroid,local_unit_review_variant,Runtigadi,ROLPA,Lumbini,local_unit_fuzzy_same_district,Resolved using local_unit shapefile centroid; UNFPA name retained; source name/renaming variant should be reviewed.
Lumbini,Rolpa,Gangadebha Gaunpalika,28.44499865,82.42308243,local_unit_shapefile_centroid,local_unit_review_variant,Sukidaha,ROLPA,Lumbini,local_unit_alias_renamed_or_variant,Resolved using local_unit shapefile centroid; UNFPA name retained; source name/renaming variant should be reviewed.
Lumbini,Rolpa,Sunachhahari Gaunpalika,28.37579135,82.82588143,local_unit_shapefile_centroid,local_unit_review_variant,Sunchhahari,ROLPA,Lumbini,local_unit_fuzzy_same_district,Resolved using local_unit shapefile centroid; UNFPA name retained; source name/renaming variant should be reviewed.
Lumbini,Rolpa,Sunilsmriti Gaunpalika,28.24724585,82.70893318,local_unit_shapefile_centroid,local_unit_review_variant,Suwarnabati,ROLPA,Lumbini,local_unit_alias_renamed_or_variant,Resolved using local_unit shapefile centroid; UNFPA name retained; source name/renaming variant should be reviewed.
Lumbini,Rolpa,Thawang Gaunpalika,28.46357407,82.74372075,local_unit_shapefile_centroid,local_unit_confirmed,Thawang,ROLPA,Lumbini,local_unit_exact_district_palika,Resolved using local_unit shapefile centroid; UNFPA name retained.
Lumbini,Rolpa,Tribeni Gaunpalika,28.29635392,82.46853618,local_unit_shapefile_centroid,local_unit_confirmed,Tribeni,ROLPA,Lumbini,local_unit_exact_district_palika,Resolved using local_unit shapefile centroid; UNFPA name retained.
Lumbini,Pyuthan,Aairawati Rural Municipality,27.99191141,82.92426325,local_unit_shapefile_centroid,local_unit_confirmed,Ayirabati,PYUTHAN,Lumbini,local_unit_exact_district_palika,Resolved using local_unit shapefile centroid; UNFPA name retained.
Lumbini,Pyuthan,Gaumukhi Rural Municipality,28.25387382,83.02184654,local_unit_shapefile_centroid,local_unit_confirmed,Gaumukhi,PYUTHAN,Lumbini,local_unit_exact_district_palika,Resolved using local_unit shapefile centroid; UNFPA name retained.
Lumbini,Pyuthan,Jhimaruk Rural Municipality,28.14421897,82.98428749,local_unit_shapefile_centroid,local_unit_review_variant,Jhimruk,PYUTHAN,Lumbini,local_unit_fuzzy_same_district,Resolved using local_unit shapefile centroid; UNFPA name retained; source name/renaming variant should be reviewed.
Lumbini,Pyuthan,Mallarani Rural Municipality,28.07178507,82.91366632,local_unit_shapefile_centroid,local_unit_confirmed,Mallarani,PYUTHAN,Lumbini,local_unit_exact_district_palika,Resolved using local_unit shapefile centroid; UNFPA name retained.
Lumbini,Pyuthan,Mandavi Rural Municipality,28.04459841,82.76125172,local_unit_shapefile_centroid,local_unit_confirmed,Mandavi,PYUTHAN,Lumbini,local_unit_exact_district_palika,Resolved using local_unit shapefile centroid; UNFPA name retained.
Lumbini,Pyuthan,Naubahini Rural Municipality,28.25238789,82.91816401,local_unit_shapefile_centroid,local_unit_confirmed,Naubahini,PYUTHAN,Lumbini,local_unit_exact_district_palika,Resolved using local_unit shapefile centroid; UNFPA name retained.
Lumbini,Pyuthan,Pyuthan Municipality,28.12541113,82.85305906,local_unit_shapefile_centroid,local_unit_confirmed,Pyuthan,PYUTHAN,Lumbini,local_unit_exact_district_palika,Resolved using local_unit shapefile centroid; UNFPA name retained.
Lumbini,Pyuthan,Sarumarani Rural Municipality,27.94787834,82.83140953,local_unit_shapefile_centroid,local_unit_confirmed,Sarumarani,PYUTHAN,Lumbini,local_unit_exact_district_palika,Resolved using local_unit shapefile centroid; UNFPA name retained.
Lumbini,Pyuthan,Sworgadwari Municipality,28.13387552,82.69596232,local_unit_shapefile_centroid,local_unit_review_variant,Sworgadwary,PYUTHAN,Lumbini,local_unit_fuzzy_same_district,Resolved using local_unit shapefile centroid; UNFPA name retained; source name/renaming variant should be reviewed.
Lumbini,Rukum East,Bhoome Rural Municipality,28.54614884,82.70198166,local_unit_shapefile_centroid,local_unit_confirmed,Bhume,RUKUM_E,Lumbini,local_unit_exact_district_palika,Resolved using local_unit shapefile centroid; UNFPA name retained.
Lumbini,Rukum East,Putha Uttanganga Rural Municipality,28.64541134,82.82339318,local_unit_shapefile_centroid,local_unit_review_variant,Putha Uttarganga,RUKUM_E,Lumbini,local_unit_fuzzy_same_district,Resolved using local_unit shapefile centroid; UNFPA name retained; source name/renaming variant should be reviewed.
Lumbini,Rukum East,Sisne Rural Municipality,28.73023305,82.63988719,local_unit_shapefile_centroid,local_unit_confirmed,Sisne,RUKUM_E,Lumbini,local_unit_exact_district_palika,Resolved using local_unit shapefile centroid; UNFPA name retained.
Lumbini,Gulmi,Chandrakot Rural Municipality,28.10801812,83.40774460,local_unit_shapefile_centroid,local_unit_confirmed,Chandrakot,GULMI,Lumbini,local_unit_exact_district_palika,Resolved using local_unit shapefile centroid; UNFPA name retained.
Lumbini,Gulmi,Chhatrakot Rural Municipality,27.98389909,83.34918788,local_unit_shapefile_centroid,local_unit_review_variant,Chatrakot,GULMI,Lumbini,local_unit_fuzzy_same_district,Resolved using local_unit shapefile centroid; UNFPA name retained; source name/renaming variant should be reviewed.
Lumbini,Gulmi,Dhurkot Rural Municipality,28.11143610,83.14505043,local_unit_shapefile_centroid,local_unit_confirmed,Dhurkot,GULMI,Lumbini,local_unit_exact_district_palika,Resolved using local_unit shapefile centroid; UNFPA name retained.
Lumbini,Gulmi,Gulmi Durbar Rural Municipality,28.03447361,83.31139563,local_unit_shapefile_centroid,local_unit_review_variant,Gulmidarbar,GULMI,Lumbini,local_unit_fuzzy_same_district,Resolved using local_unit shapefile centroid; UNFPA name retained; source name/renaming variant should be reviewed.
Lumbini,Gulmi,Isma Rural Municipality,28.15681847,83.21390945,local_unit_shapefile_centroid,local_unit_confirmed,Isma,GULMI,Lumbini,local_unit_exact_district_palika,Resolved using local_unit shapefile centroid; UNFPA name retained.
Lumbini,Gulmi,Kali Gandaki Rural Municipality,28.05116714,83.54435958,local_unit_shapefile_centroid,local_unit_confirmed,Kaligandaki,GULMI,Lumbini,local_unit_exact_district_palika,Resolved using local_unit shapefile centroid; UNFPA name retained.
Lumbini,Gulmi,Madane Rural Municipality,28.17589589,83.07497450,local_unit_shapefile_centroid,local_unit_confirmed,Madane,GULMI,Lumbini,local_unit_exact_district_palika,Resolved using local_unit shapefile centroid; UNFPA name retained.
Lumbini,Gulmi,Malika Rural Municipality,28.21552243,83.14855872,local_unit_shapefile_centroid,local_unit_confirmed,Malika,GULMI,Lumbini,local_unit_exact_district_palika,Resolved using local_unit shapefile centroid; UNFPA name retained.
Lumbini,Gulmi,Musikot Municipality,28.16685830,83.29373873,local_unit_shapefile_centroid,local_unit_confirmed,Musikot,GULMI,Lumbini,local_unit_exact_district_palika,Resolved using local_unit shapefile centroid; UNFPA name retained.
Lumbini,Gulmi,Resunga Municipality,28.06759780,83.26029947,local_unit_shapefile_centroid,local_unit_confirmed,Resunga,GULMI,Lumbini,local_unit_exact_district_palika,Resolved using local_unit shapefile centroid; UNFPA name retained.
Lumbini,Gulmi,Ruru Rural Municipality,27.98047662,83.42353828,local_unit_shapefile_centroid,local_unit_confirmed,Ruru,GULMI,Lumbini,local_unit_exact_district_palika,Resolved using local_unit shapefile centroid; UNFPA name retained.
Lumbini,Gulmi,Satyawoti Rural Municipality,28.03125980,83.47023883,local_unit_shapefile_centroid,local_unit_review_variant,Satyawati,GULMI,Lumbini,local_unit_fuzzy_same_district,Resolved using local_unit shapefile centroid; UNFPA name retained; source name/renaming variant should be reviewed.
Lumbini,Arghakhanchi,Bhumikasthan Municipality,27.98642652,83.03859389,local_unit_shapefile_centroid,local_unit_review_variant,Bhumekasthan,ARGHAKHANCHI,Lumbini,local_unit_fuzzy_same_district,Resolved using local_unit shapefile centroid; UNFPA name retained; source name/renaming variant should be reviewed.
Lumbini,Arghakhanchi,Chhatradev Rural Municipality,27.99508491,83.22755809,local_unit_shapefile_centroid,local_unit_confirmed,Chhatradev,ARGHAKHANCHI,Lumbini,local_unit_exact_district_palika,Resolved using local_unit shapefile centroid; UNFPA name retained.
Lumbini,Arghakhanchi,Malarani Rural Municipality,28.06490223,83.09314258,local_unit_shapefile_centroid,local_unit_confirmed,Malarani,ARGHAKHANCHI,Lumbini,local_unit_exact_district_palika,Resolved using local_unit shapefile centroid; UNFPA name retained.
Lumbini,Arghakhanchi,Panini Rural Municipality,27.88694288,83.24664077,local_unit_shapefile_centroid,local_unit_confirmed,Panini,ARGHAKHANCHI,Lumbini,local_unit_exact_district_palika,Resolved using local_unit shapefile centroid; UNFPA name retained.
Lumbini,Arghakhanchi,Sandhikharka Municipality,27.97360792,83.13973445,local_unit_shapefile_centroid,local_unit_confirmed,Sandhikharka,ARGHAKHANCHI,Lumbini,local_unit_exact_district_palika,Resolved using local_unit shapefile centroid; UNFPA name retained.
Lumbini,Arghakhanchi,Shitaganga Municipality,27.84096559,83.01596197,local_unit_shapefile_centroid,local_unit_review_variant,Sitganga,ARGHAKHANCHI,Lumbini,local_unit_fuzzy_same_district,Resolved using local_unit shapefile centroid; UNFPA name retained; source name/renaming variant should be reviewed.
Lumbini,Palpa,Baganaskali Rural Municipality,27.88612611,83.59319551,local_unit_shapefile_centroid,local_unit_review_variant,Bagnaskali,PALPA,Lumbini,local_unit_fuzzy_same_district,Resolved using local_unit shapefile centroid; UNFPA name retained; source name/renaming variant should be reviewed.
Lumbini,Palpa,Mathagadhi Rural Municipality,27.75647465,83.65841070,local_unit_shapefile_centroid,local_unit_confirmed,Mathagadhi,PALPA,Lumbini,local_unit_exact_district_palika,Resolved using local_unit shapefile centroid; UNFPA name retained.
Lumbini,Palpa,Nisdi Rural Municipality,27.77442478,83.90122119,local_unit_shapefile_centroid,local_unit_confirmed,Nisdi,PALPA,Lumbini,local_unit_exact_district_palika,Resolved using local_unit shapefile centroid; UNFPA name retained.
Lumbini,Palpa,Purbakhola Rural Municipality,27.81390190,83.77576794,local_unit_shapefile_centroid,local_unit_confirmed,Purbakhola,PALPA,Lumbini,local_unit_exact_district_palika,Resolved using local_unit shapefile centroid; UNFPA name retained.
Lumbini,Palpa,Rainadevi Chhahara Rural Municipality,27.85130010,83.33429038,local_unit_shapefile_centroid,local_unit_confirmed,Rainadevi Chhahara,PALPA,Lumbini,local_unit_exact_district_palika,Resolved using local_unit shapefile centroid; UNFPA name retained.
Lumbini,Palpa,Rambha Rural Municipality,27.86888730,83.69462254,local_unit_shapefile_centroid,local_unit_confirmed,Rambha,PALPA,Lumbini,local_unit_exact_district_palika,Resolved using local_unit shapefile centroid; UNFPA name retained.
Lumbini,Palpa,Rampur Municipality,27.85356826,83.88564261,local_unit_shapefile_centroid,local_unit_confirmed,Rampur,PALPA,Lumbini,local_unit_exact_district_palika,Resolved using local_unit shapefile centroid; UNFPA name retained.
Lumbini,Palpa,Ribdikot Rural Municipality,27.85737667,83.43185190,local_unit_shapefile_centroid,local_unit_confirmed,Ribdikot,PALPA,Lumbini,local_unit_exact_district_palika,Resolved using local_unit shapefile centroid; UNFPA name retained.
Lumbini,Palpa,Tansen Municipality,27.86642970,83.52245171,local_unit_shapefile_centroid,local_unit_confirmed,Tansen,PALPA,Lumbini,local_unit_exact_district_palika,Resolved using local_unit shapefile centroid; UNFPA name retained.
Lumbini,Palpa,Tinau Rural Municipality,27.76868815,83.47499717,local_unit_shapefile_centroid,local_unit_confirmed,Tinau,PALPA,Lumbini,local_unit_exact_district_palika,Resolved using local_unit shapefile centroid; UNFPA name retained.
Karnali,Dailekh,Aathabis Nagarpalika,29.02351943,81.49255283,local_unit_shapefile_centroid,local_unit_confirmed,Aathabis,DAILEKH,Karnali,local_unit_exact_district_palika,Resolved using local_unit shapefile centroid; UNFPA name retained.
Karnali,Dailekh,Bhagawatimai Gaunpalika,28.79266748,81.83232333,local_unit_shapefile_centroid,local_unit_confirmed,Bhagawatimai,DAILEKH,Karnali,local_unit_exact_district_palika,Resolved using local_unit shapefile centroid; UNFPA name retained.
Karnali,Dailekh,Bhairabi Gaunpalika,28.95238775,81.64464535,local_unit_shapefile_centroid,local_unit_confirmed,Bhairabi,DAILEKH,Karnali,local_unit_exact_district_palika,Resolved using local_unit shapefile centroid; UNFPA name retained.
Karnali,Dailekh,Chamunda Bindrasaini Nagarpalika,28.93462582,81.56040113,local_unit_shapefile_centroid,local_unit_confirmed,Chamunda Bindrasaini,DAILEKH,Karnali,local_unit_exact_district_palika,Resolved using local_unit shapefile centroid; UNFPA name retained.
Karnali,Dailekh,Dullu Municipality Dullu Dailekh,28.85005519,81.61040418,palika_center_fallback,confirmed,,,,local_unit_unmatched,No reliable local_unit match; retained previous palika_center coordinate. Review only if GIS-grade precision is required.
Karnali,Dailekh,Dungeshwor Gaunpalika,28.74845980,81.72104303,local_unit_shapefile_centroid,local_unit_confirmed,Dungeshwor,DAILEKH,Karnali,local_unit_exact_district_palika,Resolved using local_unit shapefile centroid; UNFPA name retained.
Karnali,Dailekh,Gurans Gaunpalika,28.70623649,81.68514284,local_unit_shapefile_centroid,local_unit_confirmed,Gurans,DAILEKH,Karnali,local_unit_exact_district_palika,Resolved using local_unit shapefile centroid; UNFPA name retained.
Karnali,Dailekh,Mahabu Rural Municipality,28.94825325,81.69517003,local_unit_shapefile_centroid,local_unit_confirmed,Mahabu,DAILEKH,Karnali,local_unit_exact_district_palika,Resolved using local_unit shapefile centroid; UNFPA name retained.
Karnali,Dailekh,Narayan Nagarpalika,28.86183679,81.74086011,local_unit_shapefile_centroid,local_unit_confirmed,Narayan,DAILEKH,Karnali,local_unit_exact_district_palika,Resolved using local_unit shapefile centroid; UNFPA name retained.
Karnali,Dailekh,Naumule Gaunpalika,28.93112115,81.82462626,local_unit_shapefile_centroid,local_unit_confirmed,Naumule,DAILEKH,Karnali,local_unit_exact_district_palika,Resolved using local_unit shapefile centroid; UNFPA name retained.
Karnali,Dailekh,Thatikandh Rural Municipality,29.00199908,81.55267634,local_unit_shapefile_centroid,local_unit_review_variant,Thantikandh,DAILEKH,Karnali,local_unit_fuzzy_same_district,Resolved using local_unit shapefile centroid; UNFPA name retained; source name/renaming variant should be reviewed.
Karnali,Dolpa,Chharka Tangsong Gaunpalika,28.97912890,83.36957266,local_unit_shapefile_centroid,local_unit_confirmed,Chharka Tangsong,DOLPA,Karnali,local_unit_exact_district_palika,Resolved using local_unit shapefile centroid; UNFPA name retained.
Karnali,Dolpa,Dolpo Buddha Gaunpalika,29.27406103,83.26714919,local_unit_shapefile_centroid,local_unit_confirmed,Dolpo Buddha,DOLPA,Karnali,local_unit_exact_district_palika,Resolved using local_unit shapefile centroid; UNFPA name retained.
Karnali,Dolpa,Jagadulla Gaunpalika,29.24034208,82.64848591,local_unit_shapefile_centroid,local_unit_confirmed,Jagadulla,DOLPA,Karnali,local_unit_exact_district_palika,Resolved using local_unit shapefile centroid; UNFPA name retained.
Karnali,Dolpa,Kaike Gaunpalika,28.90500758,83.04906475,local_unit_shapefile_centroid,local_unit_confirmed,Kaike,DOLPA,Karnali,local_unit_exact_district_palika,Resolved using local_unit shapefile centroid; UNFPA name retained.
Karnali,Dolpa,Mudkechulla Gaunpalika,29.05041538,82.51275948,local_unit_shapefile_centroid,local_unit_review_variant,Mudkechula,DOLPA,Karnali,local_unit_fuzzy_same_district,Resolved using local_unit shapefile centroid; UNFPA name retained; source name/renaming variant should be reviewed.
Karnali,Dolpa,Shey Phoksundo Gaunpalika,29.38204584,82.96723866,local_unit_shapefile_centroid,local_unit_confirmed,Shey Phoksundo,DOLPA,Karnali,local_unit_exact_district_palika,Resolved using local_unit shapefile centroid; UNFPA name retained.
Karnali,Dolpa,Thuli Bheri Nagarpalika,28.93192632,82.86885269,local_unit_shapefile_centroid,local_unit_confirmed,Thuli Bheri,DOLPA,Karnali,local_unit_exact_district_palika,Resolved using local_unit shapefile centroid; UNFPA name retained.
Karnali,Dolpa,Tripurasundari Nagarpalika,29.02229302,82.75172973,local_unit_shapefile_centroid,local_unit_confirmed,Tripurasundari,DOLPA,Karnali,local_unit_exact_district_palika,Resolved using local_unit shapefile centroid; UNFPA name retained.
Karnali,Salyan,Bagchaur Nagarpalika,28.47551606,82.32903052,local_unit_shapefile_centroid,local_unit_confirmed,Bagchaur,SALYAN,Karnali,local_unit_exact_district_palika,Resolved using local_unit shapefile centroid; UNFPA name retained.
Karnali,Salyan,Bangad kupinde Nagarpalika,28.48932764,82.05563768,local_unit_shapefile_centroid,local_unit_confirmed,Bangad Kupinde,SALYAN,Karnali,local_unit_exact_district_palika,Resolved using local_unit shapefile centroid; UNFPA name retained.
Karnali,Salyan,Chhatreshwori Gaupalika,28.35538979,82.29312218,local_unit_shapefile_centroid,local_unit_confirmed,Chhatreshwori,SALYAN,Karnali,local_unit_exact_district_palika,Resolved using local_unit shapefile centroid; UNFPA name retained.
Karnali,Salyan,Darma Gaunpalika,28.55300308,82.31365735,local_unit_shapefile_centroid,local_unit_confirmed,Darma,SALYAN,Karnali,local_unit_exact_district_palika,Resolved using local_unit shapefile centroid; UNFPA name retained.
Karnali,Salyan,Siddha Kumakh Rural Municipality,28.55875594,82.19646722,local_unit_shapefile_centroid,local_unit_review_variant,Kumakhmalika,SALYAN,Karnali,local_unit_alias_renamed_or_variant,Resolved using local_unit shapefile centroid; UNFPA name retained; source name/renaming variant should be reviewed.
Karnali,Salyan,Kalimati Rural Municipality,28.30099091,81.94829382,local_unit_shapefile_centroid,local_unit_confirmed,Kalimati,SALYAN,Karnali,local_unit_exact_district_palika,Resolved using local_unit shapefile centroid; UNFPA name retained.
Karnali,Salyan,Kapurkot Gaupalika,28.25339148,82.36183955,local_unit_shapefile_centroid,local_unit_confirmed,Kapurkot,SALYAN,Karnali,local_unit_exact_district_palika,Resolved using local_unit shapefile centroid; UNFPA name retained.
Karnali,Salyan,Kumakh Rural Municipality,28.55875594,82.19646722,local_unit_shapefile_centroid,local_unit_confirmed,Kumakhmalika,SALYAN,Karnali,local_unit_exact_district_palika,Resolved using local_unit shapefile centroid; UNFPA name retained.
Karnali,Salyan,Sharada Nagarpalika,28.38162177,82.16413226,local_unit_shapefile_centroid,local_unit_confirmed,Sharada,SALYAN,Karnali,local_unit_exact_district_palika,Resolved using local_unit shapefile centroid; UNFPA name retained.
Karnali,Salyan,Tribeni Rural Municipality,28.28165305,82.23303054,local_unit_shapefile_centroid,local_unit_confirmed,Tribeni,SALYAN,Karnali,local_unit_exact_district_palika,Resolved using local_unit shapefile centroid; UNFPA name retained.
Karnali,Surkhet,Barahatal Gaunpalika,28.66230016,81.47576720,local_unit_shapefile_centroid,local_unit_review_variant,Barahtal,SURKHET,Karnali,local_unit_fuzzy_same_district,Resolved using local_unit shapefile centroid; UNFPA name retained; source name/renaming variant should be reviewed.
Karnali,Surkhet,Bheriganga Nagarpalika,28.45747387,81.69372519,local_unit_shapefile_centroid,local_unit_confirmed,Bheriganga,SURKHET,Karnali,local_unit_exact_district_palika,Resolved using local_unit shapefile centroid; UNFPA name retained.
Karnali,Surkhet,Birendranagar Nagarpalika,28.60220278,81.63629777,local_unit_shapefile_centroid,local_unit_confirmed,Birendranagar,SURKHET,Karnali,local_unit_exact_district_palika,Resolved using local_unit shapefile centroid; UNFPA name retained.
Karnali,Surkhet,Chaukune Gaunpalika,28.87543555,81.19436653,local_unit_shapefile_centroid,local_unit_confirmed,Chaukune,SURKHET,Karnali,local_unit_exact_district_palika,Resolved using local_unit shapefile centroid; UNFPA name retained.
Karnali,Surkhet,Chingad Gaupalika,28.62058943,81.83342008,local_unit_shapefile_centroid,local_unit_confirmed,Chingad,SURKHET,Karnali,local_unit_exact_district_palika,Resolved using local_unit shapefile centroid; UNFPA name retained.
Karnali,Surkhet,Gurbhakot Nagarpalika,28.42888195,81.89366233,local_unit_shapefile_centroid,local_unit_confirmed,Gurbhakot,SURKHET,Karnali,local_unit_exact_district_palika,Resolved using local_unit shapefile centroid; UNFPA name retained.
Karnali,Surkhet,Lekbesi Nagarpalika,28.53979399,81.75336743,local_unit_shapefile_centroid,local_unit_review_variant,Lekbeshi,SURKHET,Karnali,local_unit_fuzzy_same_district,Resolved using local_unit shapefile centroid; UNFPA name retained; source name/renaming variant should be reviewed.
Karnali,Surkhet,Panchpuri Nagarpalika,28.78959795,81.38451610,local_unit_shapefile_centroid,local_unit_confirmed,Panchpuri,SURKHET,Karnali,local_unit_exact_district_palika,Resolved using local_unit shapefile centroid; UNFPA name retained.
Karnali,Surkhet,Simta Gaunpalika,28.55212025,81.95512024,local_unit_shapefile_centroid,local_unit_confirmed,Simta,SURKHET,Karnali,local_unit_exact_district_palika,Resolved using local_unit shapefile centroid; UNFPA name retained.
Karnali,Humla,Adanchuli Rural Municipality,29.70536435,81.84824481,local_unit_shapefile_centroid,local_unit_confirmed,Adanchuli,HUMLA,Karnali,local_unit_exact_district_palika,Resolved using local_unit shapefile centroid; UNFPA name retained.
Karnali,Humla,Chankheli Rural Municipality,29.84818369,82.25320405,local_unit_shapefile_centroid,local_unit_confirmed,Chankheli,HUMLA,Karnali,local_unit_exact_district_palika,Resolved using local_unit shapefile centroid; UNFPA name retained.
Karnali,Humla,Kharpunath Rural Municipality,30.02329293,82.04335910,local_unit_shapefile_centroid,local_unit_confirmed,Kharpunath,HUMLA,Karnali,local_unit_exact_district_palika,Resolved using local_unit shapefile centroid; UNFPA name retained.
Karnali,Humla,Namkha Rural Municipality,30.17670397,81.61223290,local_unit_shapefile_centroid,local_unit_confirmed,Namkha,HUMLA,Karnali,local_unit_exact_district_palika,Resolved using local_unit shapefile centroid; UNFPA name retained.
Karnali,Humla,Sarkegad Rural Municipality,29.79244522,81.93268522,local_unit_shapefile_centroid,local_unit_confirmed,Sarkegad,HUMLA,Karnali,local_unit_exact_district_palika,Resolved using local_unit shapefile centroid; UNFPA name retained.
Karnali,Humla,Simkot Rural Municipality,30.12991131,81.92386548,local_unit_shapefile_centroid,local_unit_confirmed,Simkot,HUMLA,Karnali,local_unit_exact_district_palika,Resolved using local_unit shapefile centroid; UNFPA name retained.
Karnali,Humla,Tanjakot Rural Municipality,29.68469650,81.75952834,local_unit_shapefile_centroid,local_unit_confirmed,Tanjakot,HUMLA,Karnali,local_unit_exact_district_palika,Resolved using local_unit shapefile centroid; UNFPA name retained.
Karnali,Jajarkot,Barekot Rural Municipality,28.99461110,82.28671135,local_unit_shapefile_centroid,local_unit_confirmed,Barekot,JAJARKOT,Karnali,local_unit_exact_district_palika,Resolved using local_unit shapefile centroid; UNFPA name retained.
Karnali,Jajarkot,Bheri Malika Municipality,28.69730674,82.16488333,local_unit_shapefile_centroid,local_unit_confirmed,Bheri,JAJARKOT,Karnali,local_unit_exact_district_palika,Resolved using local_unit shapefile centroid; UNFPA name retained.
Karnali,Jajarkot,Chhedagad Municipality,28.74832233,82.02846139,local_unit_shapefile_centroid,local_unit_confirmed,Chhedagad,JAJARKOT,Karnali,local_unit_exact_district_palika,Resolved using local_unit shapefile centroid; UNFPA name retained.
Karnali,Jajarkot,Junichande Rural Municipality,28.89622505,81.98099854,local_unit_shapefile_centroid,local_unit_confirmed,Junichande,JAJARKOT,Karnali,local_unit_exact_district_palika,Resolved using local_unit shapefile centroid; UNFPA name retained.
Karnali,Jajarkot,Kuse Rural Municipality,28.87806054,82.13868824,local_unit_shapefile_centroid,local_unit_confirmed,Kuse,JAJARKOT,Karnali,local_unit_exact_district_palika,Resolved using local_unit shapefile centroid; UNFPA name retained.
Karnali,Jajarkot,Shivalaya Rural Municipality,28.68536228,81.92653317,local_unit_shapefile_centroid,local_unit_review_variant,Shiwalaya,JAJARKOT,Karnali,local_unit_fuzzy_same_district,Resolved using local_unit shapefile centroid; UNFPA name retained; source name/renaming variant should be reviewed.
Karnali,Jajarkot,Tribeni Nalagad Municipality,28.87856480,82.37599811,local_unit_shapefile_centroid,local_unit_confirmed,Tribeni Nalagad,JAJARKOT,Karnali,local_unit_exact_district_palika,Resolved using local_unit shapefile centroid; UNFPA name retained.
Karnali,Jumla,Chandannath Municipality,29.29504864,82.15410187,local_unit_shapefile_centroid,local_unit_confirmed,Chandannath,JUMLA,Karnali,local_unit_exact_district_palika,Resolved using local_unit shapefile centroid; UNFPA name retained.
Karnali,Jumla,Guthichaur Rural Municipality,29.19707921,82.36898532,local_unit_shapefile_centroid,local_unit_confirmed,Guthichaur,JUMLA,Karnali,local_unit_exact_district_palika,Resolved using local_unit shapefile centroid; UNFPA name retained.
Karnali,Jumla,Hima Rural Municipality,29.27415800,81.93489844,local_unit_shapefile_centroid,local_unit_confirmed,Hima,JUMLA,Karnali,local_unit_exact_district_palika,Resolved using local_unit shapefile centroid; UNFPA name retained.
Karnali,Jumla,Kanaka Sundari Rural Municipality,29.41843753,82.06064431,local_unit_shapefile_centroid,local_unit_confirmed,Kanakasundari,JUMLA,Karnali,local_unit_exact_district_palika,Resolved using local_unit shapefile centroid; UNFPA name retained.
Karnali,Jumla,Patarasi Rural Municipality,29.35894282,82.38707050,local_unit_shapefile_centroid,local_unit_review_variant,Patrasi,JUMLA,Karnali,local_unit_fuzzy_same_district,Resolved using local_unit shapefile centroid; UNFPA name retained; source name/renaming variant should be reviewed.
Karnali,Jumla,Sinja Rural Municipality,29.34323489,82.02948045,local_unit_shapefile_centroid,local_unit_confirmed,Sinja,JUMLA,Karnali,local_unit_exact_district_palika,Resolved using local_unit shapefile centroid; UNFPA name retained.
Karnali,Jumla,Tatopani Rural Municipality,29.13594288,82.12210560,local_unit_shapefile_centroid,local_unit_confirmed,Tatopani,JUMLA,Karnali,local_unit_exact_district_palika,Resolved using local_unit shapefile centroid; UNFPA name retained.
Karnali,Jumla,Tila Rural Municipality,29.18652837,81.98646945,local_unit_shapefile_centroid,local_unit_confirmed,Tila,JUMLA,Karnali,local_unit_exact_district_palika,Resolved using local_unit shapefile centroid; UNFPA name retained.
Karnali,Kalikot,Kalika Rural Municipality,29.07975691,81.63017963,local_unit_shapefile_centroid,local_unit_confirmed,Kalika,KALIKOT,Karnali,local_unit_exact_district_palika,Resolved using local_unit shapefile centroid; UNFPA name retained.
Karnali,Kalikot,Khandachakra Municipality,29.15019503,81.67585813,local_unit_shapefile_centroid,local_unit_confirmed,Khandachakra,KALIKOT,Karnali,local_unit_exact_district_palika,Resolved using local_unit shapefile centroid; UNFPA name retained.
Karnali,Kalikot,Mahawai Rural Municipality,29.04463544,81.85597875,local_unit_shapefile_centroid,local_unit_confirmed,Mahawai,KALIKOT,Karnali,local_unit_exact_district_palika,Resolved using local_unit shapefile centroid; UNFPA name retained.
Karnali,Kalikot,Naraharinath Rural Municipality,29.21526459,81.53402168,local_unit_shapefile_centroid,local_unit_confirmed,Naraharinath,KALIKOT,Karnali,local_unit_exact_district_palika,Resolved using local_unit shapefile centroid; UNFPA name retained.
Karnali,Kalikot,Pachal Jharana Rural Municipality,29.24978429,81.72168039,local_unit_shapefile_centroid,local_unit_confirmed,Pachaljharana,KALIKOT,Karnali,local_unit_exact_district_palika,Resolved using local_unit shapefile centroid; UNFPA name retained.
Karnali,Kalikot,Palata Rural Municipality,29.35021605,81.84151757,local_unit_shapefile_centroid,local_unit_confirmed,Palata,KALIKOT,Karnali,local_unit_exact_district_palika,Resolved using local_unit shapefile centroid; UNFPA name retained.
Karnali,Kalikot,Raskot Municipality,29.27272269,81.64600131,local_unit_shapefile_centroid,local_unit_confirmed,Raskot,KALIKOT,Karnali,local_unit_exact_district_palika,Resolved using local_unit shapefile centroid; UNFPA name retained.
Karnali,Kalikot,Sanni Tribeni Rural Municipality,29.28439629,81.59129295,local_unit_shapefile_centroid,local_unit_confirmed,Sanni Tribeni,KALIKOT,Karnali,local_unit_exact_district_palika,Resolved using local_unit shapefile centroid; UNFPA name retained.
Karnali,Kalikot,Tilagupha Municipality,29.14586109,81.85753476,local_unit_shapefile_centroid,local_unit_review_variant,Tilagufa,KALIKOT,Karnali,local_unit_fuzzy_same_district,Resolved using local_unit shapefile centroid; UNFPA name retained; source name/renaming variant should be reviewed.
Karnali,Mugu,Chhayanath Rara Municipality,29.53292491,82.17001241,local_unit_shapefile_centroid,local_unit_confirmed,Chhayanath Rara,MUGU,Karnali,local_unit_exact_district_palika,Resolved using local_unit shapefile centroid; UNFPA name retained.
Karnali,Mugu,Khatyad Rural Municipality,29.51419992,81.89497755,local_unit_shapefile_centroid,local_unit_confirmed,Khatyad,MUGU,Karnali,local_unit_exact_district_palika,Resolved using local_unit shapefile centroid; UNFPA name retained.
Karnali,Mugu,Mugumkarmarog Rural Municipality,29.64947565,82.54933620,local_unit_shapefile_centroid,local_unit_review_variant,Mugum Karmarong,MUGU,Karnali,local_unit_fuzzy_same_district,Resolved using local_unit shapefile centroid; UNFPA name retained; source name/renaming variant should be reviewed.
Karnali,Mugu,Soru Rural Municipality,29.62828854,81.98556220,local_unit_shapefile_centroid,local_unit_confirmed,Soru,MUGU,Karnali,local_unit_exact_district_palika,Resolved using local_unit shapefile centroid; UNFPA name retained.
Karnali,Rukum West,Aathabisakot Municipality,28.84245130,82.51572133,local_unit_shapefile_centroid,local_unit_review_variant,Aathbiskot,RUKUM_W,Karnali,local_unit_fuzzy_same_district,Resolved using local_unit shapefile centroid; UNFPA name retained; source name/renaming variant should be reviewed.
Karnali,Rukum West,Banphikot Rural Municipality,28.70399071,82.50472907,local_unit_shapefile_centroid,local_unit_confirmed,Banfikot,RUKUM_W,Karnali,local_unit_exact_district_palika,Resolved using local_unit shapefile centroid; UNFPA name retained.
Karnali,Rukum West,Chaurjahari Municipality,28.63569925,82.26416544,local_unit_shapefile_centroid,local_unit_confirmed,Chaurjahari,RUKUM_W,Karnali,local_unit_exact_district_palika,Resolved using local_unit shapefile centroid; UNFPA name retained.
Karnali,Rukum West,Musikot Municipality,28.61113707,82.48049560,local_unit_shapefile_centroid,local_unit_confirmed,Musikot,RUKUM_W,Karnali,local_unit_exact_district_palika,Resolved using local_unit shapefile centroid; UNFPA name retained.
Karnali,Rukum West,Sanibheri Rural Municipality,28.67654417,82.34425965,local_unit_shapefile_centroid,local_unit_confirmed,Sani Bheri,RUKUM_W,Karnali,local_unit_exact_district_palika,Resolved using local_unit shapefile centroid; UNFPA name retained.
Karnali,Rukum West,Tribeni Rural Municipality,28.56445346,82.42205269,local_unit_shapefile_centroid,local_unit_confirmed,Tribeni,RUKUM_W,Karnali,local_unit_exact_district_palika,Resolved using local_unit shapefile centroid; UNFPA name retained.
Sudurpaschim,Achham,Bannigadhi Jayagadh Rural Municipality,29.18917117,81.30019742,local_unit_shapefile_centroid,local_unit_confirmed,Bannigadhi Jayagadh,ACHHAM,Sudurpaschim,local_unit_exact_district_palika,Resolved using local_unit shapefile centroid; UNFPA name retained.
Sudurpaschim,Achham,Chaurpati Rural Municipality,29.18181874,81.12908159,local_unit_shapefile_centroid,local_unit_confirmed,Chaurpati,ACHHAM,Sudurpaschim,local_unit_exact_district_palika,Resolved using local_unit shapefile centroid; UNFPA name retained.
Sudurpaschim,Achham,Dhakari Rural Municipality,28.97573011,81.22983730,local_unit_shapefile_centroid,local_unit_confirmed,Dhakari,ACHHAM,Sudurpaschim,local_unit_exact_district_palika,Resolved using local_unit shapefile centroid; UNFPA name retained.
Sudurpaschim,Achham,Kamal Bazar Municipality,29.05986447,81.33995200,local_unit_shapefile_centroid,local_unit_confirmed,Kamalbazar,ACHHAM,Sudurpaschim,local_unit_exact_district_palika,Resolved using local_unit shapefile centroid; UNFPA name retained.
Sudurpaschim,Achham,Mangalsen Municipality,29.10162042,81.22681595,local_unit_shapefile_centroid,local_unit_confirmed,Mangalsen,ACHHAM,Sudurpaschim,local_unit_exact_district_palika,Resolved using local_unit shapefile centroid; UNFPA name retained.
Sudurpaschim,Achham,Mellekh Rural Municipality,29.26252132,81.32103017,local_unit_shapefile_centroid,local_unit_confirmed,Mellekh,ACHHAM,Sudurpaschim,local_unit_exact_district_palika,Resolved using local_unit shapefile centroid; UNFPA name retained.
Sudurpaschim,Achham,Panchdebal Binayak Municipality,29.10813475,81.45407764,local_unit_shapefile_centroid,local_unit_review_variant,Panchadewal Binayak,ACHHAM,Sudurpaschim,local_unit_fuzzy_same_district,Resolved using local_unit shapefile centroid; UNFPA name retained; source name/renaming variant should be reviewed.
Sudurpaschim,Achham,Ramaroshan Rural Municipality,29.20360190,81.42154215,local_unit_shapefile_centroid,local_unit_confirmed,Ramaroshan,ACHHAM,Sudurpaschim,local_unit_exact_district_palika,Resolved using local_unit shapefile centroid; UNFPA name retained.
Sudurpaschim,Achham,Sanphebagar Municipality,29.26845140,81.20760264,local_unit_shapefile_centroid,local_unit_confirmed,Sanphebagar,ACHHAM,Sudurpaschim,local_unit_exact_district_palika,Resolved using local_unit shapefile centroid; UNFPA name retained.
Sudurpaschim,Achham,Turmakhand Rural Municipality,28.90666673,81.43033010,local_unit_shapefile_centroid,local_unit_review_variant,Turmakhad,ACHHAM,Sudurpaschim,local_unit_fuzzy_same_district,Resolved using local_unit shapefile centroid; UNFPA name retained; source name/renaming variant should be reviewed.
Sudurpaschim,Baitadi,Dasharathchand Municipality,29.53479720,80.43225618,local_unit_shapefile_centroid,local_unit_review_variant,Dasharathchanda,BAITADI,Sudurpaschim,local_unit_fuzzy_same_district,Resolved using local_unit shapefile centroid; UNFPA name retained; source name/renaming variant should be reviewed.
Sudurpaschim,Baitadi,Dilasaini Rural Municipality,29.66525214,80.64939003,local_unit_shapefile_centroid,local_unit_confirmed,Dilasaini,BAITADI,Sudurpaschim,local_unit_exact_district_palika,Resolved using local_unit shapefile centroid; UNFPA name retained.
Sudurpaschim,Baitadi,Dogada Kedar Rural Municipality,29.59691264,80.52998460,local_unit_shapefile_centroid,local_unit_confirmed,Dogadakedar,BAITADI,Sudurpaschim,local_unit_exact_district_palika,Resolved using local_unit shapefile centroid; UNFPA name retained.
Sudurpaschim,Baitadi,Melauli Municipality,29.42920090,80.42160133,local_unit_shapefile_centroid,local_unit_confirmed,Melauli,BAITADI,Sudurpaschim,local_unit_exact_district_palika,Resolved using local_unit shapefile centroid; UNFPA name retained.
Sudurpaschim,Baitadi,Pancheshwor Rural Municipality,29.44742422,80.32059113,local_unit_shapefile_centroid,local_unit_review_variant,Pancheshwar,BAITADI,Sudurpaschim,local_unit_fuzzy_same_district,Resolved using local_unit shapefile centroid; UNFPA name retained; source name/renaming variant should be reviewed.
Sudurpaschim,Baitadi,Patan Municipality,29.44518978,80.57997279,local_unit_shapefile_centroid,local_unit_confirmed,Patan,BAITADI,Sudurpaschim,local_unit_exact_district_palika,Resolved using local_unit shapefile centroid; UNFPA name retained.
Sudurpaschim,Baitadi,Puchaundi Municipality,29.59944066,80.70141970,local_unit_shapefile_centroid,local_unit_review_variant,Purchaudi,BAITADI,Sudurpaschim,local_unit_fuzzy_same_district,Resolved using local_unit shapefile centroid; UNFPA name retained; source name/renaming variant should be reviewed.
Sudurpaschim,Baitadi,Shivanath Rural Municipality,29.37106088,80.33698799,local_unit_shapefile_centroid,local_unit_confirmed,Shivanath,BAITADI,Sudurpaschim,local_unit_exact_district_palika,Resolved using local_unit shapefile centroid; UNFPA name retained.
Sudurpaschim,Baitadi,Sigas Rural Municipality,29.45051884,80.78295107,local_unit_shapefile_centroid,local_unit_confirmed,Sigas,BAITADI,Sudurpaschim,local_unit_exact_district_palika,Resolved using local_unit shapefile centroid; UNFPA name retained.
Sudurpaschim,Baitadi,Surnaya Rural Municipality,29.52600841,80.60714994,local_unit_shapefile_centroid,local_unit_confirmed,Surnaya,BAITADI,Sudurpaschim,local_unit_exact_district_palika,Resolved using local_unit shapefile centroid; UNFPA name retained.
Sudurpaschim,Bajhang,Bitthadchir Rural Municipality,29.51656454,80.83513253,local_unit_shapefile_centroid,local_unit_review_variant,Bithadchir,BAJHANG,Sudurpaschim,local_unit_fuzzy_same_district,Resolved using local_unit shapefile centroid; UNFPA name retained; source name/renaming variant should be reviewed.
Sudurpaschim,Bajhang,Bungal Municipality,29.66020715,80.93137180,local_unit_shapefile_centroid,local_unit_confirmed,Bungal,BAJHANG,Sudurpaschim,local_unit_exact_district_palika,Resolved using local_unit shapefile centroid; UNFPA name retained.
Sudurpaschim,Bajhang,Chhabis Pathibhara Rural Municipality,29.55933158,81.05875503,local_unit_shapefile_centroid,local_unit_review_variant,Chabispathivera,BAJHANG,Sudurpaschim,local_unit_fuzzy_same_district,Resolved using local_unit shapefile centroid; UNFPA name retained; source name/renaming variant should be reviewed.
Sudurpaschim,Bajhang,Durgathali Rural Municipality,29.52827129,81.00609744,local_unit_shapefile_centroid,local_unit_confirmed,Durgathali,BAJHANG,Sudurpaschim,local_unit_exact_district_palika,Resolved using local_unit shapefile centroid; UNFPA name retained.
Sudurpaschim,Bajhang,Jayaprithbi Municipality,29.54018117,81.19356396,local_unit_shapefile_centroid,local_unit_review_variant,JayaPrithivi,BAJHANG,Sudurpaschim,local_unit_fuzzy_same_district,Resolved using local_unit shapefile centroid; UNFPA name retained; source name/renaming variant should be reviewed.
Sudurpaschim,Bajhang,Kanda Rural Municipality,29.86752965,81.30023696,local_unit_shapefile_centroid,local_unit_confirmed,Kanda,BAJHANG,Sudurpaschim,local_unit_exact_district_palika,Resolved using local_unit shapefile centroid; UNFPA name retained.
Sudurpaschim,Bajhang,Kedarsyun Rural Municipality,29.51328923,80.93413590,local_unit_shapefile_centroid,local_unit_review_variant,Kedarseu,BAJHANG,Sudurpaschim,local_unit_fuzzy_same_district,Resolved using local_unit shapefile centroid; UNFPA name retained; source name/renaming variant should be reviewed.
Sudurpaschim,Bajhang,Khaptad Chhanna Rural Municipality,29.45484190,81.19770130,local_unit_shapefile_centroid,local_unit_confirmed,Khaptadchhanna,BAJHANG,Sudurpaschim,local_unit_exact_district_palika,Resolved using local_unit shapefile centroid; UNFPA name retained.
Sudurpaschim,Bajhang,Masta Rural Municipality,29.54523008,81.29158536,local_unit_shapefile_centroid,local_unit_confirmed,Masta,BAJHANG,Sudurpaschim,local_unit_exact_district_palika,Resolved using local_unit shapefile centroid; UNFPA name retained.
Sudurpaschim,Bajhang,Surma Rural Municipality,29.67834770,81.12687681,local_unit_shapefile_centroid,local_unit_confirmed,Surma,BAJHANG,Sudurpaschim,local_unit_exact_district_palika,Resolved using local_unit shapefile centroid; UNFPA name retained.
Sudurpaschim,Bajhang,Talkot Rural Municipality,29.66046137,81.29630383,local_unit_shapefile_centroid,local_unit_confirmed,Talkot,BAJHANG,Sudurpaschim,local_unit_exact_district_palika,Resolved using local_unit shapefile centroid; UNFPA name retained.
Sudurpaschim,Bajhang,Thalara Rural Municipality,29.44966588,81.00848186,local_unit_shapefile_centroid,local_unit_confirmed,Thalara,BAJHANG,Sudurpaschim,local_unit_exact_district_palika,Resolved using local_unit shapefile centroid; UNFPA name retained.
Sudurpaschim,Bajura,Badimalika Municipality,29.43261094,81.49755540,local_unit_shapefile_centroid,local_unit_confirmed,Badimalika,BAJURA,Sudurpaschim,local_unit_exact_district_palika,Resolved using local_unit shapefile centroid; UNFPA name retained.
Sudurpaschim,Bajura,Budhiganga Municipality,29.36234836,81.32028249,local_unit_shapefile_centroid,local_unit_confirmed,Budhiganga,BAJURA,Sudurpaschim,local_unit_exact_district_palika,Resolved using local_unit shapefile centroid; UNFPA name retained.
Sudurpaschim,Bajura,Budhinanda Municipality,29.52946134,81.61921937,local_unit_shapefile_centroid,local_unit_confirmed,Budhinanda,BAJURA,Sudurpaschim,local_unit_exact_district_palika,Resolved using local_unit shapefile centroid; UNFPA name retained.
Sudurpaschim,Bajura,Gaumul Rural Municipality,29.55921030,81.45115706,local_unit_shapefile_centroid,local_unit_confirmed,Gaumul,BAJURA,Sudurpaschim,local_unit_exact_district_palika,Resolved using local_unit shapefile centroid; UNFPA name retained.
Sudurpaschim,Bajura,Himali Rural Municipality,29.75168774,81.66006693,local_unit_shapefile_centroid,local_unit_confirmed,Himali,BAJURA,Sudurpaschim,local_unit_exact_district_palika,Resolved using local_unit shapefile centroid; UNFPA name retained.
Sudurpaschim,Bajura,Jagannath Rural Municipality,29.41008600,81.71639500,palika_center_fallback,confirmed,,,,local_unit_unmatched,No reliable local_unit match; retained previous palika_center coordinate. Review only if GIS-grade precision is required.
Sudurpaschim,Bajura,Khaptad Chhededaha Rural Municipality,29.40694156,81.29919255,local_unit_shapefile_centroid,local_unit_review_variant,Chhededaha,BAJURA,Sudurpaschim,local_unit_fuzzy_same_district,Resolved using local_unit shapefile centroid; UNFPA name retained; source name/renaming variant should be reviewed.
Sudurpaschim,Bajura,Swami Kartik Rural Municipality,29.43698029,81.75789608,local_unit_shapefile_centroid,local_unit_confirmed,Swami Kartik,BAJURA,Sudurpaschim,local_unit_exact_district_palika,Resolved using local_unit shapefile centroid; UNFPA name retained.
Sudurpaschim,Bajura,Tribeni Municipality,29.32925466,81.42153780,local_unit_shapefile_centroid,local_unit_confirmed,Tribeni,BAJURA,Sudurpaschim,local_unit_exact_district_palika,Resolved using local_unit shapefile centroid; UNFPA name retained.
Sudurpaschim,Dadeldhura,Aalital Rural Municipality,29.13515814,80.51244047,local_unit_shapefile_centroid,local_unit_review_variant,Alital,DADELDHURA,Sudurpaschim,local_unit_fuzzy_same_district,Resolved using local_unit shapefile centroid; UNFPA name retained; source name/renaming variant should be reviewed.
Sudurpaschim,Dadeldhura,Ajayameru Rural Municipality,29.36128477,80.51939513,local_unit_shapefile_centroid,local_unit_review_variant,Ajaymeru,DADELDHURA,Sudurpaschim,local_unit_fuzzy_same_district,Resolved using local_unit shapefile centroid; UNFPA name retained; source name/renaming variant should be reviewed.
Sudurpaschim,Dadeldhura,Amargadhi Municipality,29.28260210,80.58475431,local_unit_shapefile_centroid,local_unit_confirmed,Amargadhi,DADELDHURA,Sudurpaschim,local_unit_exact_district_palika,Resolved using local_unit shapefile centroid; UNFPA name retained.
Sudurpaschim,Dadeldhura,Bhageshwor Rural Municipality,29.28116561,80.40653565,local_unit_shapefile_centroid,local_unit_review_variant,Bhageshwar,DADELDHURA,Sudurpaschim,local_unit_fuzzy_same_district,Resolved using local_unit shapefile centroid; UNFPA name retained; source name/renaming variant should be reviewed.
Sudurpaschim,Dadeldhura,Ganyapdhura Rural Municipality,29.24586946,80.67905130,local_unit_shapefile_centroid,local_unit_review_variant,Ganayapdhura,DADELDHURA,Sudurpaschim,local_unit_fuzzy_same_district,Resolved using local_unit shapefile centroid; UNFPA name retained; source name/renaming variant should be reviewed.
Sudurpaschim,Dadeldhura,Nawadurga Rural Municipality,29.35810291,80.70198229,local_unit_shapefile_centroid,local_unit_confirmed,Nawadurga,DADELDHURA,Sudurpaschim,local_unit_exact_district_palika,Resolved using local_unit shapefile centroid; UNFPA name retained.
Sudurpaschim,Dadeldhura,Parashuram Municipality,29.12869809,80.34635301,local_unit_shapefile_centroid,local_unit_confirmed,Parashuram,DADELDHURA,Sudurpaschim,local_unit_exact_district_palika,Resolved using local_unit shapefile centroid; UNFPA name retained.
Sudurpaschim,Darchula,Apihimal Rural Municipality,29.86061777,80.90719990,local_unit_shapefile_centroid,local_unit_confirmed,Apihimal,DARCHULA,Sudurpaschim,local_unit_exact_district_palika,Resolved using local_unit shapefile centroid; UNFPA name retained.
Sudurpaschim,Darchula,Byas Rural Municipality,30.13332191,80.86121621,local_unit_shapefile_centroid,local_unit_confirmed,Byas,DARCHULA,Sudurpaschim,local_unit_exact_district_palika,Resolved using local_unit shapefile centroid; UNFPA name retained.
Sudurpaschim,Darchula,Duhun Rural Municipality,29.88569987,80.61745533,local_unit_shapefile_centroid,local_unit_review_variant,Dunhu,DARCHULA,Sudurpaschim,local_unit_fuzzy_same_district,Resolved using local_unit shapefile centroid; UNFPA name retained; source name/renaming variant should be reviewed.
Sudurpaschim,Darchula,Lekam Rural Municipality,29.65970284,80.45864531,local_unit_shapefile_centroid,local_unit_confirmed,Lekam,DARCHULA,Sudurpaschim,local_unit_exact_district_palika,Resolved using local_unit shapefile centroid; UNFPA name retained.
Sudurpaschim,Darchula,Mahakali Municipality,29.80435997,80.54288784,local_unit_shapefile_centroid,local_unit_confirmed,Mahakali,DARCHULA,Sudurpaschim,local_unit_exact_district_palika,Resolved using local_unit shapefile centroid; UNFPA name retained.
Sudurpaschim,Darchula,Malikarjun Rural Municipality,29.73337580,80.43669624,local_unit_shapefile_centroid,local_unit_review_variant,Malikaarjun,DARCHULA,Sudurpaschim,local_unit_fuzzy_same_district,Resolved using local_unit shapefile centroid; UNFPA name retained; source name/renaming variant should be reviewed.
Sudurpaschim,Darchula,Marma Rural Municipality,29.73935832,80.82156349,local_unit_shapefile_centroid,local_unit_confirmed,Marma,DARCHULA,Sudurpaschim,local_unit_exact_district_palika,Resolved using local_unit shapefile centroid; UNFPA name retained.
Sudurpaschim,Darchula,Naugad Rural Municipality,29.79407198,80.66677274,local_unit_shapefile_centroid,local_unit_confirmed,Naugad,DARCHULA,Sudurpaschim,local_unit_exact_district_palika,Resolved using local_unit shapefile centroid; UNFPA name retained.
Sudurpaschim,Darchula,Shailyashikhar Municipality,29.70921657,80.57136526,local_unit_shapefile_centroid,local_unit_confirmed,Shailyashikhar,DARCHULA,Sudurpaschim,local_unit_exact_district_palika,Resolved using local_unit shapefile centroid; UNFPA name retained.
Sudurpaschim,Doti,Aadarsha Rural Municipality,29.34423341,80.87693262,local_unit_shapefile_centroid,local_unit_review_variant,Adharsha,DOTI,Sudurpaschim,local_unit_fuzzy_same_district,Resolved using local_unit shapefile centroid; UNFPA name retained; source name/renaming variant should be reviewed.
Sudurpaschim,Doti,Badi Kedar Rural Municipality,29.02154717,80.88237551,local_unit_shapefile_centroid,local_unit_confirmed,Badikedar,DOTI,Sudurpaschim,local_unit_exact_district_palika,Resolved using local_unit shapefile centroid; UNFPA name retained.
Sudurpaschim,Doti,Bogatan Rural Municipality,29.05471765,81.04000465,local_unit_shapefile_centroid,local_unit_review_variant,Bogtan,DOTI,Sudurpaschim,local_unit_fuzzy_same_district,Resolved using local_unit shapefile centroid; UNFPA name retained; source name/renaming variant should be reviewed.
Sudurpaschim,Doti,Dipayal Silgadhi Municipality,29.26359888,80.96997282,local_unit_shapefile_centroid,local_unit_review_variant,Dipayal Silgadi,DOTI,Sudurpaschim,local_unit_fuzzy_same_district,Resolved using local_unit shapefile centroid; UNFPA name retained; source name/renaming variant should be reviewed.
Sudurpaschim,Doti,Jorayal Rural Municipality,29.10781397,80.70073333,local_unit_shapefile_centroid,local_unit_confirmed,Jorayal,DOTI,Sudurpaschim,local_unit_exact_district_palika,Resolved using local_unit shapefile centroid; UNFPA name retained.
Sudurpaschim,Doti,K.I. Singh Rural Municipality,29.17096831,80.96523925,local_unit_shapefile_centroid,local_unit_confirmed,K I Singh,DOTI,Sudurpaschim,local_unit_exact_district_palika,Resolved using local_unit shapefile centroid; UNFPA name retained.
Sudurpaschim,Doti,Purbichouki Rural Municipality,29.27479469,81.06611552,local_unit_shapefile_centroid,local_unit_review_variant,Purbichauki,DOTI,Sudurpaschim,local_unit_fuzzy_same_district,Resolved using local_unit shapefile centroid; UNFPA name retained; source name/renaming variant should be reviewed.
Sudurpaschim,Doti,Sayal Rural Municipality,29.37381429,80.97457012,local_unit_shapefile_centroid,local_unit_confirmed,Sayal,DOTI,Sudurpaschim,local_unit_exact_district_palika,Resolved using local_unit shapefile centroid; UNFPA name retained.
Sudurpaschim,Doti,Shikhar Municipality,29.23520458,80.82087647,local_unit_shapefile_centroid,local_unit_confirmed,Shikhar,DOTI,Sudurpaschim,local_unit_exact_district_palika,Resolved using local_unit shapefile centroid; UNFPA name retained.
Sudurpaschim,Kailali,Bardagoriya Rural Municipality,28.68023296,81.04266347,local_unit_shapefile_centroid,local_unit_confirmed,Bardagoriya,KAILALI,Sudurpaschim,local_unit_exact_district_palika,Resolved using local_unit shapefile centroid; UNFPA name retained.
Sudurpaschim,Kailali,Bhajani Municipality,28.51730247,80.96560578,local_unit_shapefile_centroid,local_unit_confirmed,Bhajani,KAILALI,Sudurpaschim,local_unit_exact_district_palika,Resolved using local_unit shapefile centroid; UNFPA name retained.
Sudurpaschim,Kailali,Chure Rural Municipality,28.93157451,80.70401510,local_unit_shapefile_centroid,local_unit_confirmed,Chure,KAILALI,Sudurpaschim,local_unit_exact_district_palika,Resolved using local_unit shapefile centroid; UNFPA name retained.
Sudurpaschim,Kailali,Dhangadhi Sub-Metropolitan City,28.69304721,80.65638574,local_unit_shapefile_centroid,local_unit_confirmed,Dhangadhi,KAILALI,Sudurpaschim,local_unit_exact_district_palika,Resolved using local_unit shapefile centroid; UNFPA name retained.
Sudurpaschim,Kailali,Gauriganga Municipality,28.75296124,80.78315846,local_unit_shapefile_centroid,local_unit_confirmed,Gauriganga,KAILALI,Sudurpaschim,local_unit_exact_district_palika,Resolved using local_unit shapefile centroid; UNFPA name retained.
Sudurpaschim,Kailali,Ghodaghodi Municipality,28.70542750,80.94169725,local_unit_shapefile_centroid,local_unit_confirmed,Ghodaghodi,KAILALI,Sudurpaschim,local_unit_exact_district_palika,Resolved using local_unit shapefile centroid; UNFPA name retained.
Sudurpaschim,Kailali,Godawari Municipality,28.86973293,80.57779751,local_unit_shapefile_centroid,local_unit_confirmed,Godawari,KAILALI,Sudurpaschim,local_unit_exact_district_palika,Resolved using local_unit shapefile centroid; UNFPA name retained.
Sudurpaschim,Kailali,Janaki Rural Municipality,28.56939102,81.14395315,local_unit_shapefile_centroid,local_unit_confirmed,Janaki,KAILALI,Sudurpaschim,local_unit_exact_district_palika,Resolved using local_unit shapefile centroid; UNFPA name retained.
Sudurpaschim,Kailali,Joshipur Rural Municipality,28.57495090,81.02681487,local_unit_shapefile_centroid,local_unit_confirmed,Joshipur,KAILALI,Sudurpaschim,local_unit_exact_district_palika,Resolved using local_unit shapefile centroid; UNFPA name retained.
Sudurpaschim,Kailali,Kailari Rural Municipality,28.59565652,80.81143482,local_unit_shapefile_centroid,local_unit_confirmed,Kailari,KAILALI,Sudurpaschim,local_unit_exact_district_palika,Resolved using local_unit shapefile centroid; UNFPA name retained.
Sudurpaschim,Kailali,Lamki Chuha Municipality,28.65117490,81.15612625,local_unit_shapefile_centroid,local_unit_confirmed,Lamkichuha,KAILALI,Sudurpaschim,local_unit_exact_district_palika,Resolved using local_unit shapefile centroid; UNFPA name retained.
Sudurpaschim,Kailali,Mohanyal Rural Municipality,28.81699282,81.05094281,local_unit_shapefile_centroid,local_unit_confirmed,Mohanyal,KAILALI,Sudurpaschim,local_unit_exact_district_palika,Resolved using local_unit shapefile centroid; UNFPA name retained.
Sudurpaschim,Kailali,Tikapur Municipality,28.48506369,81.08829575,local_unit_shapefile_centroid,local_unit_confirmed,Tikapur,KAILALI,Sudurpaschim,local_unit_exact_district_palika,Resolved using local_unit shapefile centroid; UNFPA name retained.
Sudurpaschim,Kanchanpur,Bedkot Municipality,28.99361730,80.27223407,local_unit_shapefile_centroid,local_unit_confirmed,Bedkot,KANCHANPUR,Sudurpaschim,local_unit_exact_district_palika,Resolved using local_unit shapefile centroid; UNFPA name retained.
Sudurpaschim,Kanchanpur,Beldandi Rural Municipality,28.77342543,80.26505661,local_unit_shapefile_centroid,local_unit_confirmed,Beldandi,KANCHANPUR,Sudurpaschim,local_unit_exact_district_palika,Resolved using local_unit shapefile centroid; UNFPA name retained.
Sudurpaschim,Kanchanpur,Belouri Municipality,28.70025919,80.35420591,local_unit_shapefile_centroid,local_unit_review_variant,Belauri,KANCHANPUR,Sudurpaschim,local_unit_fuzzy_same_district,Resolved using local_unit shapefile centroid; UNFPA name retained; source name/renaming variant should be reviewed.
Sudurpaschim,Kanchanpur,Bhimdatta Municipality,29.00669914,80.16958475,local_unit_shapefile_centroid,local_unit_confirmed,Bhimdatta,KANCHANPUR,Sudurpaschim,local_unit_exact_district_palika,Resolved using local_unit shapefile centroid; UNFPA name retained.
Sudurpaschim,Kanchanpur,Krishnapur Municipality,28.86112613,80.47071989,local_unit_shapefile_centroid,local_unit_confirmed,Krishnapur,KANCHANPUR,Sudurpaschim,local_unit_exact_district_palika,Resolved using local_unit shapefile centroid; UNFPA name retained.
Sudurpaschim,Kanchanpur,Laljhadi Rural Municipality,28.76177781,80.42948303,local_unit_shapefile_centroid,local_unit_confirmed,Laljhadi,KANCHANPUR,Sudurpaschim,local_unit_exact_district_palika,Resolved using local_unit shapefile centroid; UNFPA name retained.
Sudurpaschim,Kanchanpur,Mahakali Municipality,28.89602589,80.08618507,local_unit_shapefile_centroid,local_unit_confirmed,Mahakali,KANCHANPUR,Sudurpaschim,local_unit_exact_district_palika,Resolved using local_unit shapefile centroid; UNFPA name retained.
Sudurpaschim,Kanchanpur,Punarbas Municipality,28.64761410,80.47865435,local_unit_shapefile_centroid,local_unit_confirmed,Punarbas,KANCHANPUR,Sudurpaschim,local_unit_exact_district_palika,Resolved using local_unit shapefile centroid; UNFPA name retained.
Sudurpaschim,Kanchanpur,Shuklaphanta Municipality,28.92867197,80.37978585,local_unit_shapefile_centroid,local_unit_confirmed,Shuklaphanta,KANCHANPUR,Sudurpaschim,local_unit_exact_district_palika,Resolved using local_unit shapefile centroid; UNFPA name retained.
