source_file,source_sheet,source_row,ip_name,field_to_fix,current_value,proposed_value,fix_type,confidence,evidence_source,rationale,requires_human_approval,me_review_status,me_comments,approved_by,approved_date
unresolved_mapping_review.csv,unresolved,2,Aasaman Nepal,activity_indicator_mapping,missing,needs clarification,activity_indicator_mapping,high,unresolved_mapping_review.csv,No matching entry in canonical crosswalk.,true,pending_review,,,
unresolved_mapping_review.csv,unresolved,3,Aasaman Nepal,activity_indicator_mapping,missing,needs clarification,activity_indicator_mapping,high,unresolved_mapping_review.csv,No matching entry in canonical crosswalk.,true,pending_review,,,
unresolved_mapping_review.csv,unresolved,4,Aasaman Nepal,activity_indicator_mapping,missing,needs clarification,activity_indicator_mapping,high,unresolved_mapping_review.csv,No matching entry in canonical crosswalk.,true,pending_review,,,
unresolved_mapping_review.csv,unresolved,5,Aasaman Nepal,activity_indicator_mapping,missing,needs clarification,activity_indicator_mapping,high,unresolved_mapping_review.csv,No matching entry in canonical crosswalk.,true,pending_review,,,
unresolved_mapping_review.csv,unresolved,6,Aasaman Nepal,activity_indicator_mapping,missing,needs clarification,activity_indicator_mapping,high,unresolved_mapping_review.csv,No matching entry in canonical crosswalk.,true,pending_review,,,
unresolved_mapping_review.csv,unresolved,7,Aasaman Nepal,activity_indicator_mapping,missing,needs clarification,activity_indicator_mapping,high,unresolved_mapping_review.csv,No matching entry in canonical crosswalk.,true,pending_review,,,
unresolved_mapping_review.csv,unresolved,8,Aasaman Nepal,activity_indicator_mapping,missing,needs clarification,activity_indicator_mapping,high,unresolved_mapping_review.csv,No matching entry in canonical crosswalk.,true,pending_review,,,
unresolved_mapping_review.csv,unresolved,9,Aasaman Nepal,activity_indicator_mapping,missing,needs clarification,activity_indicator_mapping,high,unresolved_mapping_review.csv,No matching entry in canonical crosswalk.,true,pending_review,,,
unresolved_mapping_review.csv,unresolved,10,Aasaman Nepal,activity_indicator_mapping,missing,needs clarification,activity_indicator_mapping,high,unresolved_mapping_review.csv,No matching entry in canonical crosswalk.,true,pending_review,,,
unresolved_mapping_review.csv,unresolved,11,Aasaman Nepal,activity_indicator_mapping,missing,needs clarification,activity_indicator_mapping,high,unresolved_mapping_review.csv,No matching entry in canonical crosswalk.,true,pending_review,,,
unresolved_mapping_review.csv,unresolved,12,Aasaman Nepal,activity_indicator_mapping,missing,needs clarification,activity_indicator_mapping,high,unresolved_mapping_review.csv,No matching entry in canonical crosswalk.,true,pending_review,,,
unresolved_mapping_review.csv,unresolved,13,Aasaman Nepal,activity_indicator_mapping,missing,needs clarification,activity_indicator_mapping,high,unresolved_mapping_review.csv,No matching entry in canonical crosswalk.,true,pending_review,,,
unresolved_mapping_review.csv,unresolved,14,Aasaman Nepal,activity_indicator_mapping,missing,needs clarification,activity_indicator_mapping,high,unresolved_mapping_review.csv,No matching entry in canonical crosswalk.,true,pending_review,,,
unresolved_mapping_review.csv,unresolved,15,Aasaman Nepal,activity_indicator_mapping,missing,needs clarification,activity_indicator_mapping,high,unresolved_mapping_review.csv,No matching entry in canonical crosswalk.,true,pending_review,,,
unresolved_mapping_review.csv,unresolved,16,Aasaman Nepal,activity_indicator_mapping,missing,needs clarification,activity_indicator_mapping,high,unresolved_mapping_review.csv,No matching entry in canonical crosswalk.,true,pending_review,,,
unresolved_mapping_review.csv,unresolved,17,Aasaman Nepal,activity_indicator_mapping,missing,needs clarification,activity_indicator_mapping,high,unresolved_mapping_review.csv,No matching entry in canonical crosswalk.,true,pending_review,,,
unresolved_mapping_review.csv,unresolved,18,Aasaman Nepal,activity_indicator_mapping,missing,needs clarification,activity_indicator_mapping,high,unresolved_mapping_review.csv,No matching entry in canonical crosswalk.,true,pending_review,,,
unresolved_mapping_review.csv,unresolved,19,Aasaman Nepal,activity_indicator_mapping,missing,needs clarification,activity_indicator_mapping,high,unresolved_mapping_review.csv,No matching entry in canonical crosswalk.,true,pending_review,,,
unresolved_mapping_review.csv,unresolved,20,Aasaman Nepal,activity_indicator_mapping,missing,needs clarification,activity_indicator_mapping,high,unresolved_mapping_review.csv,No matching entry in canonical crosswalk.,true,pending_review,,,
unresolved_mapping_review.csv,unresolved,21,Aasaman Nepal,activity_indicator_mapping,missing,needs clarification,activity_indicator_mapping,high,unresolved_mapping_review.csv,No matching entry in canonical crosswalk.,true,pending_review,,,
unresolved_mapping_review.csv,unresolved,22,Aasaman Nepal,activity_indicator_mapping,missing,needs clarification,activity_indicator_mapping,high,unresolved_mapping_review.csv,No matching entry in canonical crosswalk.,true,pending_review,,,
unresolved_mapping_review.csv,unresolved,23,Aasaman Nepal,activity_indicator_mapping,missing,needs clarification,activity_indicator_mapping,high,unresolved_mapping_review.csv,No matching entry in canonical crosswalk.,true,pending_review,,,
unresolved_mapping_review.csv,unresolved,24,Aasaman Nepal,activity_indicator_mapping,missing,needs clarification,activity_indicator_mapping,high,unresolved_mapping_review.csv,No matching entry in canonical crosswalk.,true,pending_review,,,
unresolved_mapping_review.csv,unresolved,25,Aasaman Nepal,activity_indicator_mapping,missing,needs clarification,activity_indicator_mapping,high,unresolved_mapping_review.csv,No matching entry in canonical crosswalk.,true,pending_review,,,
unresolved_mapping_review.csv,unresolved,26,Aasaman Nepal,activity_indicator_mapping,missing,needs clarification,activity_indicator_mapping,high,unresolved_mapping_review.csv,No matching entry in canonical crosswalk.,true,pending_review,,,
unresolved_mapping_review.csv,unresolved,27,Aasaman Nepal,activity_indicator_mapping,missing,needs clarification,activity_indicator_mapping,high,unresolved_mapping_review.csv,No matching entry in canonical crosswalk.,true,pending_review,,,
unresolved_mapping_review.csv,unresolved,28,Aasaman Nepal,activity_indicator_mapping,missing,needs clarification,activity_indicator_mapping,high,unresolved_mapping_review.csv,No matching entry in canonical crosswalk.,true,pending_review,,,
unresolved_mapping_review.csv,unresolved,29,Aasaman Nepal,activity_indicator_mapping,missing,needs clarification,activity_indicator_mapping,high,unresolved_mapping_review.csv,No matching entry in canonical crosswalk.,true,pending_review,,,
unresolved_mapping_review.csv,unresolved,30,Aasaman Nepal,activity_indicator_mapping,missing,needs clarification,activity_indicator_mapping,high,unresolved_mapping_review.csv,No matching entry in canonical crosswalk.,true,pending_review,,,
unresolved_mapping_review.csv,unresolved,31,Aasaman Nepal,activity_indicator_mapping,missing,needs clarification,activity_indicator_mapping,high,unresolved_mapping_review.csv,No matching entry in canonical crosswalk.,true,pending_review,,,
unresolved_mapping_review.csv,unresolved,32,Aasaman Nepal,activity_indicator_mapping,missing,needs clarification,activity_indicator_mapping,high,unresolved_mapping_review.csv,No matching entry in canonical crosswalk.,true,pending_review,,,
unresolved_mapping_review.csv,unresolved,33,Aasaman Nepal,activity_indicator_mapping,missing,needs clarification,activity_indicator_mapping,high,unresolved_mapping_review.csv,No matching entry in canonical crosswalk.,true,pending_review,,,
unresolved_mapping_review.csv,unresolved,34,Aasaman Nepal,activity_indicator_mapping,missing,needs clarification,activity_indicator_mapping,high,unresolved_mapping_review.csv,No matching entry in canonical crosswalk.,true,pending_review,,,
unresolved_mapping_review.csv,unresolved,35,Aasaman Nepal,activity_indicator_mapping,missing,needs clarification,activity_indicator_mapping,high,unresolved_mapping_review.csv,No matching entry in canonical crosswalk.,true,pending_review,,,
unresolved_mapping_review.csv,unresolved,36,Aasaman Nepal,activity_indicator_mapping,missing,needs clarification,activity_indicator_mapping,high,unresolved_mapping_review.csv,No matching entry in canonical crosswalk.,true,pending_review,,,
unresolved_mapping_review.csv,unresolved,37,Aasaman Nepal,activity_indicator_mapping,missing,needs clarification,activity_indicator_mapping,high,unresolved_mapping_review.csv,No matching entry in canonical crosswalk.,true,pending_review,,,
unresolved_mapping_review.csv,unresolved,38,Aasaman Nepal,activity_indicator_mapping,missing,needs clarification,activity_indicator_mapping,high,unresolved_mapping_review.csv,No matching entry in canonical crosswalk.,true,pending_review,,,
unresolved_mapping_review.csv,unresolved,39,Aasaman Nepal,activity_indicator_mapping,missing,needs clarification,activity_indicator_mapping,high,unresolved_mapping_review.csv,No matching entry in canonical crosswalk.,true,pending_review,,,
unresolved_mapping_review.csv,unresolved,40,Aasaman Nepal,activity_indicator_mapping,missing,needs clarification,activity_indicator_mapping,high,unresolved_mapping_review.csv,No matching entry in canonical crosswalk.,true,pending_review,,,
unresolved_mapping_review.csv,unresolved,41,Aasaman Nepal,activity_indicator_mapping,missing,needs clarification,activity_indicator_mapping,high,unresolved_mapping_review.csv,No matching entry in canonical crosswalk.,true,pending_review,,,
unresolved_mapping_review.csv,unresolved,42,Aasaman Nepal,activity_indicator_mapping,missing,needs clarification,activity_indicator_mapping,high,unresolved_mapping_review.csv,No matching entry in canonical crosswalk.,true,pending_review,,,
unresolved_mapping_review.csv,unresolved,43,Aasaman Nepal,activity_indicator_mapping,missing,needs clarification,activity_indicator_mapping,high,unresolved_mapping_review.csv,No matching entry in canonical crosswalk.,true,pending_review,,,
unresolved_mapping_review.csv,unresolved,44,Aasaman Nepal,activity_indicator_mapping,missing,needs clarification,activity_indicator_mapping,high,unresolved_mapping_review.csv,No matching entry in canonical crosswalk.,true,pending_review,,,
unresolved_mapping_review.csv,unresolved,45,Aasaman Nepal,activity_indicator_mapping,missing,needs clarification,activity_indicator_mapping,high,unresolved_mapping_review.csv,No matching entry in canonical crosswalk.,true,pending_review,,,
unresolved_mapping_review.csv,unresolved,46,Aasaman Nepal,activity_indicator_mapping,missing,needs clarification,activity_indicator_mapping,high,unresolved_mapping_review.csv,No matching entry in canonical crosswalk.,true,pending_review,,,
unresolved_mapping_review.csv,unresolved,47,Aasaman Nepal,activity_indicator_mapping,missing,needs clarification,activity_indicator_mapping,high,unresolved_mapping_review.csv,No matching entry in canonical crosswalk.,true,pending_review,,,
unresolved_mapping_review.csv,unresolved,48,Aasaman Nepal,activity_indicator_mapping,missing,needs clarification,activity_indicator_mapping,high,unresolved_mapping_review.csv,No matching entry in canonical crosswalk.,true,pending_review,,,
unresolved_mapping_review.csv,unresolved,49,Aasaman Nepal,activity_indicator_mapping,missing,needs clarification,activity_indicator_mapping,high,unresolved_mapping_review.csv,No matching entry in canonical crosswalk.,true,pending_review,,,
unresolved_mapping_review.csv,unresolved,50,Aasaman Nepal,activity_indicator_mapping,missing,needs clarification,activity_indicator_mapping,high,unresolved_mapping_review.csv,No matching entry in canonical crosswalk.,true,pending_review,,,
unresolved_mapping_review.csv,unresolved,51,Aasaman Nepal,activity_indicator_mapping,missing,needs clarification,activity_indicator_mapping,high,unresolved_mapping_review.csv,No matching entry in canonical crosswalk.,true,pending_review,,,
unresolved_mapping_review.csv,unresolved,52,Aasaman Nepal,activity_indicator_mapping,missing,needs clarification,activity_indicator_mapping,high,unresolved_mapping_review.csv,No matching entry in canonical crosswalk.,true,pending_review,,,
unresolved_mapping_review.csv,unresolved,53,Aasaman Nepal,activity_indicator_mapping,missing,needs clarification,activity_indicator_mapping,high,unresolved_mapping_review.csv,No matching entry in canonical crosswalk.,true,pending_review,,,
unresolved_mapping_review.csv,unresolved,54,ADRA Nepal,activity_indicator_mapping,missing,needs clarification,activity_indicator_mapping,high,unresolved_mapping_review.csv,No matching entry in canonical crosswalk.,true,pending_review,,,
unresolved_mapping_review.csv,unresolved,55,ADRA Nepal,activity_indicator_mapping,missing,needs clarification,activity_indicator_mapping,high,unresolved_mapping_review.csv,No matching entry in canonical crosswalk.,true,pending_review,,,
unresolved_mapping_review.csv,unresolved,56,ADRA Nepal,activity_indicator_mapping,missing,needs clarification,activity_indicator_mapping,high,unresolved_mapping_review.csv,No matching entry in canonical crosswalk.,true,pending_review,,,
unresolved_mapping_review.csv,unresolved,57,ADRA Nepal,activity_indicator_mapping,missing,needs clarification,activity_indicator_mapping,high,unresolved_mapping_review.csv,No matching entry in canonical crosswalk.,true,pending_review,,,
unresolved_mapping_review.csv,unresolved,58,ADRA Nepal,activity_indicator_mapping,missing,needs clarification,activity_indicator_mapping,high,unresolved_mapping_review.csv,No matching entry in canonical crosswalk.,true,pending_review,,,
unresolved_mapping_review.csv,unresolved,59,ADRA Nepal,activity_indicator_mapping,missing,needs clarification,activity_indicator_mapping,high,unresolved_mapping_review.csv,No matching entry in canonical crosswalk.,true,pending_review,,,
unresolved_mapping_review.csv,unresolved,60,ADRA Nepal,activity_indicator_mapping,missing,needs clarification,activity_indicator_mapping,high,unresolved_mapping_review.csv,No matching entry in canonical crosswalk.,true,pending_review,,,
unresolved_mapping_review.csv,unresolved,61,ADRA Nepal,activity_indicator_mapping,missing,needs clarification,activity_indicator_mapping,high,unresolved_mapping_review.csv,No matching entry in canonical crosswalk.,true,pending_review,,,
unresolved_mapping_review.csv,unresolved,62,ADRA Nepal,activity_indicator_mapping,missing,needs clarification,activity_indicator_mapping,high,unresolved_mapping_review.csv,No matching entry in canonical crosswalk.,true,pending_review,,,
unresolved_mapping_review.csv,unresolved,63,ADRA Nepal,activity_indicator_mapping,missing,needs clarification,activity_indicator_mapping,high,unresolved_mapping_review.csv,No matching entry in canonical crosswalk.,true,pending_review,,,
unresolved_mapping_review.csv,unresolved,64,ADRA Nepal,activity_indicator_mapping,missing,needs clarification,activity_indicator_mapping,high,unresolved_mapping_review.csv,No matching entry in canonical crosswalk.,true,pending_review,,,
unresolved_mapping_review.csv,unresolved,65,ADRA Nepal,activity_indicator_mapping,missing,needs clarification,activity_indicator_mapping,high,unresolved_mapping_review.csv,No matching entry in canonical crosswalk.,true,pending_review,,,
unresolved_mapping_review.csv,unresolved,66,ADRA Nepal,activity_indicator_mapping,missing,needs clarification,activity_indicator_mapping,high,unresolved_mapping_review.csv,No matching entry in canonical crosswalk.,true,pending_review,,,
unresolved_mapping_review.csv,unresolved,67,ADRA Nepal,activity_indicator_mapping,missing,needs clarification,activity_indicator_mapping,high,unresolved_mapping_review.csv,No matching entry in canonical crosswalk.,true,pending_review,,,
unresolved_mapping_review.csv,unresolved,68,ADRA Nepal,activity_indicator_mapping,missing,needs clarification,activity_indicator_mapping,high,unresolved_mapping_review.csv,No matching entry in canonical crosswalk.,true,pending_review,,,
unresolved_mapping_review.csv,unresolved,69,ADRA Nepal,activity_indicator_mapping,missing,needs clarification,activity_indicator_mapping,high,unresolved_mapping_review.csv,No matching entry in canonical crosswalk.,true,pending_review,,,
unresolved_mapping_review.csv,unresolved,70,ADRA Nepal,activity_indicator_mapping,missing,needs clarification,activity_indicator_mapping,high,unresolved_mapping_review.csv,No matching entry in canonical crosswalk.,true,pending_review,,,
unresolved_mapping_review.csv,unresolved,71,ADRA Nepal,activity_indicator_mapping,missing,needs clarification,activity_indicator_mapping,high,unresolved_mapping_review.csv,No matching entry in canonical crosswalk.,true,pending_review,,,
unresolved_mapping_review.csv,unresolved,72,ADRA Nepal,activity_indicator_mapping,missing,needs clarification,activity_indicator_mapping,high,unresolved_mapping_review.csv,No matching entry in canonical crosswalk.,true,pending_review,,,
unresolved_mapping_review.csv,unresolved,73,ADRA Nepal,activity_indicator_mapping,missing,needs clarification,activity_indicator_mapping,high,unresolved_mapping_review.csv,No matching entry in canonical crosswalk.,true,pending_review,,,
unresolved_mapping_review.csv,unresolved,74,ADRA Nepal,activity_indicator_mapping,missing,needs clarification,activity_indicator_mapping,high,unresolved_mapping_review.csv,No matching entry in canonical crosswalk.,true,pending_review,,,
unresolved_mapping_review.csv,unresolved,75,ADRA Nepal,activity_indicator_mapping,missing,needs clarification,activity_indicator_mapping,high,unresolved_mapping_review.csv,No matching entry in canonical crosswalk.,true,pending_review,,,
unresolved_mapping_review.csv,unresolved,76,ADRA Nepal,activity_indicator_mapping,missing,needs clarification,activity_indicator_mapping,high,unresolved_mapping_review.csv,No matching entry in canonical crosswalk.,true,pending_review,,,
unresolved_mapping_review.csv,unresolved,77,ADRA Nepal,activity_indicator_mapping,missing,needs clarification,activity_indicator_mapping,high,unresolved_mapping_review.csv,No matching entry in canonical crosswalk.,true,pending_review,,,
unresolved_mapping_review.csv,unresolved,78,ADRA Nepal,activity_indicator_mapping,missing,needs clarification,activity_indicator_mapping,high,unresolved_mapping_review.csv,No matching entry in canonical crosswalk.,true,pending_review,,,
unresolved_mapping_review.csv,unresolved,79,ADRA Nepal,activity_indicator_mapping,missing,needs clarification,activity_indicator_mapping,high,unresolved_mapping_review.csv,No matching entry in canonical crosswalk.,true,pending_review,,,
unresolved_mapping_review.csv,unresolved,80,ADRA Nepal,activity_indicator_mapping,missing,needs clarification,activity_indicator_mapping,high,unresolved_mapping_review.csv,No matching entry in canonical crosswalk.,true,pending_review,,,
unresolved_mapping_review.csv,unresolved,81,ADRA Nepal,activity_indicator_mapping,missing,needs clarification,activity_indicator_mapping,high,unresolved_mapping_review.csv,No matching entry in canonical crosswalk.,true,pending_review,,,
unresolved_mapping_review.csv,unresolved,82,ADRA Nepal,activity_indicator_mapping,missing,needs clarification,activity_indicator_mapping,high,unresolved_mapping_review.csv,No matching entry in canonical crosswalk.,true,pending_review,,,
unresolved_mapping_review.csv,unresolved,83,ADRA Nepal,activity_indicator_mapping,missing,needs clarification,activity_indicator_mapping,high,unresolved_mapping_review.csv,No matching entry in canonical crosswalk.,true,pending_review,,,
unresolved_mapping_review.csv,unresolved,84,ADRA Nepal,activity_indicator_mapping,missing,needs clarification,activity_indicator_mapping,high,unresolved_mapping_review.csv,No matching entry in canonical crosswalk.,true,pending_review,,,
unresolved_mapping_review.csv,unresolved,85,ADRA Nepal,activity_indicator_mapping,missing,needs clarification,activity_indicator_mapping,high,unresolved_mapping_review.csv,No matching entry in canonical crosswalk.,true,pending_review,,,
unresolved_mapping_review.csv,unresolved,86,ADRA Nepal,activity_indicator_mapping,missing,needs clarification,activity_indicator_mapping,high,unresolved_mapping_review.csv,No matching entry in canonical crosswalk.,true,pending_review,,,
unresolved_mapping_review.csv,unresolved,87,ADRA Nepal,activity_indicator_mapping,missing,needs clarification,activity_indicator_mapping,high,unresolved_mapping_review.csv,No matching entry in canonical crosswalk.,true,pending_review,,,
unresolved_mapping_review.csv,unresolved,88,ADRA Nepal,activity_indicator_mapping,missing,needs clarification,activity_indicator_mapping,high,unresolved_mapping_review.csv,No matching entry in canonical crosswalk.,true,pending_review,,,
unresolved_mapping_review.csv,unresolved,89,ADRA Nepal,activity_indicator_mapping,missing,needs clarification,activity_indicator_mapping,high,unresolved_mapping_review.csv,No matching entry in canonical crosswalk.,true,pending_review,,,
unresolved_mapping_review.csv,unresolved,90,ADRA Nepal,activity_indicator_mapping,missing,needs clarification,activity_indicator_mapping,high,unresolved_mapping_review.csv,No matching entry in canonical crosswalk.,true,pending_review,,,
unresolved_mapping_review.csv,unresolved,91,ADRA Nepal,activity_indicator_mapping,missing,needs clarification,activity_indicator_mapping,high,unresolved_mapping_review.csv,No matching entry in canonical crosswalk.,true,pending_review,,,
unresolved_mapping_review.csv,unresolved,92,ADRA Nepal,activity_indicator_mapping,missing,needs clarification,activity_indicator_mapping,high,unresolved_mapping_review.csv,No matching entry in canonical crosswalk.,true,pending_review,,,
unresolved_mapping_review.csv,unresolved,93,ADRA Nepal,activity_indicator_mapping,missing,needs clarification,activity_indicator_mapping,high,unresolved_mapping_review.csv,No matching entry in canonical crosswalk.,true,pending_review,,,
unresolved_mapping_review.csv,unresolved,94,ADRA Nepal,activity_indicator_mapping,missing,needs clarification,activity_indicator_mapping,high,unresolved_mapping_review.csv,No matching entry in canonical crosswalk.,true,pending_review,,,
unresolved_mapping_review.csv,unresolved,95,CMC Nepal,activity_indicator_mapping,missing,needs clarification,activity_indicator_mapping,high,unresolved_mapping_review.csv,No matching entry in canonical crosswalk.,true,pending_review,,,
unresolved_mapping_review.csv,unresolved,96,CMC Nepal,activity_indicator_mapping,missing,needs clarification,activity_indicator_mapping,high,unresolved_mapping_review.csv,No matching entry in canonical crosswalk.,true,pending_review,,,
unresolved_mapping_review.csv,unresolved,97,CMC Nepal,activity_indicator_mapping,missing,needs clarification,activity_indicator_mapping,high,unresolved_mapping_review.csv,No matching entry in canonical crosswalk.,true,pending_review,,,
unresolved_mapping_review.csv,unresolved,98,CMC Nepal,activity_indicator_mapping,missing,needs clarification,activity_indicator_mapping,high,unresolved_mapping_review.csv,No matching entry in canonical crosswalk.,true,pending_review,,,
unresolved_mapping_review.csv,unresolved,99,CMC Nepal,activity_indicator_mapping,missing,needs clarification,activity_indicator_mapping,high,unresolved_mapping_review.csv,No matching entry in canonical crosswalk.,true,pending_review,,,
unresolved_mapping_review.csv,unresolved,100,CMC Nepal,activity_indicator_mapping,missing,needs clarification,activity_indicator_mapping,high,unresolved_mapping_review.csv,No matching entry in canonical crosswalk.,true,pending_review,,,
unresolved_mapping_review.csv,unresolved,101,CMC Nepal,activity_indicator_mapping,missing,needs clarification,activity_indicator_mapping,high,unresolved_mapping_review.csv,No matching entry in canonical crosswalk.,true,pending_review,,,
unresolved_mapping_review.csv,unresolved,102,CMC Nepal,activity_indicator_mapping,missing,needs clarification,activity_indicator_mapping,high,unresolved_mapping_review.csv,No matching entry in canonical crosswalk.,true,pending_review,,,
unresolved_mapping_review.csv,unresolved,103,CMC Nepal,activity_indicator_mapping,missing,needs clarification,activity_indicator_mapping,high,unresolved_mapping_review.csv,No matching entry in canonical crosswalk.,true,pending_review,,,
unresolved_mapping_review.csv,unresolved,104,CMC Nepal,activity_indicator_mapping,missing,needs clarification,activity_indicator_mapping,high,unresolved_mapping_review.csv,No matching entry in canonical crosswalk.,true,pending_review,,,
unresolved_mapping_review.csv,unresolved,105,CMC Nepal,activity_indicator_mapping,missing,needs clarification,activity_indicator_mapping,high,unresolved_mapping_review.csv,No matching entry in canonical crosswalk.,true,pending_review,,,
unresolved_mapping_review.csv,unresolved,106,CMC Nepal,activity_indicator_mapping,missing,needs clarification,activity_indicator_mapping,high,unresolved_mapping_review.csv,No matching entry in canonical crosswalk.,true,pending_review,,,
unresolved_mapping_review.csv,unresolved,107,CMC Nepal,activity_indicator_mapping,missing,needs clarification,activity_indicator_mapping,high,unresolved_mapping_review.csv,No matching entry in canonical crosswalk.,true,pending_review,,,
unresolved_mapping_review.csv,unresolved,108,CMC Nepal,activity_indicator_mapping,missing,needs clarification,activity_indicator_mapping,high,unresolved_mapping_review.csv,No matching entry in canonical crosswalk.,true,pending_review,,,
unresolved_mapping_review.csv,unresolved,109,CMC Nepal,activity_indicator_mapping,missing,needs clarification,activity_indicator_mapping,high,unresolved_mapping_review.csv,No matching entry in canonical crosswalk.,true,pending_review,,,
unresolved_mapping_review.csv,unresolved,110,CMC Nepal,activity_indicator_mapping,missing,needs clarification,activity_indicator_mapping,high,unresolved_mapping_review.csv,No matching entry in canonical crosswalk.,true,pending_review,,,
unresolved_mapping_review.csv,unresolved,111,CMC Nepal,activity_indicator_mapping,missing,needs clarification,activity_indicator_mapping,high,unresolved_mapping_review.csv,No matching entry in canonical crosswalk.,true,pending_review,,,
unresolved_mapping_review.csv,unresolved,112,CMC Nepal,activity_indicator_mapping,missing,needs clarification,activity_indicator_mapping,high,unresolved_mapping_review.csv,No matching entry in canonical crosswalk.,true,pending_review,,,
unresolved_mapping_review.csv,unresolved,113,CMC Nepal,activity_indicator_mapping,missing,needs clarification,activity_indicator_mapping,high,unresolved_mapping_review.csv,No matching entry in canonical crosswalk.,true,pending_review,,,
unresolved_mapping_review.csv,unresolved,114,CMC Nepal,activity_indicator_mapping,missing,needs clarification,activity_indicator_mapping,high,unresolved_mapping_review.csv,No matching entry in canonical crosswalk.,true,pending_review,,,
unresolved_mapping_review.csv,unresolved,115,CMC Nepal,activity_indicator_mapping,missing,needs clarification,activity_indicator_mapping,high,unresolved_mapping_review.csv,No matching entry in canonical crosswalk.,true,pending_review,,,
unresolved_mapping_review.csv,unresolved,116,CMC Nepal,activity_indicator_mapping,missing,needs clarification,activity_indicator_mapping,high,unresolved_mapping_review.csv,No matching entry in canonical crosswalk.,true,pending_review,,,
unresolved_mapping_review.csv,unresolved,117,CMC Nepal,activity_indicator_mapping,missing,needs clarification,activity_indicator_mapping,high,unresolved_mapping_review.csv,No matching entry in canonical crosswalk.,true,pending_review,,,
unresolved_mapping_review.csv,unresolved,118,CMC Nepal,activity_indicator_mapping,missing,needs clarification,activity_indicator_mapping,high,unresolved_mapping_review.csv,No matching entry in canonical crosswalk.,true,pending_review,,,
unresolved_mapping_review.csv,unresolved,119,CMC Nepal,activity_indicator_mapping,missing,needs clarification,activity_indicator_mapping,high,unresolved_mapping_review.csv,No matching entry in canonical crosswalk.,true,pending_review,,,
unresolved_mapping_review.csv,unresolved,120,CMC Nepal,activity_indicator_mapping,missing,needs clarification,activity_indicator_mapping,high,unresolved_mapping_review.csv,No matching entry in canonical crosswalk.,true,pending_review,,,
unresolved_mapping_review.csv,unresolved,121,CMC Nepal,activity_indicator_mapping,missing,needs clarification,activity_indicator_mapping,high,unresolved_mapping_review.csv,No matching entry in canonical crosswalk.,true,pending_review,,,
unresolved_mapping_review.csv,unresolved,122,CMC Nepal,activity_indicator_mapping,missing,needs clarification,activity_indicator_mapping,high,unresolved_mapping_review.csv,No matching entry in canonical crosswalk.,true,pending_review,,,
unresolved_mapping_review.csv,unresolved,123,CMC Nepal,activity_indicator_mapping,missing,needs clarification,activity_indicator_mapping,high,unresolved_mapping_review.csv,No matching entry in canonical crosswalk.,true,pending_review,,,
unresolved_mapping_review.csv,unresolved,124,CMC Nepal,activity_indicator_mapping,missing,needs clarification,activity_indicator_mapping,high,unresolved_mapping_review.csv,No matching entry in canonical crosswalk.,true,pending_review,,,
unresolved_mapping_review.csv,unresolved,125,CMC Nepal,activity_indicator_mapping,missing,needs clarification,activity_indicator_mapping,high,unresolved_mapping_review.csv,No matching entry in canonical crosswalk.,true,pending_review,,,
unresolved_mapping_review.csv,unresolved,126,CMC Nepal,activity_indicator_mapping,missing,needs clarification,activity_indicator_mapping,high,unresolved_mapping_review.csv,No matching entry in canonical crosswalk.,true,pending_review,,,
unresolved_mapping_review.csv,unresolved,127,CMC Nepal,activity_indicator_mapping,missing,needs clarification,activity_indicator_mapping,high,unresolved_mapping_review.csv,No matching entry in canonical crosswalk.,true,pending_review,,,
unresolved_mapping_review.csv,unresolved,128,CMC Nepal,activity_indicator_mapping,missing,needs clarification,activity_indicator_mapping,high,unresolved_mapping_review.csv,No matching entry in canonical crosswalk.,true,pending_review,,,
unresolved_mapping_review.csv,unresolved,129,CMC Nepal,activity_indicator_mapping,missing,needs clarification,activity_indicator_mapping,high,unresolved_mapping_review.csv,No matching entry in canonical crosswalk.,true,pending_review,,,
unresolved_mapping_review.csv,unresolved,130,CMC Nepal,activity_indicator_mapping,missing,needs clarification,activity_indicator_mapping,high,unresolved_mapping_review.csv,No matching entry in canonical crosswalk.,true,pending_review,,,
unresolved_mapping_review.csv,unresolved,131,CMC Nepal,activity_indicator_mapping,missing,needs clarification,activity_indicator_mapping,high,unresolved_mapping_review.csv,No matching entry in canonical crosswalk.,true,pending_review,,,
unresolved_mapping_review.csv,unresolved,132,SAATHI,activity_indicator_mapping,missing,needs clarification,activity_indicator_mapping,high,unresolved_mapping_review.csv,No matching entry in canonical crosswalk.,true,pending_review,,,
unresolved_mapping_review.csv,unresolved,133,SAATHI,activity_indicator_mapping,missing,needs clarification,activity_indicator_mapping,high,unresolved_mapping_review.csv,No matching entry in canonical crosswalk.,true,pending_review,,,
unresolved_mapping_review.csv,unresolved,134,SAATHI,activity_indicator_mapping,missing,needs clarification,activity_indicator_mapping,high,unresolved_mapping_review.csv,No matching entry in canonical crosswalk.,true,pending_review,,,
unresolved_mapping_review.csv,unresolved,135,SAATHI,activity_indicator_mapping,missing,needs clarification,activity_indicator_mapping,high,unresolved_mapping_review.csv,No matching entry in canonical crosswalk.,true,pending_review,,,
unresolved_mapping_review.csv,unresolved,136,SAATHI,activity_indicator_mapping,missing,needs clarification,activity_indicator_mapping,high,unresolved_mapping_review.csv,No matching entry in canonical crosswalk.,true,pending_review,,,
unresolved_mapping_review.csv,unresolved,137,SAATHI,activity_indicator_mapping,missing,needs clarification,activity_indicator_mapping,high,unresolved_mapping_review.csv,No matching entry in canonical crosswalk.,true,pending_review,,,
unresolved_mapping_review.csv,unresolved,138,SAATHI,activity_indicator_mapping,missing,needs clarification,activity_indicator_mapping,high,unresolved_mapping_review.csv,No matching entry in canonical crosswalk.,true,pending_review,,,
unresolved_mapping_review.csv,unresolved,139,SAATHI,activity_indicator_mapping,missing,needs clarification,activity_indicator_mapping,high,unresolved_mapping_review.csv,No matching entry in canonical crosswalk.,true,pending_review,,,
unresolved_mapping_review.csv,unresolved,140,SAATHI,activity_indicator_mapping,missing,needs clarification,activity_indicator_mapping,high,unresolved_mapping_review.csv,No matching entry in canonical crosswalk.,true,pending_review,,,
unresolved_mapping_review.csv,unresolved,141,SAATHI,activity_indicator_mapping,missing,needs clarification,activity_indicator_mapping,high,unresolved_mapping_review.csv,No matching entry in canonical crosswalk.,true,pending_review,,,
unresolved_mapping_review.csv,unresolved,142,SAATHI,activity_indicator_mapping,missing,needs clarification,activity_indicator_mapping,high,unresolved_mapping_review.csv,No matching entry in canonical crosswalk.,true,pending_review,,,
unresolved_mapping_review.csv,unresolved,143,SAATHI,activity_indicator_mapping,missing,needs clarification,activity_indicator_mapping,high,unresolved_mapping_review.csv,No matching entry in canonical crosswalk.,true,pending_review,,,
unresolved_mapping_review.csv,unresolved,144,SAATHI,activity_indicator_mapping,missing,needs clarification,activity_indicator_mapping,high,unresolved_mapping_review.csv,No matching entry in canonical crosswalk.,true,pending_review,,,
unresolved_mapping_review.csv,unresolved,145,SAATHI,activity_indicator_mapping,missing,needs clarification,activity_indicator_mapping,high,unresolved_mapping_review.csv,No matching entry in canonical crosswalk.,true,pending_review,,,
unresolved_mapping_review.csv,unresolved,146,SAATHI,activity_indicator_mapping,missing,needs clarification,activity_indicator_mapping,high,unresolved_mapping_review.csv,No matching entry in canonical crosswalk.,true,pending_review,,,
unresolved_mapping_review.csv,unresolved,147,SAATHI,activity_indicator_mapping,missing,needs clarification,activity_indicator_mapping,high,unresolved_mapping_review.csv,No matching entry in canonical crosswalk.,true,pending_review,,,
unresolved_mapping_review.csv,unresolved,148,SAATHI,activity_indicator_mapping,missing,needs clarification,activity_indicator_mapping,high,unresolved_mapping_review.csv,No matching entry in canonical crosswalk.,true,pending_review,,,
unresolved_mapping_review.csv,unresolved,149,SAATHI,activity_indicator_mapping,missing,needs clarification,activity_indicator_mapping,high,unresolved_mapping_review.csv,No matching entry in canonical crosswalk.,true,pending_review,,,
unresolved_mapping_review.csv,unresolved,150,SAATHI,activity_indicator_mapping,missing,needs clarification,activity_indicator_mapping,high,unresolved_mapping_review.csv,No matching entry in canonical crosswalk.,true,pending_review,,,
unresolved_mapping_review.csv,unresolved,151,SAATHI,activity_indicator_mapping,missing,needs clarification,activity_indicator_mapping,high,unresolved_mapping_review.csv,No matching entry in canonical crosswalk.,true,pending_review,,,
unresolved_mapping_review.csv,unresolved,152,SAATHI,activity_indicator_mapping,missing,needs clarification,activity_indicator_mapping,high,unresolved_mapping_review.csv,No matching entry in canonical crosswalk.,true,pending_review,,,
unresolved_mapping_review.csv,unresolved,153,SAATHI,activity_indicator_mapping,missing,needs clarification,activity_indicator_mapping,high,unresolved_mapping_review.csv,No matching entry in canonical crosswalk.,true,pending_review,,,
unresolved_mapping_review.csv,unresolved,154,SAATHI,activity_indicator_mapping,missing,needs clarification,activity_indicator_mapping,high,unresolved_mapping_review.csv,No matching entry in canonical crosswalk.,true,pending_review,,,
unresolved_mapping_review.csv,unresolved,155,SAATHI,activity_indicator_mapping,missing,needs clarification,activity_indicator_mapping,high,unresolved_mapping_review.csv,No matching entry in canonical crosswalk.,true,pending_review,,,
unresolved_mapping_review.csv,unresolved,156,FPAN,activity_indicator_mapping,missing,needs clarification,activity_indicator_mapping,high,unresolved_mapping_review.csv,No matching entry in canonical crosswalk.,true,pending_review,,,
unresolved_mapping_review.csv,unresolved,157,FPAN,activity_indicator_mapping,missing,needs clarification,activity_indicator_mapping,high,unresolved_mapping_review.csv,No matching entry in canonical crosswalk.,true,pending_review,,,
unresolved_mapping_review.csv,unresolved,158,FPAN,activity_indicator_mapping,missing,needs clarification,activity_indicator_mapping,high,unresolved_mapping_review.csv,No matching entry in canonical crosswalk.,true,pending_review,,,
unresolved_mapping_review.csv,unresolved,159,FPAN,activity_indicator_mapping,missing,needs clarification,activity_indicator_mapping,high,unresolved_mapping_review.csv,No matching entry in canonical crosswalk.,true,pending_review,,,
unresolved_mapping_review.csv,unresolved,160,FPAN,activity_indicator_mapping,missing,needs clarification,activity_indicator_mapping,high,unresolved_mapping_review.csv,No matching entry in canonical crosswalk.,true,pending_review,,,
unresolved_mapping_review.csv,unresolved,161,FPAN,activity_indicator_mapping,missing,needs clarification,activity_indicator_mapping,high,unresolved_mapping_review.csv,No matching entry in canonical crosswalk.,true,pending_review,,,
unresolved_mapping_review.csv,unresolved,162,FPAN,activity_indicator_mapping,missing,needs clarification,activity_indicator_mapping,high,unresolved_mapping_review.csv,No matching entry in canonical crosswalk.,true,pending_review,,,
unresolved_mapping_review.csv,unresolved,163,FPAN,activity_indicator_mapping,missing,needs clarification,activity_indicator_mapping,high,unresolved_mapping_review.csv,No matching entry in canonical crosswalk.,true,pending_review,,,
unresolved_mapping_review.csv,unresolved,164,FPAN,activity_indicator_mapping,missing,needs clarification,activity_indicator_mapping,high,unresolved_mapping_review.csv,No matching entry in canonical crosswalk.,true,pending_review,,,
unresolved_mapping_review.csv,unresolved,165,FPAN,activity_indicator_mapping,missing,needs clarification,activity_indicator_mapping,high,unresolved_mapping_review.csv,No matching entry in canonical crosswalk.,true,pending_review,,,
unresolved_mapping_review.csv,unresolved,166,FPAN,activity_indicator_mapping,missing,needs clarification,activity_indicator_mapping,high,unresolved_mapping_review.csv,No matching entry in canonical crosswalk.,true,pending_review,,,
unresolved_mapping_review.csv,unresolved,167,FPAN,activity_indicator_mapping,missing,needs clarification,activity_indicator_mapping,high,unresolved_mapping_review.csv,No matching entry in canonical crosswalk.,true,pending_review,,,
unresolved_mapping_review.csv,unresolved,168,FPAN,activity_indicator_mapping,missing,needs clarification,activity_indicator_mapping,high,unresolved_mapping_review.csv,No matching entry in canonical crosswalk.,true,pending_review,,,
unresolved_mapping_review.csv,unresolved,169,FPAN,activity_indicator_mapping,missing,needs clarification,activity_indicator_mapping,high,unresolved_mapping_review.csv,No matching entry in canonical crosswalk.,true,pending_review,,,
unresolved_mapping_review.csv,unresolved,170,FPAN,activity_indicator_mapping,missing,needs clarification,activity_indicator_mapping,high,unresolved_mapping_review.csv,No matching entry in canonical crosswalk.,true,pending_review,,,
unresolved_mapping_review.csv,unresolved,171,FPAN,activity_indicator_mapping,missing,needs clarification,activity_indicator_mapping,high,unresolved_mapping_review.csv,No matching entry in canonical crosswalk.,true,pending_review,,,
unresolved_mapping_review.csv,unresolved,172,FPAN,activity_indicator_mapping,missing,needs clarification,activity_indicator_mapping,high,unresolved_mapping_review.csv,No matching entry in canonical crosswalk.,true,pending_review,,,
unresolved_mapping_review.csv,unresolved,173,FPAN,activity_indicator_mapping,missing,needs clarification,activity_indicator_mapping,high,unresolved_mapping_review.csv,No matching entry in canonical crosswalk.,true,pending_review,,,
unresolved_mapping_review.csv,unresolved,174,FPAN,activity_indicator_mapping,missing,needs clarification,activity_indicator_mapping,high,unresolved_mapping_review.csv,No matching entry in canonical crosswalk.,true,pending_review,,,
unresolved_mapping_review.csv,unresolved,175,FPAN,activity_indicator_mapping,missing,needs clarification,activity_indicator_mapping,high,unresolved_mapping_review.csv,No matching entry in canonical crosswalk.,true,pending_review,,,
unresolved_mapping_review.csv,unresolved,176,FPAN,activity_indicator_mapping,missing,needs clarification,activity_indicator_mapping,high,unresolved_mapping_review.csv,No matching entry in canonical crosswalk.,true,pending_review,,,
unresolved_mapping_review.csv,unresolved,177,FPAN,activity_indicator_mapping,missing,needs clarification,activity_indicator_mapping,high,unresolved_mapping_review.csv,No matching entry in canonical crosswalk.,true,pending_review,,,
unresolved_mapping_review.csv,unresolved,178,FPAN,activity_indicator_mapping,missing,needs clarification,activity_indicator_mapping,high,unresolved_mapping_review.csv,No matching entry in canonical crosswalk.,true,pending_review,,,
unresolved_mapping_review.csv,unresolved,179,FPAN,activity_indicator_mapping,missing,needs clarification,activity_indicator_mapping,high,unresolved_mapping_review.csv,No matching entry in canonical crosswalk.,true,pending_review,,,
unresolved_mapping_review.csv,unresolved,180,FPAN,activity_indicator_mapping,missing,needs clarification,activity_indicator_mapping,high,unresolved_mapping_review.csv,No matching entry in canonical crosswalk.,true,pending_review,,,
unresolved_mapping_review.csv,unresolved,181,FPAN,activity_indicator_mapping,missing,needs clarification,activity_indicator_mapping,high,unresolved_mapping_review.csv,No matching entry in canonical crosswalk.,true,pending_review,,,
unresolved_mapping_review.csv,unresolved,182,FPAN,activity_indicator_mapping,missing,needs clarification,activity_indicator_mapping,high,unresolved_mapping_review.csv,No matching entry in canonical crosswalk.,true,pending_review,,,
unresolved_mapping_review.csv,unresolved,183,FPAN,activity_indicator_mapping,missing,needs clarification,activity_indicator_mapping,high,unresolved_mapping_review.csv,No matching entry in canonical crosswalk.,true,pending_review,,,
unresolved_mapping_review.csv,unresolved,184,FPAN,activity_indicator_mapping,missing,needs clarification,activity_indicator_mapping,high,unresolved_mapping_review.csv,No matching entry in canonical crosswalk.,true,pending_review,,,
unresolved_mapping_review.csv,unresolved,185,FPAN,activity_indicator_mapping,missing,needs clarification,activity_indicator_mapping,high,unresolved_mapping_review.csv,No matching entry in canonical crosswalk.,true,pending_review,,,
unresolved_mapping_review.csv,unresolved,186,FPAN,activity_indicator_mapping,missing,needs clarification,activity_indicator_mapping,high,unresolved_mapping_review.csv,No matching entry in canonical crosswalk.,true,pending_review,,,
unresolved_mapping_review.csv,unresolved,187,FPAN,activity_indicator_mapping,missing,needs clarification,activity_indicator_mapping,high,unresolved_mapping_review.csv,No matching entry in canonical crosswalk.,true,pending_review,,,
unresolved_mapping_review.csv,unresolved,188,FPAN,activity_indicator_mapping,missing,needs clarification,activity_indicator_mapping,high,unresolved_mapping_review.csv,No matching entry in canonical crosswalk.,true,pending_review,,,
unresolved_mapping_review.csv,unresolved,189,FPAN,activity_indicator_mapping,missing,needs clarification,activity_indicator_mapping,high,unresolved_mapping_review.csv,No matching entry in canonical crosswalk.,true,pending_review,,,
unresolved_mapping_review.csv,unresolved,190,FPAN,activity_indicator_mapping,missing,needs clarification,activity_indicator_mapping,high,unresolved_mapping_review.csv,No matching entry in canonical crosswalk.,true,pending_review,,,
unresolved_mapping_review.csv,unresolved,191,FPAN,activity_indicator_mapping,missing,needs clarification,activity_indicator_mapping,high,unresolved_mapping_review.csv,No matching entry in canonical crosswalk.,true,pending_review,,,
unresolved_mapping_review.csv,unresolved,192,FPAN,activity_indicator_mapping,missing,needs clarification,activity_indicator_mapping,high,unresolved_mapping_review.csv,No matching entry in canonical crosswalk.,true,pending_review,,,
unresolved_mapping_review.csv,unresolved,193,FPAN,activity_indicator_mapping,missing,needs clarification,activity_indicator_mapping,high,unresolved_mapping_review.csv,No matching entry in canonical crosswalk.,true,pending_review,,,
unresolved_mapping_review.csv,unresolved,194,FPAN,activity_indicator_mapping,missing,needs clarification,activity_indicator_mapping,high,unresolved_mapping_review.csv,No matching entry in canonical crosswalk.,true,pending_review,,,
unresolved_mapping_review.csv,unresolved,195,FPAN,activity_indicator_mapping,missing,needs clarification,activity_indicator_mapping,high,unresolved_mapping_review.csv,No matching entry in canonical crosswalk.,true,pending_review,,,
unresolved_mapping_review.csv,unresolved,196,FPAN,activity_indicator_mapping,missing,needs clarification,activity_indicator_mapping,high,unresolved_mapping_review.csv,No matching entry in canonical crosswalk.,true,pending_review,,,
unresolved_mapping_review.csv,unresolved,197,FPAN,activity_indicator_mapping,missing,needs clarification,activity_indicator_mapping,high,unresolved_mapping_review.csv,No matching entry in canonical crosswalk.,true,pending_review,,,
unresolved_mapping_review.csv,unresolved,198,FPAN,activity_indicator_mapping,missing,needs clarification,activity_indicator_mapping,high,unresolved_mapping_review.csv,No matching entry in canonical crosswalk.,true,pending_review,,,
unresolved_mapping_review.csv,unresolved,199,FPAN,activity_indicator_mapping,missing,needs clarification,activity_indicator_mapping,high,unresolved_mapping_review.csv,No matching entry in canonical crosswalk.,true,pending_review,,,
unresolved_mapping_review.csv,unresolved,200,FPAN,activity_indicator_mapping,missing,needs clarification,activity_indicator_mapping,high,unresolved_mapping_review.csv,No matching entry in canonical crosswalk.,true,pending_review,,,
unresolved_mapping_review.csv,unresolved,201,FPAN,activity_indicator_mapping,missing,needs clarification,activity_indicator_mapping,high,unresolved_mapping_review.csv,No matching entry in canonical crosswalk.,true,pending_review,,,
unresolved_mapping_review.csv,unresolved,202,Good Neighbors International Nepal,activity_indicator_mapping,missing,needs clarification,activity_indicator_mapping,high,unresolved_mapping_review.csv,No matching entry in canonical crosswalk.,true,pending_review,,,
unresolved_mapping_review.csv,unresolved,203,Good Neighbors International Nepal,activity_indicator_mapping,missing,needs clarification,activity_indicator_mapping,high,unresolved_mapping_review.csv,No matching entry in canonical crosswalk.,true,pending_review,,,
unresolved_mapping_review.csv,unresolved,204,Good Neighbors International Nepal,activity_indicator_mapping,missing,needs clarification,activity_indicator_mapping,high,unresolved_mapping_review.csv,No matching entry in canonical crosswalk.,true,pending_review,,,
unresolved_mapping_review.csv,unresolved,205,Good Neighbors International Nepal,activity_indicator_mapping,missing,needs clarification,activity_indicator_mapping,high,unresolved_mapping_review.csv,No matching entry in canonical crosswalk.,true,pending_review,,,
unresolved_mapping_review.csv,unresolved,206,Good Neighbors International Nepal,activity_indicator_mapping,missing,needs clarification,activity_indicator_mapping,high,unresolved_mapping_review.csv,No matching entry in canonical crosswalk.,true,pending_review,,,
unresolved_mapping_review.csv,unresolved,207,Good Neighbors International Nepal,activity_indicator_mapping,missing,needs clarification,activity_indicator_mapping,high,unresolved_mapping_review.csv,No matching entry in canonical crosswalk.,true,pending_review,,,
unresolved_mapping_review.csv,unresolved,208,Good Neighbors International Nepal,activity_indicator_mapping,missing,needs clarification,activity_indicator_mapping,high,unresolved_mapping_review.csv,No matching entry in canonical crosswalk.,true,pending_review,,,
unresolved_mapping_review.csv,unresolved,209,Good Neighbors International Nepal,activity_indicator_mapping,missing,needs clarification,activity_indicator_mapping,high,unresolved_mapping_review.csv,No matching entry in canonical crosswalk.,true,pending_review,,,
unresolved_mapping_review.csv,unresolved,210,Good Neighbors International Nepal,activity_indicator_mapping,missing,needs clarification,activity_indicator_mapping,high,unresolved_mapping_review.csv,No matching entry in canonical crosswalk.,true,pending_review,,,
unresolved_mapping_review.csv,unresolved,211,Good Neighbors International Nepal,activity_indicator_mapping,missing,needs clarification,activity_indicator_mapping,high,unresolved_mapping_review.csv,No matching entry in canonical crosswalk.,true,pending_review,,,
unresolved_mapping_review.csv,unresolved,212,Good Neighbors International Nepal,activity_indicator_mapping,missing,needs clarification,activity_indicator_mapping,high,unresolved_mapping_review.csv,No matching entry in canonical crosswalk.,true,pending_review,,,
unresolved_mapping_review.csv,unresolved,213,Good Neighbors International Nepal,activity_indicator_mapping,missing,needs clarification,activity_indicator_mapping,high,unresolved_mapping_review.csv,No matching entry in canonical crosswalk.,true,pending_review,,,
unresolved_mapping_review.csv,unresolved,214,Good Neighbors International Nepal,activity_indicator_mapping,missing,needs clarification,activity_indicator_mapping,high,unresolved_mapping_review.csv,No matching entry in canonical crosswalk.,true,pending_review,,,
unresolved_mapping_review.csv,unresolved,215,Good Neighbors International Nepal,activity_indicator_mapping,missing,needs clarification,activity_indicator_mapping,high,unresolved_mapping_review.csv,No matching entry in canonical crosswalk.,true,pending_review,,,
unresolved_mapping_review.csv,unresolved,216,Good Neighbors International Nepal,activity_indicator_mapping,missing,needs clarification,activity_indicator_mapping,high,unresolved_mapping_review.csv,No matching entry in canonical crosswalk.,true,pending_review,,,
unresolved_mapping_review.csv,unresolved,217,Good Neighbors International Nepal,activity_indicator_mapping,missing,needs clarification,activity_indicator_mapping,high,unresolved_mapping_review.csv,No matching entry in canonical crosswalk.,true,pending_review,,,
unresolved_mapping_review.csv,unresolved,218,Good Neighbors International Nepal,activity_indicator_mapping,missing,needs clarification,activity_indicator_mapping,high,unresolved_mapping_review.csv,No matching entry in canonical crosswalk.,true,pending_review,,,
unresolved_mapping_review.csv,unresolved,219,Good Neighbors International Nepal,activity_indicator_mapping,missing,needs clarification,activity_indicator_mapping,high,unresolved_mapping_review.csv,No matching entry in canonical crosswalk.,true,pending_review,,,
unresolved_mapping_review.csv,unresolved,220,Good Neighbors International Nepal,activity_indicator_mapping,missing,needs clarification,activity_indicator_mapping,high,unresolved_mapping_review.csv,No matching entry in canonical crosswalk.,true,pending_review,,,
unresolved_mapping_review.csv,unresolved,221,Good Neighbors International Nepal,activity_indicator_mapping,missing,needs clarification,activity_indicator_mapping,high,unresolved_mapping_review.csv,No matching entry in canonical crosswalk.,true,pending_review,,,
unresolved_mapping_review.csv,unresolved,222,Good Neighbors International Nepal,activity_indicator_mapping,missing,needs clarification,activity_indicator_mapping,high,unresolved_mapping_review.csv,No matching entry in canonical crosswalk.,true,pending_review,,,
unresolved_mapping_review.csv,unresolved,223,Good Neighbors International Nepal,activity_indicator_mapping,missing,needs clarification,activity_indicator_mapping,high,unresolved_mapping_review.csv,No matching entry in canonical crosswalk.,true,pending_review,,,
unresolved_mapping_review.csv,unresolved,224,Good Neighbors International Nepal,activity_indicator_mapping,missing,needs clarification,activity_indicator_mapping,high,unresolved_mapping_review.csv,No matching entry in canonical crosswalk.,true,pending_review,,,
unresolved_mapping_review.csv,unresolved,225,Good Neighbors International Nepal,activity_indicator_mapping,missing,needs clarification,activity_indicator_mapping,high,unresolved_mapping_review.csv,No matching entry in canonical crosswalk.,true,pending_review,,,
unresolved_mapping_review.csv,unresolved,226,Good Neighbors International Nepal,activity_indicator_mapping,missing,needs clarification,activity_indicator_mapping,high,unresolved_mapping_review.csv,No matching entry in canonical crosswalk.,true,pending_review,,,
unresolved_mapping_review.csv,unresolved,227,Good Neighbors International Nepal,activity_indicator_mapping,missing,needs clarification,activity_indicator_mapping,high,unresolved_mapping_review.csv,No matching entry in canonical crosswalk.,true,pending_review,,,
unresolved_mapping_review.csv,unresolved,228,Good Neighbors International Nepal,activity_indicator_mapping,missing,needs clarification,activity_indicator_mapping,high,unresolved_mapping_review.csv,No matching entry in canonical crosswalk.,true,pending_review,,,
unresolved_mapping_review.csv,unresolved,229,Good Neighbors International Nepal,activity_indicator_mapping,missing,needs clarification,activity_indicator_mapping,high,unresolved_mapping_review.csv,No matching entry in canonical crosswalk.,true,pending_review,,,
unresolved_mapping_review.csv,unresolved,230,Good Neighbors International Nepal,activity_indicator_mapping,missing,needs clarification,activity_indicator_mapping,high,unresolved_mapping_review.csv,No matching entry in canonical crosswalk.,true,pending_review,,,
unresolved_mapping_review.csv,unresolved,231,Good Neighbors International Nepal,activity_indicator_mapping,missing,needs clarification,activity_indicator_mapping,high,unresolved_mapping_review.csv,No matching entry in canonical crosswalk.,true,pending_review,,,
unresolved_mapping_review.csv,unresolved,232,Good Neighbors International Nepal,activity_indicator_mapping,missing,needs clarification,activity_indicator_mapping,high,unresolved_mapping_review.csv,No matching entry in canonical crosswalk.,true,pending_review,,,
unresolved_mapping_review.csv,unresolved,233,Good Neighbors International Nepal,activity_indicator_mapping,missing,needs clarification,activity_indicator_mapping,high,unresolved_mapping_review.csv,No matching entry in canonical crosswalk.,true,pending_review,,,
unresolved_mapping_review.csv,unresolved,234,Good Neighbors International Nepal,activity_indicator_mapping,missing,needs clarification,activity_indicator_mapping,high,unresolved_mapping_review.csv,No matching entry in canonical crosswalk.,true,pending_review,,,
unresolved_mapping_review.csv,unresolved,235,Good Neighbors International Nepal,activity_indicator_mapping,missing,needs clarification,activity_indicator_mapping,high,unresolved_mapping_review.csv,No matching entry in canonical crosswalk.,true,pending_review,,,
unresolved_mapping_review.csv,unresolved,236,Good Neighbors International Nepal,activity_indicator_mapping,missing,needs clarification,activity_indicator_mapping,high,unresolved_mapping_review.csv,No matching entry in canonical crosswalk.,true,pending_review,,,
unresolved_mapping_review.csv,unresolved,237,Good Neighbors International Nepal,activity_indicator_mapping,missing,needs clarification,activity_indicator_mapping,high,unresolved_mapping_review.csv,No matching entry in canonical crosswalk.,true,pending_review,,,
unresolved_mapping_review.csv,unresolved,238,Good Neighbors International Nepal,activity_indicator_mapping,missing,needs clarification,activity_indicator_mapping,high,unresolved_mapping_review.csv,No matching entry in canonical crosswalk.,true,pending_review,,,
unresolved_mapping_review.csv,unresolved,239,Good Neighbors International Nepal,activity_indicator_mapping,missing,needs clarification,activity_indicator_mapping,high,unresolved_mapping_review.csv,No matching entry in canonical crosswalk.,true,pending_review,,,
unresolved_mapping_review.csv,unresolved,240,Good Neighbors International Nepal,activity_indicator_mapping,missing,needs clarification,activity_indicator_mapping,high,unresolved_mapping_review.csv,No matching entry in canonical crosswalk.,true,pending_review,,,
unresolved_mapping_review.csv,unresolved,241,Good Neighbors International Nepal,activity_indicator_mapping,missing,needs clarification,activity_indicator_mapping,high,unresolved_mapping_review.csv,No matching entry in canonical crosswalk.,true,pending_review,,,
unresolved_mapping_review.csv,unresolved,242,Good Neighbors International Nepal,activity_indicator_mapping,missing,needs clarification,activity_indicator_mapping,high,unresolved_mapping_review.csv,No matching entry in canonical crosswalk.,true,pending_review,,,
unresolved_mapping_review.csv,unresolved,243,Good Neighbors International Nepal,activity_indicator_mapping,missing,needs clarification,activity_indicator_mapping,high,unresolved_mapping_review.csv,No matching entry in canonical crosswalk.,true,pending_review,,,
unresolved_mapping_review.csv,unresolved,244,Good Neighbors International Nepal,activity_indicator_mapping,missing,needs clarification,activity_indicator_mapping,high,unresolved_mapping_review.csv,No matching entry in canonical crosswalk.,true,pending_review,,,
unresolved_mapping_review.csv,unresolved,245,Good Neighbors International Nepal,activity_indicator_mapping,missing,needs clarification,activity_indicator_mapping,high,unresolved_mapping_review.csv,No matching entry in canonical crosswalk.,true,pending_review,,,
unresolved_mapping_review.csv,unresolved,246,Good Neighbors International Nepal,activity_indicator_mapping,missing,needs clarification,activity_indicator_mapping,high,unresolved_mapping_review.csv,No matching entry in canonical crosswalk.,true,pending_review,,,
unresolved_mapping_review.csv,unresolved,247,Good Neighbors International Nepal,activity_indicator_mapping,missing,needs clarification,activity_indicator_mapping,high,unresolved_mapping_review.csv,No matching entry in canonical crosswalk.,true,pending_review,,,
unresolved_mapping_review.csv,unresolved,248,Good Neighbors International Nepal,activity_indicator_mapping,missing,needs clarification,activity_indicator_mapping,high,unresolved_mapping_review.csv,No matching entry in canonical crosswalk.,true,pending_review,,,
unresolved_mapping_review.csv,unresolved,249,Good Neighbors International Nepal,activity_indicator_mapping,missing,needs clarification,activity_indicator_mapping,high,unresolved_mapping_review.csv,No matching entry in canonical crosswalk.,true,pending_review,,,
unresolved_mapping_review.csv,unresolved,250,Good Neighbors International Nepal,activity_indicator_mapping,missing,needs clarification,activity_indicator_mapping,high,unresolved_mapping_review.csv,No matching entry in canonical crosswalk.,true,pending_review,,,
unresolved_mapping_review.csv,unresolved,251,Good Neighbors International Nepal,activity_indicator_mapping,missing,needs clarification,activity_indicator_mapping,high,unresolved_mapping_review.csv,No matching entry in canonical crosswalk.,true,pending_review,,,
unresolved_mapping_review.csv,unresolved,252,Good Neighbors International Nepal,activity_indicator_mapping,missing,needs clarification,activity_indicator_mapping,high,unresolved_mapping_review.csv,No matching entry in canonical crosswalk.,true,pending_review,,,
unresolved_mapping_review.csv,unresolved,253,Good Neighbors International Nepal,activity_indicator_mapping,missing,needs clarification,activity_indicator_mapping,high,unresolved_mapping_review.csv,No matching entry in canonical crosswalk.,true,pending_review,,,
unresolved_mapping_review.csv,unresolved,254,Good Neighbors International Nepal,activity_indicator_mapping,missing,needs clarification,activity_indicator_mapping,high,unresolved_mapping_review.csv,No matching entry in canonical crosswalk.,true,pending_review,,,
unresolved_mapping_review.csv,unresolved,255,Good Neighbors International Nepal,activity_indicator_mapping,missing,needs clarification,activity_indicator_mapping,high,unresolved_mapping_review.csv,No matching entry in canonical crosswalk.,true,pending_review,,,
unresolved_mapping_review.csv,unresolved,256,Good Neighbors International Nepal,activity_indicator_mapping,missing,needs clarification,activity_indicator_mapping,high,unresolved_mapping_review.csv,No matching entry in canonical crosswalk.,true,pending_review,,,
unresolved_mapping_review.csv,unresolved,257,Good Neighbors International Nepal,activity_indicator_mapping,missing,needs clarification,activity_indicator_mapping,high,unresolved_mapping_review.csv,No matching entry in canonical crosswalk.,true,pending_review,,,
unresolved_mapping_review.csv,unresolved,258,Good Neighbors International Nepal,activity_indicator_mapping,missing,needs clarification,activity_indicator_mapping,high,unresolved_mapping_review.csv,No matching entry in canonical crosswalk.,true,pending_review,,,
unresolved_mapping_review.csv,unresolved,259,Good Neighbors International Nepal,activity_indicator_mapping,missing,needs clarification,activity_indicator_mapping,high,unresolved_mapping_review.csv,No matching entry in canonical crosswalk.,true,pending_review,,,
unresolved_mapping_review.csv,unresolved,260,Good Neighbors International Nepal,activity_indicator_mapping,missing,needs clarification,activity_indicator_mapping,high,unresolved_mapping_review.csv,No matching entry in canonical crosswalk.,true,pending_review,,,
unresolved_mapping_review.csv,unresolved,261,Good Neighbors International Nepal,activity_indicator_mapping,missing,needs clarification,activity_indicator_mapping,high,unresolved_mapping_review.csv,No matching entry in canonical crosswalk.,true,pending_review,,,
unresolved_mapping_review.csv,unresolved,262,Good Neighbors International Nepal,activity_indicator_mapping,missing,needs clarification,activity_indicator_mapping,high,unresolved_mapping_review.csv,No matching entry in canonical crosswalk.,true,pending_review,,,
unresolved_mapping_review.csv,unresolved,263,Good Neighbors International Nepal,activity_indicator_mapping,missing,needs clarification,activity_indicator_mapping,high,unresolved_mapping_review.csv,No matching entry in canonical crosswalk.,true,pending_review,,,
unresolved_mapping_review.csv,unresolved,264,Good Neighbors International Nepal,activity_indicator_mapping,missing,needs clarification,activity_indicator_mapping,high,unresolved_mapping_review.csv,No matching entry in canonical crosswalk.,true,pending_review,,,
unresolved_mapping_review.csv,unresolved,265,Good Neighbors International Nepal,activity_indicator_mapping,missing,needs clarification,activity_indicator_mapping,high,unresolved_mapping_review.csv,No matching entry in canonical crosswalk.,true,pending_review,,,
unresolved_mapping_review.csv,unresolved,266,Good Neighbors International Nepal,activity_indicator_mapping,missing,needs clarification,activity_indicator_mapping,high,unresolved_mapping_review.csv,No matching entry in canonical crosswalk.,true,pending_review,,,
unresolved_mapping_review.csv,unresolved,267,Good Neighbors International Nepal,activity_indicator_mapping,missing,needs clarification,activity_indicator_mapping,high,unresolved_mapping_review.csv,No matching entry in canonical crosswalk.,true,pending_review,,,
unresolved_mapping_review.csv,unresolved,268,Good Neighbors International Nepal,activity_indicator_mapping,missing,needs clarification,activity_indicator_mapping,high,unresolved_mapping_review.csv,No matching entry in canonical crosswalk.,true,pending_review,,,
unresolved_mapping_review.csv,unresolved,269,Good Neighbors International Nepal,activity_indicator_mapping,missing,needs clarification,activity_indicator_mapping,high,unresolved_mapping_review.csv,No matching entry in canonical crosswalk.,true,pending_review,,,
unresolved_mapping_review.csv,unresolved,270,Good Neighbors International Nepal,activity_indicator_mapping,missing,needs clarification,activity_indicator_mapping,high,unresolved_mapping_review.csv,No matching entry in canonical crosswalk.,true,pending_review,,,
unresolved_mapping_review.csv,unresolved,271,Good Neighbors International Nepal,activity_indicator_mapping,missing,needs clarification,activity_indicator_mapping,high,unresolved_mapping_review.csv,No matching entry in canonical crosswalk.,true,pending_review,,,
unresolved_mapping_review.csv,unresolved,272,Good Neighbors International Nepal,activity_indicator_mapping,missing,needs clarification,activity_indicator_mapping,high,unresolved_mapping_review.csv,No matching entry in canonical crosswalk.,true,pending_review,,,
unresolved_mapping_review.csv,unresolved,273,Good Neighbors International Nepal,activity_indicator_mapping,missing,needs clarification,activity_indicator_mapping,high,unresolved_mapping_review.csv,No matching entry in canonical crosswalk.,true,pending_review,,,
unresolved_mapping_review.csv,unresolved,274,Good Neighbors International Nepal,activity_indicator_mapping,missing,needs clarification,activity_indicator_mapping,high,unresolved_mapping_review.csv,No matching entry in canonical crosswalk.,true,pending_review,,,
unresolved_mapping_review.csv,unresolved,275,Good Neighbors International Nepal,activity_indicator_mapping,missing,needs clarification,activity_indicator_mapping,high,unresolved_mapping_review.csv,No matching entry in canonical crosswalk.,true,pending_review,,,
unresolved_mapping_review.csv,unresolved,276,Good Neighbors International Nepal,activity_indicator_mapping,missing,needs clarification,activity_indicator_mapping,high,unresolved_mapping_review.csv,No matching entry in canonical crosswalk.,true,pending_review,,,
unresolved_mapping_review.csv,unresolved,277,Good Neighbors International Nepal,activity_indicator_mapping,missing,needs clarification,activity_indicator_mapping,high,unresolved_mapping_review.csv,No matching entry in canonical crosswalk.,true,pending_review,,,
unresolved_mapping_review.csv,unresolved,278,Good Neighbors International Nepal,activity_indicator_mapping,missing,needs clarification,activity_indicator_mapping,high,unresolved_mapping_review.csv,No matching entry in canonical crosswalk.,true,pending_review,,,
unresolved_mapping_review.csv,unresolved,279,Good Neighbors International Nepal,activity_indicator_mapping,missing,needs clarification,activity_indicator_mapping,high,unresolved_mapping_review.csv,No matching entry in canonical crosswalk.,true,pending_review,,,
unresolved_mapping_review.csv,unresolved,280,Good Neighbors International Nepal,activity_indicator_mapping,missing,needs clarification,activity_indicator_mapping,high,unresolved_mapping_review.csv,No matching entry in canonical crosswalk.,true,pending_review,,,
unresolved_mapping_review.csv,unresolved,281,Good Neighbors International Nepal,activity_indicator_mapping,missing,needs clarification,activity_indicator_mapping,high,unresolved_mapping_review.csv,No matching entry in canonical crosswalk.,true,pending_review,,,
unresolved_mapping_review.csv,unresolved,282,Good Neighbors International Nepal,activity_indicator_mapping,missing,needs clarification,activity_indicator_mapping,high,unresolved_mapping_review.csv,No matching entry in canonical crosswalk.,true,pending_review,,,
unresolved_mapping_review.csv,unresolved,283,Good Neighbors International Nepal,activity_indicator_mapping,missing,needs clarification,activity_indicator_mapping,high,unresolved_mapping_review.csv,No matching entry in canonical crosswalk.,true,pending_review,,,
unresolved_mapping_review.csv,unresolved,284,Good Neighbors International Nepal,activity_indicator_mapping,missing,needs clarification,activity_indicator_mapping,high,unresolved_mapping_review.csv,No matching entry in canonical crosswalk.,true,pending_review,,,
unresolved_mapping_review.csv,unresolved,285,Good Neighbors International Nepal,activity_indicator_mapping,missing,needs clarification,activity_indicator_mapping,high,unresolved_mapping_review.csv,No matching entry in canonical crosswalk.,true,pending_review,,,
unresolved_mapping_review.csv,unresolved,286,Good Neighbors International Nepal,activity_indicator_mapping,missing,needs clarification,activity_indicator_mapping,high,unresolved_mapping_review.csv,No matching entry in canonical crosswalk.,true,pending_review,,,
unresolved_mapping_review.csv,unresolved,287,Good Neighbors International Nepal,activity_indicator_mapping,missing,needs clarification,activity_indicator_mapping,high,unresolved_mapping_review.csv,No matching entry in canonical crosswalk.,true,pending_review,,,
unresolved_mapping_review.csv,unresolved,288,Good Neighbors International Nepal,activity_indicator_mapping,missing,needs clarification,activity_indicator_mapping,high,unresolved_mapping_review.csv,No matching entry in canonical crosswalk.,true,pending_review,,,
unresolved_mapping_review.csv,unresolved,289,Good Neighbors International Nepal,activity_indicator_mapping,missing,needs clarification,activity_indicator_mapping,high,unresolved_mapping_review.csv,No matching entry in canonical crosswalk.,true,pending_review,,,
unresolved_mapping_review.csv,unresolved,290,Good Neighbors International Nepal,activity_indicator_mapping,missing,needs clarification,activity_indicator_mapping,high,unresolved_mapping_review.csv,No matching entry in canonical crosswalk.,true,pending_review,,,
unresolved_mapping_review.csv,unresolved,291,Good Neighbors International Nepal,activity_indicator_mapping,missing,needs clarification,activity_indicator_mapping,high,unresolved_mapping_review.csv,No matching entry in canonical crosswalk.,true,pending_review,,,
unresolved_mapping_review.csv,unresolved,292,Good Neighbors International Nepal,activity_indicator_mapping,missing,needs clarification,activity_indicator_mapping,high,unresolved_mapping_review.csv,No matching entry in canonical crosswalk.,true,pending_review,,,
unresolved_mapping_review.csv,unresolved,293,Good Neighbors International Nepal,activity_indicator_mapping,missing,needs clarification,activity_indicator_mapping,high,unresolved_mapping_review.csv,No matching entry in canonical crosswalk.,true,pending_review,,,
unresolved_mapping_review.csv,unresolved,294,Good Neighbors International Nepal,activity_indicator_mapping,missing,needs clarification,activity_indicator_mapping,high,unresolved_mapping_review.csv,No matching entry in canonical crosswalk.,true,pending_review,,,
unresolved_mapping_review.csv,unresolved,295,Good Neighbors International Nepal,activity_indicator_mapping,missing,needs clarification,activity_indicator_mapping,high,unresolved_mapping_review.csv,No matching entry in canonical crosswalk.,true,pending_review,,,
unresolved_mapping_review.csv,unresolved,296,Good Neighbors International Nepal,activity_indicator_mapping,missing,needs clarification,activity_indicator_mapping,high,unresolved_mapping_review.csv,No matching entry in canonical crosswalk.,true,pending_review,,,
unresolved_mapping_review.csv,unresolved,297,Good Neighbors International Nepal,activity_indicator_mapping,missing,needs clarification,activity_indicator_mapping,high,unresolved_mapping_review.csv,No matching entry in canonical crosswalk.,true,pending_review,,,
unresolved_mapping_review.csv,unresolved,298,Good Neighbors International Nepal,activity_indicator_mapping,missing,needs clarification,activity_indicator_mapping,high,unresolved_mapping_review.csv,No matching entry in canonical crosswalk.,true,pending_review,,,
unresolved_mapping_review.csv,unresolved,299,KIDS,activity_indicator_mapping,missing,needs clarification,activity_indicator_mapping,high,unresolved_mapping_review.csv,No matching entry in canonical crosswalk.,true,pending_review,,,
unresolved_mapping_review.csv,unresolved,300,KIDS,activity_indicator_mapping,missing,needs clarification,activity_indicator_mapping,high,unresolved_mapping_review.csv,No matching entry in canonical crosswalk.,true,pending_review,,,
unresolved_mapping_review.csv,unresolved,301,KIDS,activity_indicator_mapping,missing,needs clarification,activity_indicator_mapping,high,unresolved_mapping_review.csv,No matching entry in canonical crosswalk.,true,pending_review,,,
unresolved_mapping_review.csv,unresolved,302,KIDS,activity_indicator_mapping,missing,needs clarification,activity_indicator_mapping,high,unresolved_mapping_review.csv,No matching entry in canonical crosswalk.,true,pending_review,,,
unresolved_mapping_review.csv,unresolved,303,KIDS,activity_indicator_mapping,missing,needs clarification,activity_indicator_mapping,high,unresolved_mapping_review.csv,No matching entry in canonical crosswalk.,true,pending_review,,,
unresolved_mapping_review.csv,unresolved,304,KIDS,activity_indicator_mapping,missing,needs clarification,activity_indicator_mapping,high,unresolved_mapping_review.csv,No matching entry in canonical crosswalk.,true,pending_review,,,
unresolved_mapping_review.csv,unresolved,305,KIDS,activity_indicator_mapping,missing,needs clarification,activity_indicator_mapping,high,unresolved_mapping_review.csv,No matching entry in canonical crosswalk.,true,pending_review,,,
unresolved_mapping_review.csv,unresolved,306,KIDS,activity_indicator_mapping,missing,needs clarification,activity_indicator_mapping,high,unresolved_mapping_review.csv,No matching entry in canonical crosswalk.,true,pending_review,,,
unresolved_mapping_review.csv,unresolved,307,KIDS,activity_indicator_mapping,missing,needs clarification,activity_indicator_mapping,high,unresolved_mapping_review.csv,No matching entry in canonical crosswalk.,true,pending_review,,,
unresolved_mapping_review.csv,unresolved,308,KIDS,activity_indicator_mapping,missing,needs clarification,activity_indicator_mapping,high,unresolved_mapping_review.csv,No matching entry in canonical crosswalk.,true,pending_review,,,
unresolved_mapping_review.csv,unresolved,309,KIDS,activity_indicator_mapping,missing,needs clarification,activity_indicator_mapping,high,unresolved_mapping_review.csv,No matching entry in canonical crosswalk.,true,pending_review,,,
unresolved_mapping_review.csv,unresolved,310,KIDS,activity_indicator_mapping,missing,needs clarification,activity_indicator_mapping,high,unresolved_mapping_review.csv,No matching entry in canonical crosswalk.,true,pending_review,,,
unresolved_mapping_review.csv,unresolved,311,KIDS,activity_indicator_mapping,missing,needs clarification,activity_indicator_mapping,high,unresolved_mapping_review.csv,No matching entry in canonical crosswalk.,true,pending_review,,,
unresolved_mapping_review.csv,unresolved,312,KIDS,activity_indicator_mapping,missing,needs clarification,activity_indicator_mapping,high,unresolved_mapping_review.csv,No matching entry in canonical crosswalk.,true,pending_review,,,
unresolved_mapping_review.csv,unresolved,313,KIDS,activity_indicator_mapping,missing,needs clarification,activity_indicator_mapping,high,unresolved_mapping_review.csv,No matching entry in canonical crosswalk.,true,pending_review,,,
unresolved_mapping_review.csv,unresolved,314,KIDS,activity_indicator_mapping,missing,needs clarification,activity_indicator_mapping,high,unresolved_mapping_review.csv,No matching entry in canonical crosswalk.,true,pending_review,,,
unresolved_mapping_review.csv,unresolved,315,KIDS,activity_indicator_mapping,missing,needs clarification,activity_indicator_mapping,high,unresolved_mapping_review.csv,No matching entry in canonical crosswalk.,true,pending_review,,,
unresolved_mapping_review.csv,unresolved,316,KIDS,activity_indicator_mapping,missing,needs clarification,activity_indicator_mapping,high,unresolved_mapping_review.csv,No matching entry in canonical crosswalk.,true,pending_review,,,
unresolved_mapping_review.csv,unresolved,317,KIDS,activity_indicator_mapping,missing,needs clarification,activity_indicator_mapping,high,unresolved_mapping_review.csv,No matching entry in canonical crosswalk.,true,pending_review,,,
unresolved_mapping_review.csv,unresolved,318,KIDS,activity_indicator_mapping,missing,needs clarification,activity_indicator_mapping,high,unresolved_mapping_review.csv,No matching entry in canonical crosswalk.,true,pending_review,,,
unresolved_mapping_review.csv,unresolved,319,KIDS,activity_indicator_mapping,missing,needs clarification,activity_indicator_mapping,high,unresolved_mapping_review.csv,No matching entry in canonical crosswalk.,true,pending_review,,,
unresolved_mapping_review.csv,unresolved,320,KIDS,activity_indicator_mapping,missing,needs clarification,activity_indicator_mapping,high,unresolved_mapping_review.csv,No matching entry in canonical crosswalk.,true,pending_review,,,
unresolved_mapping_review.csv,unresolved,321,KIDS,activity_indicator_mapping,missing,needs clarification,activity_indicator_mapping,high,unresolved_mapping_review.csv,No matching entry in canonical crosswalk.,true,pending_review,,,
unresolved_mapping_review.csv,unresolved,322,KIDS,activity_indicator_mapping,missing,needs clarification,activity_indicator_mapping,high,unresolved_mapping_review.csv,No matching entry in canonical crosswalk.,true,pending_review,,,
unresolved_mapping_review.csv,unresolved,323,KIDS,activity_indicator_mapping,missing,needs clarification,activity_indicator_mapping,high,unresolved_mapping_review.csv,No matching entry in canonical crosswalk.,true,pending_review,,,
unresolved_mapping_review.csv,unresolved,324,KIDS,activity_indicator_mapping,missing,needs clarification,activity_indicator_mapping,high,unresolved_mapping_review.csv,No matching entry in canonical crosswalk.,true,pending_review,,,
unresolved_mapping_review.csv,unresolved,325,KIDS,activity_indicator_mapping,missing,needs clarification,activity_indicator_mapping,high,unresolved_mapping_review.csv,No matching entry in canonical crosswalk.,true,pending_review,,,
unresolved_mapping_review.csv,unresolved,326,KIDS,activity_indicator_mapping,missing,needs clarification,activity_indicator_mapping,high,unresolved_mapping_review.csv,No matching entry in canonical crosswalk.,true,pending_review,,,
unresolved_mapping_review.csv,unresolved,327,KIDS,activity_indicator_mapping,missing,needs clarification,activity_indicator_mapping,high,unresolved_mapping_review.csv,No matching entry in canonical crosswalk.,true,pending_review,,,
unresolved_mapping_review.csv,unresolved,328,KIDS,activity_indicator_mapping,missing,needs clarification,activity_indicator_mapping,high,unresolved_mapping_review.csv,No matching entry in canonical crosswalk.,true,pending_review,,,
unresolved_mapping_review.csv,unresolved,329,KIDS,activity_indicator_mapping,missing,needs clarification,activity_indicator_mapping,high,unresolved_mapping_review.csv,No matching entry in canonical crosswalk.,true,pending_review,,,
unresolved_mapping_review.csv,unresolved,330,KIDS,activity_indicator_mapping,missing,needs clarification,activity_indicator_mapping,high,unresolved_mapping_review.csv,No matching entry in canonical crosswalk.,true,pending_review,,,
unresolved_mapping_review.csv,unresolved,331,KIDS,activity_indicator_mapping,missing,needs clarification,activity_indicator_mapping,high,unresolved_mapping_review.csv,No matching entry in canonical crosswalk.,true,pending_review,,,
unresolved_mapping_review.csv,unresolved,332,KIDS,activity_indicator_mapping,missing,needs clarification,activity_indicator_mapping,high,unresolved_mapping_review.csv,No matching entry in canonical crosswalk.,true,pending_review,,,
unresolved_mapping_review.csv,unresolved,333,KIDS,activity_indicator_mapping,missing,needs clarification,activity_indicator_mapping,high,unresolved_mapping_review.csv,No matching entry in canonical crosswalk.,true,pending_review,,,
unresolved_mapping_review.csv,unresolved,334,KIDS,activity_indicator_mapping,missing,needs clarification,activity_indicator_mapping,high,unresolved_mapping_review.csv,No matching entry in canonical crosswalk.,true,pending_review,,,
unresolved_mapping_review.csv,unresolved,335,KIDS,activity_indicator_mapping,missing,needs clarification,activity_indicator_mapping,high,unresolved_mapping_review.csv,No matching entry in canonical crosswalk.,true,pending_review,,,
unresolved_mapping_review.csv,unresolved,336,KIDS,activity_indicator_mapping,missing,needs clarification,activity_indicator_mapping,high,unresolved_mapping_review.csv,No matching entry in canonical crosswalk.,true,pending_review,,,
unresolved_mapping_review.csv,unresolved,337,KIDS,activity_indicator_mapping,missing,needs clarification,activity_indicator_mapping,high,unresolved_mapping_review.csv,No matching entry in canonical crosswalk.,true,pending_review,,,
unresolved_mapping_review.csv,unresolved,338,KIDS,activity_indicator_mapping,missing,needs clarification,activity_indicator_mapping,high,unresolved_mapping_review.csv,No matching entry in canonical crosswalk.,true,pending_review,,,
unresolved_mapping_review.csv,unresolved,339,KIDS,activity_indicator_mapping,missing,needs clarification,activity_indicator_mapping,high,unresolved_mapping_review.csv,No matching entry in canonical crosswalk.,true,pending_review,,,
unresolved_mapping_review.csv,unresolved,340,KIDS,activity_indicator_mapping,missing,needs clarification,activity_indicator_mapping,high,unresolved_mapping_review.csv,No matching entry in canonical crosswalk.,true,pending_review,,,
unresolved_mapping_review.csv,unresolved,341,KIDS,activity_indicator_mapping,missing,needs clarification,activity_indicator_mapping,high,unresolved_mapping_review.csv,No matching entry in canonical crosswalk.,true,pending_review,,,
unresolved_mapping_review.csv,unresolved,342,KIDS,activity_indicator_mapping,missing,needs clarification,activity_indicator_mapping,high,unresolved_mapping_review.csv,No matching entry in canonical crosswalk.,true,pending_review,,,
unresolved_mapping_review.csv,unresolved,343,KIDS,activity_indicator_mapping,missing,needs clarification,activity_indicator_mapping,high,unresolved_mapping_review.csv,No matching entry in canonical crosswalk.,true,pending_review,,,
unresolved_mapping_review.csv,unresolved,344,KIDS,activity_indicator_mapping,missing,needs clarification,activity_indicator_mapping,high,unresolved_mapping_review.csv,No matching entry in canonical crosswalk.,true,pending_review,,,
unresolved_mapping_review.csv,unresolved,345,KIDS,activity_indicator_mapping,missing,needs clarification,activity_indicator_mapping,high,unresolved_mapping_review.csv,No matching entry in canonical crosswalk.,true,pending_review,,,
unresolved_mapping_review.csv,unresolved,346,KIDS,activity_indicator_mapping,missing,needs clarification,activity_indicator_mapping,high,unresolved_mapping_review.csv,No matching entry in canonical crosswalk.,true,pending_review,,,
unresolved_mapping_review.csv,unresolved,347,KIDS,activity_indicator_mapping,missing,needs clarification,activity_indicator_mapping,high,unresolved_mapping_review.csv,No matching entry in canonical crosswalk.,true,pending_review,,,
unresolved_mapping_review.csv,unresolved,348,KIDS,activity_indicator_mapping,missing,needs clarification,activity_indicator_mapping,high,unresolved_mapping_review.csv,No matching entry in canonical crosswalk.,true,pending_review,,,
unresolved_mapping_review.csv,unresolved,349,KIDS,activity_indicator_mapping,missing,needs clarification,activity_indicator_mapping,high,unresolved_mapping_review.csv,No matching entry in canonical crosswalk.,true,pending_review,,,
unresolved_mapping_review.csv,unresolved,350,KIDS,activity_indicator_mapping,missing,needs clarification,activity_indicator_mapping,high,unresolved_mapping_review.csv,No matching entry in canonical crosswalk.,true,pending_review,,,
unresolved_mapping_review.csv,unresolved,351,KIDS,activity_indicator_mapping,missing,needs clarification,activity_indicator_mapping,high,unresolved_mapping_review.csv,No matching entry in canonical crosswalk.,true,pending_review,,,
unresolved_mapping_review.csv,unresolved,352,KIDS,activity_indicator_mapping,missing,needs clarification,activity_indicator_mapping,high,unresolved_mapping_review.csv,No matching entry in canonical crosswalk.,true,pending_review,,,
unresolved_mapping_review.csv,unresolved,353,Nepal Red Cross Society,activity_indicator_mapping,missing,needs clarification,activity_indicator_mapping,high,unresolved_mapping_review.csv,No matching entry in canonical crosswalk.,true,pending_review,,,
unresolved_mapping_review.csv,unresolved,354,Nepal Red Cross Society,activity_indicator_mapping,missing,needs clarification,activity_indicator_mapping,high,unresolved_mapping_review.csv,No matching entry in canonical crosswalk.,true,pending_review,,,
unresolved_mapping_review.csv,unresolved,355,Nepal Red Cross Society,activity_indicator_mapping,missing,needs clarification,activity_indicator_mapping,high,unresolved_mapping_review.csv,No matching entry in canonical crosswalk.,true,pending_review,,,
unresolved_mapping_review.csv,unresolved,356,Nepal Red Cross Society,activity_indicator_mapping,missing,needs clarification,activity_indicator_mapping,high,unresolved_mapping_review.csv,No matching entry in canonical crosswalk.,true,pending_review,,,
unresolved_mapping_review.csv,unresolved,357,Nepal Red Cross Society,activity_indicator_mapping,missing,needs clarification,activity_indicator_mapping,high,unresolved_mapping_review.csv,No matching entry in canonical crosswalk.,true,pending_review,,,
unresolved_mapping_review.csv,unresolved,358,Nepal Red Cross Society,activity_indicator_mapping,missing,needs clarification,activity_indicator_mapping,high,unresolved_mapping_review.csv,No matching entry in canonical crosswalk.,true,pending_review,,,
unresolved_mapping_review.csv,unresolved,359,Nepal Red Cross Society,activity_indicator_mapping,missing,needs clarification,activity_indicator_mapping,high,unresolved_mapping_review.csv,No matching entry in canonical crosswalk.,true,pending_review,,,
unresolved_mapping_review.csv,unresolved,360,Nepal Red Cross Society,activity_indicator_mapping,missing,needs clarification,activity_indicator_mapping,high,unresolved_mapping_review.csv,No matching entry in canonical crosswalk.,true,pending_review,,,
unresolved_mapping_review.csv,unresolved,361,Nepal Red Cross Society,activity_indicator_mapping,missing,needs clarification,activity_indicator_mapping,high,unresolved_mapping_review.csv,No matching entry in canonical crosswalk.,true,pending_review,,,
unresolved_mapping_review.csv,unresolved,362,Nepal Red Cross Society,activity_indicator_mapping,missing,needs clarification,activity_indicator_mapping,high,unresolved_mapping_review.csv,No matching entry in canonical crosswalk.,true,pending_review,,,
unresolved_mapping_review.csv,unresolved,363,Nepal Red Cross Society,activity_indicator_mapping,missing,needs clarification,activity_indicator_mapping,high,unresolved_mapping_review.csv,No matching entry in canonical crosswalk.,true,pending_review,,,
unresolved_mapping_review.csv,unresolved,364,Nepal Red Cross Society,activity_indicator_mapping,missing,needs clarification,activity_indicator_mapping,high,unresolved_mapping_review.csv,No matching entry in canonical crosswalk.,true,pending_review,,,
unresolved_mapping_review.csv,unresolved,365,Nepal Red Cross Society,activity_indicator_mapping,missing,needs clarification,activity_indicator_mapping,high,unresolved_mapping_review.csv,No matching entry in canonical crosswalk.,true,pending_review,,,
unresolved_mapping_review.csv,unresolved,366,PeaceWin,activity_indicator_mapping,missing,needs clarification,activity_indicator_mapping,high,unresolved_mapping_review.csv,No matching entry in canonical crosswalk.,true,pending_review,,,
unresolved_mapping_review.csv,unresolved,367,PeaceWin,activity_indicator_mapping,missing,needs clarification,activity_indicator_mapping,high,unresolved_mapping_review.csv,No matching entry in canonical crosswalk.,true,pending_review,,,
unresolved_mapping_review.csv,unresolved,368,PeaceWin,activity_indicator_mapping,missing,needs clarification,activity_indicator_mapping,high,unresolved_mapping_review.csv,No matching entry in canonical crosswalk.,true,pending_review,,,
unresolved_mapping_review.csv,unresolved,369,PeaceWin,activity_indicator_mapping,missing,needs clarification,activity_indicator_mapping,high,unresolved_mapping_review.csv,No matching entry in canonical crosswalk.,true,pending_review,,,
unresolved_mapping_review.csv,unresolved,370,PeaceWin,activity_indicator_mapping,missing,needs clarification,activity_indicator_mapping,high,unresolved_mapping_review.csv,No matching entry in canonical crosswalk.,true,pending_review,,,
unresolved_mapping_review.csv,unresolved,371,PeaceWin,activity_indicator_mapping,missing,needs clarification,activity_indicator_mapping,high,unresolved_mapping_review.csv,No matching entry in canonical crosswalk.,true,pending_review,,,
unresolved_mapping_review.csv,unresolved,372,PeaceWin,activity_indicator_mapping,missing,needs clarification,activity_indicator_mapping,high,unresolved_mapping_review.csv,No matching entry in canonical crosswalk.,true,pending_review,,,
unresolved_mapping_review.csv,unresolved,373,PeaceWin,activity_indicator_mapping,missing,needs clarification,activity_indicator_mapping,high,unresolved_mapping_review.csv,No matching entry in canonical crosswalk.,true,pending_review,,,
unresolved_mapping_review.csv,unresolved,374,PeaceWin,activity_indicator_mapping,missing,needs clarification,activity_indicator_mapping,high,unresolved_mapping_review.csv,No matching entry in canonical crosswalk.,true,pending_review,,,
unresolved_mapping_review.csv,unresolved,375,PeaceWin,activity_indicator_mapping,missing,needs clarification,activity_indicator_mapping,high,unresolved_mapping_review.csv,No matching entry in canonical crosswalk.,true,pending_review,,,
unresolved_mapping_review.csv,unresolved,376,PeaceWin,activity_indicator_mapping,missing,needs clarification,activity_indicator_mapping,high,unresolved_mapping_review.csv,No matching entry in canonical crosswalk.,true,pending_review,,,
unresolved_mapping_review.csv,unresolved,377,PeaceWin,activity_indicator_mapping,missing,needs clarification,activity_indicator_mapping,high,unresolved_mapping_review.csv,No matching entry in canonical crosswalk.,true,pending_review,,,
unresolved_mapping_review.csv,unresolved,378,PeaceWin,activity_indicator_mapping,missing,needs clarification,activity_indicator_mapping,high,unresolved_mapping_review.csv,No matching entry in canonical crosswalk.,true,pending_review,,,
unresolved_mapping_review.csv,unresolved,379,PeaceWin,activity_indicator_mapping,missing,needs clarification,activity_indicator_mapping,high,unresolved_mapping_review.csv,No matching entry in canonical crosswalk.,true,pending_review,,,
unresolved_mapping_review.csv,unresolved,380,PeaceWin,activity_indicator_mapping,missing,needs clarification,activity_indicator_mapping,high,unresolved_mapping_review.csv,No matching entry in canonical crosswalk.,true,pending_review,,,
unresolved_mapping_review.csv,unresolved,381,PeaceWin,activity_indicator_mapping,missing,needs clarification,activity_indicator_mapping,high,unresolved_mapping_review.csv,No matching entry in canonical crosswalk.,true,pending_review,,,
unresolved_mapping_review.csv,unresolved,382,PeaceWin,activity_indicator_mapping,missing,needs clarification,activity_indicator_mapping,high,unresolved_mapping_review.csv,No matching entry in canonical crosswalk.,true,pending_review,,,
unresolved_mapping_review.csv,unresolved,383,PeaceWin,activity_indicator_mapping,missing,needs clarification,activity_indicator_mapping,high,unresolved_mapping_review.csv,No matching entry in canonical crosswalk.,true,pending_review,,,
unresolved_mapping_review.csv,unresolved,384,PeaceWin,activity_indicator_mapping,missing,needs clarification,activity_indicator_mapping,high,unresolved_mapping_review.csv,No matching entry in canonical crosswalk.,true,pending_review,,,
unresolved_mapping_review.csv,unresolved,385,PeaceWin,activity_indicator_mapping,missing,needs clarification,activity_indicator_mapping,high,unresolved_mapping_review.csv,No matching entry in canonical crosswalk.,true,pending_review,,,
unresolved_mapping_review.csv,unresolved,386,PeaceWin,activity_indicator_mapping,missing,needs clarification,activity_indicator_mapping,high,unresolved_mapping_review.csv,No matching entry in canonical crosswalk.,true,pending_review,,,
unresolved_mapping_review.csv,unresolved,387,PeaceWin,activity_indicator_mapping,missing,needs clarification,activity_indicator_mapping,high,unresolved_mapping_review.csv,No matching entry in canonical crosswalk.,true,pending_review,,,
unresolved_mapping_review.csv,unresolved,388,PeaceWin,activity_indicator_mapping,missing,needs clarification,activity_indicator_mapping,high,unresolved_mapping_review.csv,No matching entry in canonical crosswalk.,true,pending_review,,,
unresolved_mapping_review.csv,unresolved,389,PeaceWin,activity_indicator_mapping,missing,needs clarification,activity_indicator_mapping,high,unresolved_mapping_review.csv,No matching entry in canonical crosswalk.,true,pending_review,,,
unresolved_mapping_review.csv,unresolved,390,PeaceWin,activity_indicator_mapping,missing,needs clarification,activity_indicator_mapping,high,unresolved_mapping_review.csv,No matching entry in canonical crosswalk.,true,pending_review,,,
unresolved_mapping_review.csv,unresolved,391,PeaceWin,activity_indicator_mapping,missing,needs clarification,activity_indicator_mapping,high,unresolved_mapping_review.csv,No matching entry in canonical crosswalk.,true,pending_review,,,
unresolved_mapping_review.csv,unresolved,392,PeaceWin,activity_indicator_mapping,missing,needs clarification,activity_indicator_mapping,high,unresolved_mapping_review.csv,No matching entry in canonical crosswalk.,true,pending_review,,,
unresolved_mapping_review.csv,unresolved,393,PeaceWin,activity_indicator_mapping,missing,needs clarification,activity_indicator_mapping,high,unresolved_mapping_review.csv,No matching entry in canonical crosswalk.,true,pending_review,,,
unresolved_mapping_review.csv,unresolved,394,PeaceWin,activity_indicator_mapping,missing,needs clarification,activity_indicator_mapping,high,unresolved_mapping_review.csv,No matching entry in canonical crosswalk.,true,pending_review,,,
unresolved_mapping_review.csv,unresolved,395,PeaceWin,activity_indicator_mapping,missing,needs clarification,activity_indicator_mapping,high,unresolved_mapping_review.csv,No matching entry in canonical crosswalk.,true,pending_review,,,
unresolved_mapping_review.csv,unresolved,396,PeaceWin,activity_indicator_mapping,missing,needs clarification,activity_indicator_mapping,high,unresolved_mapping_review.csv,No matching entry in canonical crosswalk.,true,pending_review,,,
unresolved_mapping_review.csv,unresolved,397,PeaceWin,activity_indicator_mapping,missing,needs clarification,activity_indicator_mapping,high,unresolved_mapping_review.csv,No matching entry in canonical crosswalk.,true,pending_review,,,
unresolved_mapping_review.csv,unresolved,398,PeaceWin,activity_indicator_mapping,missing,needs clarification,activity_indicator_mapping,high,unresolved_mapping_review.csv,No matching entry in canonical crosswalk.,true,pending_review,,,
unresolved_mapping_review.csv,unresolved,399,PeaceWin,activity_indicator_mapping,missing,needs clarification,activity_indicator_mapping,high,unresolved_mapping_review.csv,No matching entry in canonical crosswalk.,true,pending_review,,,
unresolved_mapping_review.csv,unresolved,400,PeaceWin,activity_indicator_mapping,missing,needs clarification,activity_indicator_mapping,high,unresolved_mapping_review.csv,No matching entry in canonical crosswalk.,true,pending_review,,,
unresolved_mapping_review.csv,unresolved,401,PeaceWin,activity_indicator_mapping,missing,needs clarification,activity_indicator_mapping,high,unresolved_mapping_review.csv,No matching entry in canonical crosswalk.,true,pending_review,,,
unresolved_mapping_review.csv,unresolved,402,PeaceWin,activity_indicator_mapping,missing,needs clarification,activity_indicator_mapping,high,unresolved_mapping_review.csv,No matching entry in canonical crosswalk.,true,pending_review,,,
unresolved_mapping_review.csv,unresolved,403,PeaceWin,activity_indicator_mapping,missing,needs clarification,activity_indicator_mapping,high,unresolved_mapping_review.csv,No matching entry in canonical crosswalk.,true,pending_review,,,
unresolved_mapping_review.csv,unresolved,404,PeaceWin,activity_indicator_mapping,missing,needs clarification,activity_indicator_mapping,high,unresolved_mapping_review.csv,No matching entry in canonical crosswalk.,true,pending_review,,,
unresolved_mapping_review.csv,unresolved,405,PeaceWin,activity_indicator_mapping,missing,needs clarification,activity_indicator_mapping,high,unresolved_mapping_review.csv,No matching entry in canonical crosswalk.,true,pending_review,,,
unresolved_mapping_review.csv,unresolved,406,PeaceWin,activity_indicator_mapping,missing,needs clarification,activity_indicator_mapping,high,unresolved_mapping_review.csv,No matching entry in canonical crosswalk.,true,pending_review,,,
unresolved_mapping_review.csv,unresolved,407,PeaceWin,activity_indicator_mapping,missing,needs clarification,activity_indicator_mapping,high,unresolved_mapping_review.csv,No matching entry in canonical crosswalk.,true,pending_review,,,
unresolved_mapping_review.csv,unresolved,408,PeaceWin,activity_indicator_mapping,missing,needs clarification,activity_indicator_mapping,high,unresolved_mapping_review.csv,No matching entry in canonical crosswalk.,true,pending_review,,,
unresolved_mapping_review.csv,unresolved,409,PeaceWin,activity_indicator_mapping,missing,needs clarification,activity_indicator_mapping,high,unresolved_mapping_review.csv,No matching entry in canonical crosswalk.,true,pending_review,,,
unresolved_mapping_review.csv,unresolved,410,PeaceWin,activity_indicator_mapping,missing,needs clarification,activity_indicator_mapping,high,unresolved_mapping_review.csv,No matching entry in canonical crosswalk.,true,pending_review,,,
unresolved_mapping_review.csv,unresolved,411,PeaceWin,activity_indicator_mapping,missing,needs clarification,activity_indicator_mapping,high,unresolved_mapping_review.csv,No matching entry in canonical crosswalk.,true,pending_review,,,
unresolved_mapping_review.csv,unresolved,412,PeaceWin,activity_indicator_mapping,missing,needs clarification,activity_indicator_mapping,high,unresolved_mapping_review.csv,No matching entry in canonical crosswalk.,true,pending_review,,,
unresolved_mapping_review.csv,unresolved,413,PeaceWin,activity_indicator_mapping,missing,needs clarification,activity_indicator_mapping,high,unresolved_mapping_review.csv,No matching entry in canonical crosswalk.,true,pending_review,,,
unresolved_mapping_review.csv,unresolved,414,PeaceWin,activity_indicator_mapping,missing,needs clarification,activity_indicator_mapping,high,unresolved_mapping_review.csv,No matching entry in canonical crosswalk.,true,pending_review,,,
unresolved_mapping_review.csv,unresolved,415,PeaceWin,activity_indicator_mapping,missing,needs clarification,activity_indicator_mapping,high,unresolved_mapping_review.csv,No matching entry in canonical crosswalk.,true,pending_review,,,
unresolved_mapping_review.csv,unresolved,416,PeaceWin,activity_indicator_mapping,missing,needs clarification,activity_indicator_mapping,high,unresolved_mapping_review.csv,No matching entry in canonical crosswalk.,true,pending_review,,,
unresolved_mapping_review.csv,unresolved,417,PeaceWin,activity_indicator_mapping,missing,needs clarification,activity_indicator_mapping,high,unresolved_mapping_review.csv,No matching entry in canonical crosswalk.,true,pending_review,,,
unresolved_mapping_review.csv,unresolved,418,PeaceWin,activity_indicator_mapping,missing,needs clarification,activity_indicator_mapping,high,unresolved_mapping_review.csv,No matching entry in canonical crosswalk.,true,pending_review,,,
unresolved_mapping_review.csv,unresolved,419,PeaceWin,activity_indicator_mapping,missing,needs clarification,activity_indicator_mapping,high,unresolved_mapping_review.csv,No matching entry in canonical crosswalk.,true,pending_review,,,
unresolved_mapping_review.csv,unresolved,420,PeaceWin,activity_indicator_mapping,missing,needs clarification,activity_indicator_mapping,high,unresolved_mapping_review.csv,No matching entry in canonical crosswalk.,true,pending_review,,,
unresolved_mapping_review.csv,unresolved,421,PeaceWin,activity_indicator_mapping,missing,needs clarification,activity_indicator_mapping,high,unresolved_mapping_review.csv,No matching entry in canonical crosswalk.,true,pending_review,,,
unresolved_mapping_review.csv,unresolved,422,PeaceWin,activity_indicator_mapping,missing,needs clarification,activity_indicator_mapping,high,unresolved_mapping_review.csv,No matching entry in canonical crosswalk.,true,pending_review,,,
unresolved_mapping_review.csv,unresolved,423,PeaceWin,activity_indicator_mapping,missing,needs clarification,activity_indicator_mapping,high,unresolved_mapping_review.csv,No matching entry in canonical crosswalk.,true,pending_review,,,
unresolved_mapping_review.csv,unresolved,424,PeaceWin,activity_indicator_mapping,missing,needs clarification,activity_indicator_mapping,high,unresolved_mapping_review.csv,No matching entry in canonical crosswalk.,true,pending_review,,,
unresolved_mapping_review.csv,unresolved,425,PeaceWin,activity_indicator_mapping,missing,needs clarification,activity_indicator_mapping,high,unresolved_mapping_review.csv,No matching entry in canonical crosswalk.,true,pending_review,,,
unresolved_mapping_review.csv,unresolved,426,PeaceWin,activity_indicator_mapping,missing,needs clarification,activity_indicator_mapping,high,unresolved_mapping_review.csv,No matching entry in canonical crosswalk.,true,pending_review,,,
unresolved_mapping_review.csv,unresolved,427,PeaceWin,activity_indicator_mapping,missing,needs clarification,activity_indicator_mapping,high,unresolved_mapping_review.csv,No matching entry in canonical crosswalk.,true,pending_review,,,
unresolved_mapping_review.csv,unresolved,428,PeaceWin,activity_indicator_mapping,missing,needs clarification,activity_indicator_mapping,high,unresolved_mapping_review.csv,No matching entry in canonical crosswalk.,true,pending_review,,,
unresolved_mapping_review.csv,unresolved,429,PeaceWin,activity_indicator_mapping,missing,needs clarification,activity_indicator_mapping,high,unresolved_mapping_review.csv,No matching entry in canonical crosswalk.,true,pending_review,,,
unresolved_mapping_review.csv,unresolved,430,PeaceWin,activity_indicator_mapping,missing,needs clarification,activity_indicator_mapping,high,unresolved_mapping_review.csv,No matching entry in canonical crosswalk.,true,pending_review,,,
unresolved_mapping_review.csv,unresolved,431,PeaceWin,activity_indicator_mapping,missing,needs clarification,activity_indicator_mapping,high,unresolved_mapping_review.csv,No matching entry in canonical crosswalk.,true,pending_review,,,
unresolved_mapping_review.csv,unresolved,432,PeaceWin,activity_indicator_mapping,missing,needs clarification,activity_indicator_mapping,high,unresolved_mapping_review.csv,No matching entry in canonical crosswalk.,true,pending_review,,,
unresolved_mapping_review.csv,unresolved,433,PeaceWin,activity_indicator_mapping,missing,needs clarification,activity_indicator_mapping,high,unresolved_mapping_review.csv,No matching entry in canonical crosswalk.,true,pending_review,,,
unresolved_mapping_review.csv,unresolved,434,PeaceWin,activity_indicator_mapping,missing,needs clarification,activity_indicator_mapping,high,unresolved_mapping_review.csv,No matching entry in canonical crosswalk.,true,pending_review,,,
unresolved_mapping_review.csv,unresolved,435,PeaceWin,activity_indicator_mapping,missing,needs clarification,activity_indicator_mapping,high,unresolved_mapping_review.csv,No matching entry in canonical crosswalk.,true,pending_review,,,
unresolved_mapping_review.csv,unresolved,436,Plan International Nepal,activity_indicator_mapping,missing,needs clarification,activity_indicator_mapping,high,unresolved_mapping_review.csv,No matching entry in canonical crosswalk.,true,pending_review,,,
unresolved_mapping_review.csv,unresolved,437,Plan International Nepal,activity_indicator_mapping,missing,needs clarification,activity_indicator_mapping,high,unresolved_mapping_review.csv,No matching entry in canonical crosswalk.,true,pending_review,,,
unresolved_mapping_review.csv,unresolved,438,Plan International Nepal,activity_indicator_mapping,missing,needs clarification,activity_indicator_mapping,high,unresolved_mapping_review.csv,No matching entry in canonical crosswalk.,true,pending_review,,,
unresolved_mapping_review.csv,unresolved,439,Plan International Nepal,activity_indicator_mapping,missing,needs clarification,activity_indicator_mapping,high,unresolved_mapping_review.csv,No matching entry in canonical crosswalk.,true,pending_review,,,
unresolved_mapping_review.csv,unresolved,440,Plan International Nepal,activity_indicator_mapping,missing,needs clarification,activity_indicator_mapping,high,unresolved_mapping_review.csv,No matching entry in canonical crosswalk.,true,pending_review,,,
unresolved_mapping_review.csv,unresolved,441,Plan International Nepal,activity_indicator_mapping,missing,needs clarification,activity_indicator_mapping,high,unresolved_mapping_review.csv,No matching entry in canonical crosswalk.,true,pending_review,,,
unresolved_mapping_review.csv,unresolved,442,Plan International Nepal,activity_indicator_mapping,missing,needs clarification,activity_indicator_mapping,high,unresolved_mapping_review.csv,No matching entry in canonical crosswalk.,true,pending_review,,,
unresolved_mapping_review.csv,unresolved,443,Plan International Nepal,activity_indicator_mapping,missing,needs clarification,activity_indicator_mapping,high,unresolved_mapping_review.csv,No matching entry in canonical crosswalk.,true,pending_review,,,
unresolved_mapping_review.csv,unresolved,444,Plan International Nepal,activity_indicator_mapping,missing,needs clarification,activity_indicator_mapping,high,unresolved_mapping_review.csv,No matching entry in canonical crosswalk.,true,pending_review,,,
unresolved_mapping_review.csv,unresolved,445,Plan International Nepal,activity_indicator_mapping,missing,needs clarification,activity_indicator_mapping,high,unresolved_mapping_review.csv,No matching entry in canonical crosswalk.,true,pending_review,,,
unresolved_mapping_review.csv,unresolved,446,Plan International Nepal,activity_indicator_mapping,missing,needs clarification,activity_indicator_mapping,high,unresolved_mapping_review.csv,No matching entry in canonical crosswalk.,true,pending_review,,,
unresolved_mapping_review.csv,unresolved,447,Plan International Nepal,activity_indicator_mapping,missing,needs clarification,activity_indicator_mapping,high,unresolved_mapping_review.csv,No matching entry in canonical crosswalk.,true,pending_review,,,
unresolved_mapping_review.csv,unresolved,448,Plan International Nepal,activity_indicator_mapping,missing,needs clarification,activity_indicator_mapping,high,unresolved_mapping_review.csv,No matching entry in canonical crosswalk.,true,pending_review,,,
unresolved_mapping_review.csv,unresolved,449,Plan International Nepal,activity_indicator_mapping,missing,needs clarification,activity_indicator_mapping,high,unresolved_mapping_review.csv,No matching entry in canonical crosswalk.,true,pending_review,,,
unresolved_mapping_review.csv,unresolved,450,Plan International Nepal,activity_indicator_mapping,missing,needs clarification,activity_indicator_mapping,high,unresolved_mapping_review.csv,No matching entry in canonical crosswalk.,true,pending_review,,,
unresolved_mapping_review.csv,unresolved,451,Plan International Nepal,activity_indicator_mapping,missing,needs clarification,activity_indicator_mapping,high,unresolved_mapping_review.csv,No matching entry in canonical crosswalk.,true,pending_review,,,
unresolved_mapping_review.csv,unresolved,452,Plan International Nepal,activity_indicator_mapping,missing,needs clarification,activity_indicator_mapping,high,unresolved_mapping_review.csv,No matching entry in canonical crosswalk.,true,pending_review,,,
unresolved_mapping_review.csv,unresolved,453,Plan International Nepal,activity_indicator_mapping,missing,needs clarification,activity_indicator_mapping,high,unresolved_mapping_review.csv,No matching entry in canonical crosswalk.,true,pending_review,,,
unresolved_mapping_review.csv,unresolved,454,Plan International Nepal,activity_indicator_mapping,missing,needs clarification,activity_indicator_mapping,high,unresolved_mapping_review.csv,No matching entry in canonical crosswalk.,true,pending_review,,,
unresolved_mapping_review.csv,unresolved,455,Plan International Nepal,activity_indicator_mapping,missing,needs clarification,activity_indicator_mapping,high,unresolved_mapping_review.csv,No matching entry in canonical crosswalk.,true,pending_review,,,
unresolved_mapping_review.csv,unresolved,456,Plan International Nepal,activity_indicator_mapping,missing,needs clarification,activity_indicator_mapping,high,unresolved_mapping_review.csv,No matching entry in canonical crosswalk.,true,pending_review,,,
unresolved_mapping_review.csv,unresolved,457,Plan International Nepal,activity_indicator_mapping,missing,needs clarification,activity_indicator_mapping,high,unresolved_mapping_review.csv,No matching entry in canonical crosswalk.,true,pending_review,,,
unresolved_mapping_review.csv,unresolved,458,Plan International Nepal,activity_indicator_mapping,missing,needs clarification,activity_indicator_mapping,high,unresolved_mapping_review.csv,No matching entry in canonical crosswalk.,true,pending_review,,,
unresolved_mapping_review.csv,unresolved,459,Plan International Nepal,activity_indicator_mapping,missing,needs clarification,activity_indicator_mapping,high,unresolved_mapping_review.csv,No matching entry in canonical crosswalk.,true,pending_review,,,
unresolved_mapping_review.csv,unresolved,460,Plan International Nepal,activity_indicator_mapping,missing,needs clarification,activity_indicator_mapping,high,unresolved_mapping_review.csv,No matching entry in canonical crosswalk.,true,pending_review,,,
unresolved_mapping_review.csv,unresolved,461,Plan International Nepal,activity_indicator_mapping,missing,needs clarification,activity_indicator_mapping,high,unresolved_mapping_review.csv,No matching entry in canonical crosswalk.,true,pending_review,,,
unresolved_mapping_review.csv,unresolved,462,Plan International Nepal,activity_indicator_mapping,missing,needs clarification,activity_indicator_mapping,high,unresolved_mapping_review.csv,No matching entry in canonical crosswalk.,true,pending_review,,,
unresolved_mapping_review.csv,unresolved,463,Plan International Nepal,activity_indicator_mapping,missing,needs clarification,activity_indicator_mapping,high,unresolved_mapping_review.csv,No matching entry in canonical crosswalk.,true,pending_review,,,
unresolved_mapping_review.csv,unresolved,464,Plan International Nepal,activity_indicator_mapping,missing,needs clarification,activity_indicator_mapping,high,unresolved_mapping_review.csv,No matching entry in canonical crosswalk.,true,pending_review,,,
unresolved_mapping_review.csv,unresolved,465,Plan International Nepal,activity_indicator_mapping,missing,needs clarification,activity_indicator_mapping,high,unresolved_mapping_review.csv,No matching entry in canonical crosswalk.,true,pending_review,,,
unresolved_mapping_review.csv,unresolved,466,Plan International Nepal,activity_indicator_mapping,missing,needs clarification,activity_indicator_mapping,high,unresolved_mapping_review.csv,No matching entry in canonical crosswalk.,true,pending_review,,,
unresolved_mapping_review.csv,unresolved,467,Plan International Nepal,activity_indicator_mapping,missing,needs clarification,activity_indicator_mapping,high,unresolved_mapping_review.csv,No matching entry in canonical crosswalk.,true,pending_review,,,
unresolved_mapping_review.csv,unresolved,468,Plan International Nepal,activity_indicator_mapping,missing,needs clarification,activity_indicator_mapping,high,unresolved_mapping_review.csv,No matching entry in canonical crosswalk.,true,pending_review,,,
unresolved_mapping_review.csv,unresolved,469,Plan International Nepal,activity_indicator_mapping,missing,needs clarification,activity_indicator_mapping,high,unresolved_mapping_review.csv,No matching entry in canonical crosswalk.,true,pending_review,,,
unresolved_mapping_review.csv,unresolved,470,Plan International Nepal,activity_indicator_mapping,missing,needs clarification,activity_indicator_mapping,high,unresolved_mapping_review.csv,No matching entry in canonical crosswalk.,true,pending_review,,,
unresolved_mapping_review.csv,unresolved,471,Plan International Nepal,activity_indicator_mapping,missing,needs clarification,activity_indicator_mapping,high,unresolved_mapping_review.csv,No matching entry in canonical crosswalk.,true,pending_review,,,
unresolved_mapping_review.csv,unresolved,472,Plan International Nepal,activity_indicator_mapping,missing,needs clarification,activity_indicator_mapping,high,unresolved_mapping_review.csv,No matching entry in canonical crosswalk.,true,pending_review,,,
unresolved_mapping_review.csv,unresolved,473,Plan International Nepal,activity_indicator_mapping,missing,needs clarification,activity_indicator_mapping,high,unresolved_mapping_review.csv,No matching entry in canonical crosswalk.,true,pending_review,,,
unresolved_mapping_review.csv,unresolved,474,Plan International Nepal,activity_indicator_mapping,missing,needs clarification,activity_indicator_mapping,high,unresolved_mapping_review.csv,No matching entry in canonical crosswalk.,true,pending_review,,,
unresolved_mapping_review.csv,unresolved,475,Plan International Nepal,activity_indicator_mapping,missing,needs clarification,activity_indicator_mapping,high,unresolved_mapping_review.csv,No matching entry in canonical crosswalk.,true,pending_review,,,
unresolved_mapping_review.csv,unresolved,476,Plan International Nepal,activity_indicator_mapping,missing,needs clarification,activity_indicator_mapping,high,unresolved_mapping_review.csv,No matching entry in canonical crosswalk.,true,pending_review,,,
unresolved_mapping_review.csv,unresolved,477,Plan International Nepal,activity_indicator_mapping,missing,needs clarification,activity_indicator_mapping,high,unresolved_mapping_review.csv,No matching entry in canonical crosswalk.,true,pending_review,,,
unresolved_mapping_review.csv,unresolved,478,Plan International Nepal,activity_indicator_mapping,missing,needs clarification,activity_indicator_mapping,high,unresolved_mapping_review.csv,No matching entry in canonical crosswalk.,true,pending_review,,,
unresolved_mapping_review.csv,unresolved,479,Plan International Nepal,activity_indicator_mapping,missing,needs clarification,activity_indicator_mapping,high,unresolved_mapping_review.csv,No matching entry in canonical crosswalk.,true,pending_review,,,
unresolved_mapping_review.csv,unresolved,480,SOSEC Nepal,activity_indicator_mapping,missing,needs clarification,activity_indicator_mapping,high,unresolved_mapping_review.csv,No matching entry in canonical crosswalk.,true,pending_review,,,
unresolved_mapping_review.csv,unresolved,481,SOSEC Nepal,activity_indicator_mapping,missing,needs clarification,activity_indicator_mapping,high,unresolved_mapping_review.csv,No matching entry in canonical crosswalk.,true,pending_review,,,
unresolved_mapping_review.csv,unresolved,482,SOSEC Nepal,activity_indicator_mapping,missing,needs clarification,activity_indicator_mapping,high,unresolved_mapping_review.csv,No matching entry in canonical crosswalk.,true,pending_review,,,
unresolved_mapping_review.csv,unresolved,483,TPO Nepal,activity_indicator_mapping,missing,needs clarification,activity_indicator_mapping,high,unresolved_mapping_review.csv,No matching entry in canonical crosswalk.,true,pending_review,,,
unresolved_mapping_review.csv,unresolved,484,TPO Nepal,activity_indicator_mapping,missing,needs clarification,activity_indicator_mapping,high,unresolved_mapping_review.csv,No matching entry in canonical crosswalk.,true,pending_review,,,
unresolved_mapping_review.csv,unresolved,485,TPO Nepal,activity_indicator_mapping,missing,needs clarification,activity_indicator_mapping,high,unresolved_mapping_review.csv,No matching entry in canonical crosswalk.,true,pending_review,,,
unresolved_mapping_review.csv,unresolved,486,TPO Nepal,activity_indicator_mapping,missing,needs clarification,activity_indicator_mapping,high,unresolved_mapping_review.csv,No matching entry in canonical crosswalk.,true,pending_review,,,
unresolved_mapping_review.csv,unresolved,487,TPO Nepal,activity_indicator_mapping,missing,needs clarification,activity_indicator_mapping,high,unresolved_mapping_review.csv,No matching entry in canonical crosswalk.,true,pending_review,,,
unresolved_mapping_review.csv,unresolved,488,TPO Nepal,activity_indicator_mapping,missing,needs clarification,activity_indicator_mapping,high,unresolved_mapping_review.csv,No matching entry in canonical crosswalk.,true,pending_review,,,
unresolved_mapping_review.csv,unresolved,489,SPN,activity_indicator_mapping,missing,needs clarification,activity_indicator_mapping,high,unresolved_mapping_review.csv,No matching entry in canonical crosswalk.,true,pending_review,,,
unresolved_mapping_review.csv,unresolved,490,SPN,activity_indicator_mapping,missing,needs clarification,activity_indicator_mapping,high,unresolved_mapping_review.csv,No matching entry in canonical crosswalk.,true,pending_review,,,
unresolved_mapping_review.csv,unresolved,491,SPN,activity_indicator_mapping,missing,needs clarification,activity_indicator_mapping,high,unresolved_mapping_review.csv,No matching entry in canonical crosswalk.,true,pending_review,,,
unresolved_mapping_review.csv,unresolved,492,SPN,activity_indicator_mapping,missing,needs clarification,activity_indicator_mapping,high,unresolved_mapping_review.csv,No matching entry in canonical crosswalk.,true,pending_review,,,
unresolved_mapping_review.csv,unresolved,493,SPN,activity_indicator_mapping,missing,needs clarification,activity_indicator_mapping,high,unresolved_mapping_review.csv,No matching entry in canonical crosswalk.,true,pending_review,,,
unresolved_mapping_review.csv,unresolved,494,SPN,activity_indicator_mapping,missing,needs clarification,activity_indicator_mapping,high,unresolved_mapping_review.csv,No matching entry in canonical crosswalk.,true,pending_review,,,
unresolved_mapping_review.csv,unresolved,495,SPN,activity_indicator_mapping,missing,needs clarification,activity_indicator_mapping,high,unresolved_mapping_review.csv,No matching entry in canonical crosswalk.,true,pending_review,,,
unresolved_mapping_review.csv,unresolved,496,SPN,activity_indicator_mapping,missing,needs clarification,activity_indicator_mapping,high,unresolved_mapping_review.csv,No matching entry in canonical crosswalk.,true,pending_review,,,
unresolved_mapping_review.csv,unresolved,497,WOREC,activity_indicator_mapping,missing,needs clarification,activity_indicator_mapping,high,unresolved_mapping_review.csv,No matching entry in canonical crosswalk.,true,pending_review,,,
unresolved_mapping_review.csv,unresolved,498,WOREC,activity_indicator_mapping,missing,needs clarification,activity_indicator_mapping,high,unresolved_mapping_review.csv,No matching entry in canonical crosswalk.,true,pending_review,,,
unresolved_mapping_review.csv,unresolved,499,WOREC,activity_indicator_mapping,missing,needs clarification,activity_indicator_mapping,high,unresolved_mapping_review.csv,No matching entry in canonical crosswalk.,true,pending_review,,,
unresolved_mapping_review.csv,unresolved,500,WOREC,activity_indicator_mapping,missing,needs clarification,activity_indicator_mapping,high,unresolved_mapping_review.csv,No matching entry in canonical crosswalk.,true,pending_review,,,
unresolved_mapping_review.csv,unresolved,501,WOREC,activity_indicator_mapping,missing,needs clarification,activity_indicator_mapping,high,unresolved_mapping_review.csv,No matching entry in canonical crosswalk.,true,pending_review,,,
unresolved_mapping_review.csv,unresolved,502,WOREC,activity_indicator_mapping,missing,needs clarification,activity_indicator_mapping,high,unresolved_mapping_review.csv,No matching entry in canonical crosswalk.,true,pending_review,,,
unresolved_mapping_review.csv,unresolved,503,WOREC,activity_indicator_mapping,missing,needs clarification,activity_indicator_mapping,high,unresolved_mapping_review.csv,No matching entry in canonical crosswalk.,true,pending_review,,,
unresolved_mapping_review.csv,unresolved,504,WOREC,activity_indicator_mapping,missing,needs clarification,activity_indicator_mapping,high,unresolved_mapping_review.csv,No matching entry in canonical crosswalk.,true,pending_review,,,
unresolved_mapping_review.csv,unresolved,505,WOREC,activity_indicator_mapping,missing,needs clarification,activity_indicator_mapping,high,unresolved_mapping_review.csv,No matching entry in canonical crosswalk.,true,pending_review,,,
evidence_requirement_validation.csv,evidence,4,Aasaman Nepal,evidence_requirement,missing,,evidence,medium,evidence_requirement_validation.csv,Evidence requirement not in canonical registry.,true,pending_review,,,
evidence_requirement_validation.csv,evidence,5,Aasaman Nepal,evidence_requirement,missing,,evidence,medium,evidence_requirement_validation.csv,Evidence requirement not in canonical registry.,true,pending_review,,,
evidence_requirement_validation.csv,evidence,6,Aasaman Nepal,evidence_requirement,missing,,evidence,medium,evidence_requirement_validation.csv,Evidence requirement not in canonical registry.,true,pending_review,,,
evidence_requirement_validation.csv,evidence,8,Aasaman Nepal,evidence_requirement,missing,,evidence,medium,evidence_requirement_validation.csv,Evidence requirement not in canonical registry.,true,pending_review,,,
evidence_requirement_validation.csv,evidence,9,Aasaman Nepal,evidence_requirement,missing,,evidence,medium,evidence_requirement_validation.csv,Evidence requirement not in canonical registry.,true,pending_review,,,
evidence_requirement_validation.csv,evidence,13,Aasaman Nepal,evidence_requirement,missing,,evidence,medium,evidence_requirement_validation.csv,Evidence requirement not in canonical registry.,true,pending_review,,,
evidence_requirement_validation.csv,evidence,16,Aasaman Nepal,evidence_requirement,missing,,evidence,medium,evidence_requirement_validation.csv,Evidence requirement not in canonical registry.,true,pending_review,,,
evidence_requirement_validation.csv,evidence,17,Aasaman Nepal,evidence_requirement,missing,,evidence,medium,evidence_requirement_validation.csv,Evidence requirement not in canonical registry.,true,pending_review,,,
evidence_requirement_validation.csv,evidence,18,Aasaman Nepal,evidence_requirement,missing,,evidence,medium,evidence_requirement_validation.csv,Evidence requirement not in canonical registry.,true,pending_review,,,
evidence_requirement_validation.csv,evidence,19,Aasaman Nepal,evidence_requirement,missing,,evidence,medium,evidence_requirement_validation.csv,Evidence requirement not in canonical registry.,true,pending_review,,,
evidence_requirement_validation.csv,evidence,20,Aasaman Nepal,evidence_requirement,missing,,evidence,medium,evidence_requirement_validation.csv,Evidence requirement not in canonical registry.,true,pending_review,,,
evidence_requirement_validation.csv,evidence,21,Aasaman Nepal,evidence_requirement,missing,,evidence,medium,evidence_requirement_validation.csv,Evidence requirement not in canonical registry.,true,pending_review,,,
evidence_requirement_validation.csv,evidence,22,Aasaman Nepal,evidence_requirement,missing,,evidence,medium,evidence_requirement_validation.csv,Evidence requirement not in canonical registry.,true,pending_review,,,
evidence_requirement_validation.csv,evidence,23,Aasaman Nepal,evidence_requirement,missing,,evidence,medium,evidence_requirement_validation.csv,Evidence requirement not in canonical registry.,true,pending_review,,,
evidence_requirement_validation.csv,evidence,24,Aasaman Nepal,evidence_requirement,missing,,evidence,medium,evidence_requirement_validation.csv,Evidence requirement not in canonical registry.,true,pending_review,,,
evidence_requirement_validation.csv,evidence,25,Aasaman Nepal,evidence_requirement,missing,,evidence,medium,evidence_requirement_validation.csv,Evidence requirement not in canonical registry.,true,pending_review,,,
evidence_requirement_validation.csv,evidence,26,Aasaman Nepal,evidence_requirement,missing,,evidence,medium,evidence_requirement_validation.csv,Evidence requirement not in canonical registry.,true,pending_review,,,
evidence_requirement_validation.csv,evidence,27,Aasaman Nepal,evidence_requirement,missing,,evidence,medium,evidence_requirement_validation.csv,Evidence requirement not in canonical registry.,true,pending_review,,,
evidence_requirement_validation.csv,evidence,28,Aasaman Nepal,evidence_requirement,missing,,evidence,medium,evidence_requirement_validation.csv,Evidence requirement not in canonical registry.,true,pending_review,,,
evidence_requirement_validation.csv,evidence,29,Aasaman Nepal,evidence_requirement,missing,,evidence,medium,evidence_requirement_validation.csv,Evidence requirement not in canonical registry.,true,pending_review,,,
evidence_requirement_validation.csv,evidence,30,Aasaman Nepal,evidence_requirement,missing,,evidence,medium,evidence_requirement_validation.csv,Evidence requirement not in canonical registry.,true,pending_review,,,
evidence_requirement_validation.csv,evidence,31,Aasaman Nepal,evidence_requirement,missing,,evidence,medium,evidence_requirement_validation.csv,Evidence requirement not in canonical registry.,true,pending_review,,,
evidence_requirement_validation.csv,evidence,32,Aasaman Nepal,evidence_requirement,missing,,evidence,medium,evidence_requirement_validation.csv,Evidence requirement not in canonical registry.,true,pending_review,,,
evidence_requirement_validation.csv,evidence,33,Aasaman Nepal,evidence_requirement,missing,,evidence,medium,evidence_requirement_validation.csv,Evidence requirement not in canonical registry.,true,pending_review,,,
evidence_requirement_validation.csv,evidence,34,Aasaman Nepal,evidence_requirement,missing,,evidence,medium,evidence_requirement_validation.csv,Evidence requirement not in canonical registry.,true,pending_review,,,
evidence_requirement_validation.csv,evidence,35,Aasaman Nepal,evidence_requirement,missing,,evidence,medium,evidence_requirement_validation.csv,Evidence requirement not in canonical registry.,true,pending_review,,,
evidence_requirement_validation.csv,evidence,36,Aasaman Nepal,evidence_requirement,missing,,evidence,medium,evidence_requirement_validation.csv,Evidence requirement not in canonical registry.,true,pending_review,,,
evidence_requirement_validation.csv,evidence,37,Aasaman Nepal,evidence_requirement,missing,,evidence,medium,evidence_requirement_validation.csv,Evidence requirement not in canonical registry.,true,pending_review,,,
evidence_requirement_validation.csv,evidence,38,Aasaman Nepal,evidence_requirement,missing,,evidence,medium,evidence_requirement_validation.csv,Evidence requirement not in canonical registry.,true,pending_review,,,
evidence_requirement_validation.csv,evidence,39,Aasaman Nepal,evidence_requirement,missing,,evidence,medium,evidence_requirement_validation.csv,Evidence requirement not in canonical registry.,true,pending_review,,,
evidence_requirement_validation.csv,evidence,40,Aasaman Nepal,evidence_requirement,missing,,evidence,medium,evidence_requirement_validation.csv,Evidence requirement not in canonical registry.,true,pending_review,,,
evidence_requirement_validation.csv,evidence,41,Aasaman Nepal,evidence_requirement,missing,,evidence,medium,evidence_requirement_validation.csv,Evidence requirement not in canonical registry.,true,pending_review,,,
evidence_requirement_validation.csv,evidence,42,Aasaman Nepal,evidence_requirement,missing,,evidence,medium,evidence_requirement_validation.csv,Evidence requirement not in canonical registry.,true,pending_review,,,
evidence_requirement_validation.csv,evidence,43,Aasaman Nepal,evidence_requirement,missing,,evidence,medium,evidence_requirement_validation.csv,Evidence requirement not in canonical registry.,true,pending_review,,,
evidence_requirement_validation.csv,evidence,44,Aasaman Nepal,evidence_requirement,missing,,evidence,medium,evidence_requirement_validation.csv,Evidence requirement not in canonical registry.,true,pending_review,,,
evidence_requirement_validation.csv,evidence,45,Aasaman Nepal,evidence_requirement,missing,,evidence,medium,evidence_requirement_validation.csv,Evidence requirement not in canonical registry.,true,pending_review,,,
evidence_requirement_validation.csv,evidence,46,Aasaman Nepal,evidence_requirement,missing,,evidence,medium,evidence_requirement_validation.csv,Evidence requirement not in canonical registry.,true,pending_review,,,
evidence_requirement_validation.csv,evidence,47,Aasaman Nepal,evidence_requirement,missing,,evidence,medium,evidence_requirement_validation.csv,Evidence requirement not in canonical registry.,true,pending_review,,,
evidence_requirement_validation.csv,evidence,48,Aasaman Nepal,evidence_requirement,missing,,evidence,medium,evidence_requirement_validation.csv,Evidence requirement not in canonical registry.,true,pending_review,,,
evidence_requirement_validation.csv,evidence,49,Aasaman Nepal,evidence_requirement,missing,,evidence,medium,evidence_requirement_validation.csv,Evidence requirement not in canonical registry.,true,pending_review,,,
evidence_requirement_validation.csv,evidence,50,Aasaman Nepal,evidence_requirement,missing,,evidence,medium,evidence_requirement_validation.csv,Evidence requirement not in canonical registry.,true,pending_review,,,
evidence_requirement_validation.csv,evidence,51,Aasaman Nepal,evidence_requirement,missing,,evidence,medium,evidence_requirement_validation.csv,Evidence requirement not in canonical registry.,true,pending_review,,,
evidence_requirement_validation.csv,evidence,52,Aasaman Nepal,evidence_requirement,missing,,evidence,medium,evidence_requirement_validation.csv,Evidence requirement not in canonical registry.,true,pending_review,,,
evidence_requirement_validation.csv,evidence,53,Aasaman Nepal,evidence_requirement,missing,,evidence,medium,evidence_requirement_validation.csv,Evidence requirement not in canonical registry.,true,pending_review,,,
evidence_requirement_validation.csv,evidence,54,Aasaman Nepal,evidence_requirement,missing,,evidence,medium,evidence_requirement_validation.csv,Evidence requirement not in canonical registry.,true,pending_review,,,
evidence_requirement_validation.csv,evidence,56,ADRA Nepal,evidence_requirement,missing,,evidence,medium,evidence_requirement_validation.csv,Evidence requirement not in canonical registry.,true,pending_review,,,
evidence_requirement_validation.csv,evidence,57,ADRA Nepal,evidence_requirement,missing,,evidence,medium,evidence_requirement_validation.csv,Evidence requirement not in canonical registry.,true,pending_review,,,
evidence_requirement_validation.csv,evidence,58,ADRA Nepal,evidence_requirement,missing,,evidence,medium,evidence_requirement_validation.csv,Evidence requirement not in canonical registry.,true,pending_review,,,
evidence_requirement_validation.csv,evidence,59,ADRA Nepal,evidence_requirement,missing,,evidence,medium,evidence_requirement_validation.csv,Evidence requirement not in canonical registry.,true,pending_review,,,
evidence_requirement_validation.csv,evidence,60,ADRA Nepal,evidence_requirement,missing,,evidence,medium,evidence_requirement_validation.csv,Evidence requirement not in canonical registry.,true,pending_review,,,
evidence_requirement_validation.csv,evidence,61,ADRA Nepal,evidence_requirement,missing,,evidence,medium,evidence_requirement_validation.csv,Evidence requirement not in canonical registry.,true,pending_review,,,
evidence_requirement_validation.csv,evidence,62,ADRA Nepal,evidence_requirement,missing,,evidence,medium,evidence_requirement_validation.csv,Evidence requirement not in canonical registry.,true,pending_review,,,
evidence_requirement_validation.csv,evidence,63,ADRA Nepal,evidence_requirement,missing,,evidence,medium,evidence_requirement_validation.csv,Evidence requirement not in canonical registry.,true,pending_review,,,
evidence_requirement_validation.csv,evidence,64,ADRA Nepal,evidence_requirement,missing,,evidence,medium,evidence_requirement_validation.csv,Evidence requirement not in canonical registry.,true,pending_review,,,
evidence_requirement_validation.csv,evidence,65,ADRA Nepal,evidence_requirement,missing,,evidence,medium,evidence_requirement_validation.csv,Evidence requirement not in canonical registry.,true,pending_review,,,
evidence_requirement_validation.csv,evidence,66,ADRA Nepal,evidence_requirement,missing,,evidence,medium,evidence_requirement_validation.csv,Evidence requirement not in canonical registry.,true,pending_review,,,
evidence_requirement_validation.csv,evidence,67,ADRA Nepal,evidence_requirement,missing,,evidence,medium,evidence_requirement_validation.csv,Evidence requirement not in canonical registry.,true,pending_review,,,
evidence_requirement_validation.csv,evidence,68,ADRA Nepal,evidence_requirement,missing,,evidence,medium,evidence_requirement_validation.csv,Evidence requirement not in canonical registry.,true,pending_review,,,
evidence_requirement_validation.csv,evidence,69,ADRA Nepal,evidence_requirement,missing,,evidence,medium,evidence_requirement_validation.csv,Evidence requirement not in canonical registry.,true,pending_review,,,
evidence_requirement_validation.csv,evidence,70,ADRA Nepal,evidence_requirement,missing,,evidence,medium,evidence_requirement_validation.csv,Evidence requirement not in canonical registry.,true,pending_review,,,
evidence_requirement_validation.csv,evidence,71,ADRA Nepal,evidence_requirement,missing,,evidence,medium,evidence_requirement_validation.csv,Evidence requirement not in canonical registry.,true,pending_review,,,
evidence_requirement_validation.csv,evidence,72,ADRA Nepal,evidence_requirement,missing,,evidence,medium,evidence_requirement_validation.csv,Evidence requirement not in canonical registry.,true,pending_review,,,
evidence_requirement_validation.csv,evidence,73,ADRA Nepal,evidence_requirement,missing,,evidence,medium,evidence_requirement_validation.csv,Evidence requirement not in canonical registry.,true,pending_review,,,
evidence_requirement_validation.csv,evidence,74,ADRA Nepal,evidence_requirement,missing,,evidence,medium,evidence_requirement_validation.csv,Evidence requirement not in canonical registry.,true,pending_review,,,
evidence_requirement_validation.csv,evidence,75,ADRA Nepal,evidence_requirement,missing,,evidence,medium,evidence_requirement_validation.csv,Evidence requirement not in canonical registry.,true,pending_review,,,
evidence_requirement_validation.csv,evidence,76,ADRA Nepal,evidence_requirement,missing,,evidence,medium,evidence_requirement_validation.csv,Evidence requirement not in canonical registry.,true,pending_review,,,
evidence_requirement_validation.csv,evidence,77,ADRA Nepal,evidence_requirement,missing,,evidence,medium,evidence_requirement_validation.csv,Evidence requirement not in canonical registry.,true,pending_review,,,
evidence_requirement_validation.csv,evidence,78,ADRA Nepal,evidence_requirement,missing,,evidence,medium,evidence_requirement_validation.csv,Evidence requirement not in canonical registry.,true,pending_review,,,
evidence_requirement_validation.csv,evidence,79,ADRA Nepal,evidence_requirement,missing,,evidence,medium,evidence_requirement_validation.csv,Evidence requirement not in canonical registry.,true,pending_review,,,
evidence_requirement_validation.csv,evidence,80,ADRA Nepal,evidence_requirement,missing,,evidence,medium,evidence_requirement_validation.csv,Evidence requirement not in canonical registry.,true,pending_review,,,
evidence_requirement_validation.csv,evidence,81,ADRA Nepal,evidence_requirement,missing,,evidence,medium,evidence_requirement_validation.csv,Evidence requirement not in canonical registry.,true,pending_review,,,
evidence_requirement_validation.csv,evidence,82,ADRA Nepal,evidence_requirement,missing,,evidence,medium,evidence_requirement_validation.csv,Evidence requirement not in canonical registry.,true,pending_review,,,
evidence_requirement_validation.csv,evidence,83,ADRA Nepal,evidence_requirement,missing,,evidence,medium,evidence_requirement_validation.csv,Evidence requirement not in canonical registry.,true,pending_review,,,
evidence_requirement_validation.csv,evidence,84,ADRA Nepal,evidence_requirement,missing,,evidence,medium,evidence_requirement_validation.csv,Evidence requirement not in canonical registry.,true,pending_review,,,
evidence_requirement_validation.csv,evidence,85,ADRA Nepal,evidence_requirement,missing,,evidence,medium,evidence_requirement_validation.csv,Evidence requirement not in canonical registry.,true,pending_review,,,
evidence_requirement_validation.csv,evidence,86,ADRA Nepal,evidence_requirement,missing,,evidence,medium,evidence_requirement_validation.csv,Evidence requirement not in canonical registry.,true,pending_review,,,
evidence_requirement_validation.csv,evidence,87,ADRA Nepal,evidence_requirement,missing,,evidence,medium,evidence_requirement_validation.csv,Evidence requirement not in canonical registry.,true,pending_review,,,
evidence_requirement_validation.csv,evidence,88,ADRA Nepal,evidence_requirement,missing,,evidence,medium,evidence_requirement_validation.csv,Evidence requirement not in canonical registry.,true,pending_review,,,
evidence_requirement_validation.csv,evidence,89,ADRA Nepal,evidence_requirement,missing,,evidence,medium,evidence_requirement_validation.csv,Evidence requirement not in canonical registry.,true,pending_review,,,
evidence_requirement_validation.csv,evidence,90,ADRA Nepal,evidence_requirement,missing,,evidence,medium,evidence_requirement_validation.csv,Evidence requirement not in canonical registry.,true,pending_review,,,
evidence_requirement_validation.csv,evidence,91,ADRA Nepal,evidence_requirement,missing,,evidence,medium,evidence_requirement_validation.csv,Evidence requirement not in canonical registry.,true,pending_review,,,
evidence_requirement_validation.csv,evidence,92,ADRA Nepal,evidence_requirement,missing,,evidence,medium,evidence_requirement_validation.csv,Evidence requirement not in canonical registry.,true,pending_review,,,
evidence_requirement_validation.csv,evidence,93,ADRA Nepal,evidence_requirement,missing,,evidence,medium,evidence_requirement_validation.csv,Evidence requirement not in canonical registry.,true,pending_review,,,
evidence_requirement_validation.csv,evidence,94,ADRA Nepal,evidence_requirement,missing,,evidence,medium,evidence_requirement_validation.csv,Evidence requirement not in canonical registry.,true,pending_review,,,
evidence_requirement_validation.csv,evidence,95,ADRA Nepal,evidence_requirement,missing,,evidence,medium,evidence_requirement_validation.csv,Evidence requirement not in canonical registry.,true,pending_review,,,
evidence_requirement_validation.csv,evidence,96,CMC Nepal,evidence_requirement,missing,,evidence,medium,evidence_requirement_validation.csv,Evidence requirement not in canonical registry.,true,pending_review,,,
evidence_requirement_validation.csv,evidence,97,CMC Nepal,evidence_requirement,missing,,evidence,medium,evidence_requirement_validation.csv,Evidence requirement not in canonical registry.,true,pending_review,,,
evidence_requirement_validation.csv,evidence,98,CMC Nepal,evidence_requirement,missing,,evidence,medium,evidence_requirement_validation.csv,Evidence requirement not in canonical registry.,true,pending_review,,,
evidence_requirement_validation.csv,evidence,102,CMC Nepal,evidence_requirement,missing,,evidence,medium,evidence_requirement_validation.csv,Evidence requirement not in canonical registry.,true,pending_review,,,
evidence_requirement_validation.csv,evidence,103,CMC Nepal,evidence_requirement,missing,,evidence,medium,evidence_requirement_validation.csv,Evidence requirement not in canonical registry.,true,pending_review,,,
evidence_requirement_validation.csv,evidence,106,CMC Nepal,evidence_requirement,missing,,evidence,medium,evidence_requirement_validation.csv,Evidence requirement not in canonical registry.,true,pending_review,,,
evidence_requirement_validation.csv,evidence,107,CMC Nepal,evidence_requirement,missing,,evidence,medium,evidence_requirement_validation.csv,Evidence requirement not in canonical registry.,true,pending_review,,,
evidence_requirement_validation.csv,evidence,108,CMC Nepal,evidence_requirement,missing,,evidence,medium,evidence_requirement_validation.csv,Evidence requirement not in canonical registry.,true,pending_review,,,
evidence_requirement_validation.csv,evidence,109,CMC Nepal,evidence_requirement,missing,,evidence,medium,evidence_requirement_validation.csv,Evidence requirement not in canonical registry.,true,pending_review,,,
evidence_requirement_validation.csv,evidence,110,CMC Nepal,evidence_requirement,missing,,evidence,medium,evidence_requirement_validation.csv,Evidence requirement not in canonical registry.,true,pending_review,,,
evidence_requirement_validation.csv,evidence,111,CMC Nepal,evidence_requirement,missing,,evidence,medium,evidence_requirement_validation.csv,Evidence requirement not in canonical registry.,true,pending_review,,,
evidence_requirement_validation.csv,evidence,113,CMC Nepal,evidence_requirement,missing,,evidence,medium,evidence_requirement_validation.csv,Evidence requirement not in canonical registry.,true,pending_review,,,
evidence_requirement_validation.csv,evidence,115,CMC Nepal,evidence_requirement,missing,,evidence,medium,evidence_requirement_validation.csv,Evidence requirement not in canonical registry.,true,pending_review,,,
evidence_requirement_validation.csv,evidence,116,CMC Nepal,evidence_requirement,missing,,evidence,medium,evidence_requirement_validation.csv,Evidence requirement not in canonical registry.,true,pending_review,,,
evidence_requirement_validation.csv,evidence,117,CMC Nepal,evidence_requirement,missing,,evidence,medium,evidence_requirement_validation.csv,Evidence requirement not in canonical registry.,true,pending_review,,,
evidence_requirement_validation.csv,evidence,118,CMC Nepal,evidence_requirement,missing,,evidence,medium,evidence_requirement_validation.csv,Evidence requirement not in canonical registry.,true,pending_review,,,
evidence_requirement_validation.csv,evidence,123,CMC Nepal,evidence_requirement,missing,,evidence,medium,evidence_requirement_validation.csv,Evidence requirement not in canonical registry.,true,pending_review,,,
evidence_requirement_validation.csv,evidence,124,CMC Nepal,evidence_requirement,missing,,evidence,medium,evidence_requirement_validation.csv,Evidence requirement not in canonical registry.,true,pending_review,,,
evidence_requirement_validation.csv,evidence,125,CMC Nepal,evidence_requirement,missing,,evidence,medium,evidence_requirement_validation.csv,Evidence requirement not in canonical registry.,true,pending_review,,,
evidence_requirement_validation.csv,evidence,127,CMC Nepal,evidence_requirement,missing,,evidence,medium,evidence_requirement_validation.csv,Evidence requirement not in canonical registry.,true,pending_review,,,
evidence_requirement_validation.csv,evidence,128,CMC Nepal,evidence_requirement,missing,,evidence,medium,evidence_requirement_validation.csv,Evidence requirement not in canonical registry.,true,pending_review,,,
evidence_requirement_validation.csv,evidence,129,CMC Nepal,evidence_requirement,missing,,evidence,medium,evidence_requirement_validation.csv,Evidence requirement not in canonical registry.,true,pending_review,,,
evidence_requirement_validation.csv,evidence,130,CMC Nepal,evidence_requirement,missing,,evidence,medium,evidence_requirement_validation.csv,Evidence requirement not in canonical registry.,true,pending_review,,,
evidence_requirement_validation.csv,evidence,131,CMC Nepal,evidence_requirement,missing,,evidence,medium,evidence_requirement_validation.csv,Evidence requirement not in canonical registry.,true,pending_review,,,
evidence_requirement_validation.csv,evidence,134,CMC Nepal,evidence_requirement,missing,,evidence,medium,evidence_requirement_validation.csv,Evidence requirement not in canonical registry.,true,pending_review,,,
evidence_requirement_validation.csv,evidence,135,CMC Nepal,evidence_requirement,missing,,evidence,medium,evidence_requirement_validation.csv,Evidence requirement not in canonical registry.,true,pending_review,,,
evidence_requirement_validation.csv,evidence,136,CMC Nepal,evidence_requirement,missing,,evidence,medium,evidence_requirement_validation.csv,Evidence requirement not in canonical registry.,true,pending_review,,,
evidence_requirement_validation.csv,evidence,137,CMC Nepal,evidence_requirement,missing,,evidence,medium,evidence_requirement_validation.csv,Evidence requirement not in canonical registry.,true,pending_review,,,
evidence_requirement_validation.csv,evidence,138,CMC Nepal,evidence_requirement,missing,,evidence,medium,evidence_requirement_validation.csv,Evidence requirement not in canonical registry.,true,pending_review,,,
evidence_requirement_validation.csv,evidence,139,CMC Nepal,evidence_requirement,missing,,evidence,medium,evidence_requirement_validation.csv,Evidence requirement not in canonical registry.,true,pending_review,,,
evidence_requirement_validation.csv,evidence,140,CMC Nepal,evidence_requirement,missing,,evidence,medium,evidence_requirement_validation.csv,Evidence requirement not in canonical registry.,true,pending_review,,,
evidence_requirement_validation.csv,evidence,141,CMC Nepal,evidence_requirement,missing,,evidence,medium,evidence_requirement_validation.csv,Evidence requirement not in canonical registry.,true,pending_review,,,
evidence_requirement_validation.csv,evidence,143,CMC Nepal,evidence_requirement,missing,,evidence,medium,evidence_requirement_validation.csv,Evidence requirement not in canonical registry.,true,pending_review,,,
evidence_requirement_validation.csv,evidence,144,CMC Nepal,evidence_requirement,missing,,evidence,medium,evidence_requirement_validation.csv,Evidence requirement not in canonical registry.,true,pending_review,,,
evidence_requirement_validation.csv,evidence,145,CMC Nepal,evidence_requirement,missing,,evidence,medium,evidence_requirement_validation.csv,Evidence requirement not in canonical registry.,true,pending_review,,,
evidence_requirement_validation.csv,evidence,147,CMC Nepal,evidence_requirement,missing,,evidence,medium,evidence_requirement_validation.csv,Evidence requirement not in canonical registry.,true,pending_review,,,
evidence_requirement_validation.csv,evidence,148,CMC Nepal,evidence_requirement,missing,,evidence,medium,evidence_requirement_validation.csv,Evidence requirement not in canonical registry.,true,pending_review,,,
evidence_requirement_validation.csv,evidence,149,SAATHI,evidence_requirement,missing,,evidence,medium,evidence_requirement_validation.csv,Evidence requirement not in canonical registry.,true,pending_review,,,
evidence_requirement_validation.csv,evidence,150,SAATHI,evidence_requirement,missing,,evidence,medium,evidence_requirement_validation.csv,Evidence requirement not in canonical registry.,true,pending_review,,,
evidence_requirement_validation.csv,evidence,151,SAATHI,evidence_requirement,missing,,evidence,medium,evidence_requirement_validation.csv,Evidence requirement not in canonical registry.,true,pending_review,,,
evidence_requirement_validation.csv,evidence,152,SAATHI,evidence_requirement,missing,,evidence,medium,evidence_requirement_validation.csv,Evidence requirement not in canonical registry.,true,pending_review,,,
evidence_requirement_validation.csv,evidence,153,SAATHI,evidence_requirement,missing,,evidence,medium,evidence_requirement_validation.csv,Evidence requirement not in canonical registry.,true,pending_review,,,
evidence_requirement_validation.csv,evidence,154,SAATHI,evidence_requirement,missing,,evidence,medium,evidence_requirement_validation.csv,Evidence requirement not in canonical registry.,true,pending_review,,,
evidence_requirement_validation.csv,evidence,155,SAATHI,evidence_requirement,missing,,evidence,medium,evidence_requirement_validation.csv,Evidence requirement not in canonical registry.,true,pending_review,,,
evidence_requirement_validation.csv,evidence,156,SAATHI,evidence_requirement,missing,,evidence,medium,evidence_requirement_validation.csv,Evidence requirement not in canonical registry.,true,pending_review,,,
evidence_requirement_validation.csv,evidence,157,SAATHI,evidence_requirement,missing,,evidence,medium,evidence_requirement_validation.csv,Evidence requirement not in canonical registry.,true,pending_review,,,
evidence_requirement_validation.csv,evidence,158,SAATHI,evidence_requirement,missing,,evidence,medium,evidence_requirement_validation.csv,Evidence requirement not in canonical registry.,true,pending_review,,,
evidence_requirement_validation.csv,evidence,159,SAATHI,evidence_requirement,missing,,evidence,medium,evidence_requirement_validation.csv,Evidence requirement not in canonical registry.,true,pending_review,,,
evidence_requirement_validation.csv,evidence,160,SAATHI,evidence_requirement,missing,,evidence,medium,evidence_requirement_validation.csv,Evidence requirement not in canonical registry.,true,pending_review,,,
evidence_requirement_validation.csv,evidence,161,SAATHI,evidence_requirement,missing,,evidence,medium,evidence_requirement_validation.csv,Evidence requirement not in canonical registry.,true,pending_review,,,
evidence_requirement_validation.csv,evidence,162,SAATHI,evidence_requirement,missing,,evidence,medium,evidence_requirement_validation.csv,Evidence requirement not in canonical registry.,true,pending_review,,,
evidence_requirement_validation.csv,evidence,163,SAATHI,evidence_requirement,missing,,evidence,medium,evidence_requirement_validation.csv,Evidence requirement not in canonical registry.,true,pending_review,,,
evidence_requirement_validation.csv,evidence,164,SAATHI,evidence_requirement,missing,,evidence,medium,evidence_requirement_validation.csv,Evidence requirement not in canonical registry.,true,pending_review,,,
evidence_requirement_validation.csv,evidence,165,SAATHI,evidence_requirement,missing,,evidence,medium,evidence_requirement_validation.csv,Evidence requirement not in canonical registry.,true,pending_review,,,
evidence_requirement_validation.csv,evidence,166,SAATHI,evidence_requirement,missing,,evidence,medium,evidence_requirement_validation.csv,Evidence requirement not in canonical registry.,true,pending_review,,,
evidence_requirement_validation.csv,evidence,167,SAATHI,evidence_requirement,missing,,evidence,medium,evidence_requirement_validation.csv,Evidence requirement not in canonical registry.,true,pending_review,,,
evidence_requirement_validation.csv,evidence,168,SAATHI,evidence_requirement,missing,,evidence,medium,evidence_requirement_validation.csv,Evidence requirement not in canonical registry.,true,pending_review,,,
evidence_requirement_validation.csv,evidence,169,SAATHI,evidence_requirement,missing,,evidence,medium,evidence_requirement_validation.csv,Evidence requirement not in canonical registry.,true,pending_review,,,
evidence_requirement_validation.csv,evidence,170,SAATHI,evidence_requirement,missing,,evidence,medium,evidence_requirement_validation.csv,Evidence requirement not in canonical registry.,true,pending_review,,,
evidence_requirement_validation.csv,evidence,171,SAATHI,evidence_requirement,missing,,evidence,medium,evidence_requirement_validation.csv,Evidence requirement not in canonical registry.,true,pending_review,,,
evidence_requirement_validation.csv,evidence,172,SAATHI,evidence_requirement,missing,,evidence,medium,evidence_requirement_validation.csv,Evidence requirement not in canonical registry.,true,pending_review,,,
evidence_requirement_validation.csv,evidence,173,FPAN,evidence_requirement,missing,,evidence,medium,evidence_requirement_validation.csv,Evidence requirement not in canonical registry.,true,pending_review,,,
evidence_requirement_validation.csv,evidence,174,FPAN,evidence_requirement,missing,,evidence,medium,evidence_requirement_validation.csv,Evidence requirement not in canonical registry.,true,pending_review,,,
evidence_requirement_validation.csv,evidence,175,FPAN,evidence_requirement,missing,,evidence,medium,evidence_requirement_validation.csv,Evidence requirement not in canonical registry.,true,pending_review,,,
evidence_requirement_validation.csv,evidence,176,FPAN,evidence_requirement,missing,,evidence,medium,evidence_requirement_validation.csv,Evidence requirement not in canonical registry.,true,pending_review,,,
evidence_requirement_validation.csv,evidence,177,FPAN,evidence_requirement,missing,,evidence,medium,evidence_requirement_validation.csv,Evidence requirement not in canonical registry.,true,pending_review,,,
evidence_requirement_validation.csv,evidence,178,FPAN,evidence_requirement,missing,,evidence,medium,evidence_requirement_validation.csv,Evidence requirement not in canonical registry.,true,pending_review,,,
evidence_requirement_validation.csv,evidence,179,FPAN,evidence_requirement,missing,,evidence,medium,evidence_requirement_validation.csv,Evidence requirement not in canonical registry.,true,pending_review,,,
evidence_requirement_validation.csv,evidence,180,FPAN,evidence_requirement,missing,,evidence,medium,evidence_requirement_validation.csv,Evidence requirement not in canonical registry.,true,pending_review,,,
evidence_requirement_validation.csv,evidence,181,FPAN,evidence_requirement,missing,,evidence,medium,evidence_requirement_validation.csv,Evidence requirement not in canonical registry.,true,pending_review,,,
evidence_requirement_validation.csv,evidence,182,FPAN,evidence_requirement,missing,,evidence,medium,evidence_requirement_validation.csv,Evidence requirement not in canonical registry.,true,pending_review,,,
evidence_requirement_validation.csv,evidence,183,FPAN,evidence_requirement,missing,,evidence,medium,evidence_requirement_validation.csv,Evidence requirement not in canonical registry.,true,pending_review,,,
evidence_requirement_validation.csv,evidence,184,FPAN,evidence_requirement,missing,,evidence,medium,evidence_requirement_validation.csv,Evidence requirement not in canonical registry.,true,pending_review,,,
evidence_requirement_validation.csv,evidence,185,FPAN,evidence_requirement,missing,,evidence,medium,evidence_requirement_validation.csv,Evidence requirement not in canonical registry.,true,pending_review,,,
evidence_requirement_validation.csv,evidence,186,FPAN,evidence_requirement,missing,,evidence,medium,evidence_requirement_validation.csv,Evidence requirement not in canonical registry.,true,pending_review,,,
evidence_requirement_validation.csv,evidence,187,FPAN,evidence_requirement,missing,,evidence,medium,evidence_requirement_validation.csv,Evidence requirement not in canonical registry.,true,pending_review,,,
evidence_requirement_validation.csv,evidence,188,FPAN,evidence_requirement,missing,,evidence,medium,evidence_requirement_validation.csv,Evidence requirement not in canonical registry.,true,pending_review,,,
evidence_requirement_validation.csv,evidence,189,FPAN,evidence_requirement,missing,,evidence,medium,evidence_requirement_validation.csv,Evidence requirement not in canonical registry.,true,pending_review,,,
evidence_requirement_validation.csv,evidence,190,FPAN,evidence_requirement,missing,,evidence,medium,evidence_requirement_validation.csv,Evidence requirement not in canonical registry.,true,pending_review,,,
evidence_requirement_validation.csv,evidence,191,FPAN,evidence_requirement,missing,,evidence,medium,evidence_requirement_validation.csv,Evidence requirement not in canonical registry.,true,pending_review,,,
evidence_requirement_validation.csv,evidence,192,FPAN,evidence_requirement,missing,,evidence,medium,evidence_requirement_validation.csv,Evidence requirement not in canonical registry.,true,pending_review,,,
evidence_requirement_validation.csv,evidence,193,FPAN,evidence_requirement,missing,,evidence,medium,evidence_requirement_validation.csv,Evidence requirement not in canonical registry.,true,pending_review,,,
evidence_requirement_validation.csv,evidence,194,FPAN,evidence_requirement,missing,,evidence,medium,evidence_requirement_validation.csv,Evidence requirement not in canonical registry.,true,pending_review,,,
evidence_requirement_validation.csv,evidence,195,FPAN,evidence_requirement,missing,,evidence,medium,evidence_requirement_validation.csv,Evidence requirement not in canonical registry.,true,pending_review,,,
evidence_requirement_validation.csv,evidence,196,FPAN,evidence_requirement,missing,,evidence,medium,evidence_requirement_validation.csv,Evidence requirement not in canonical registry.,true,pending_review,,,
evidence_requirement_validation.csv,evidence,197,FPAN,evidence_requirement,missing,,evidence,medium,evidence_requirement_validation.csv,Evidence requirement not in canonical registry.,true,pending_review,,,
evidence_requirement_validation.csv,evidence,198,FPAN,evidence_requirement,missing,,evidence,medium,evidence_requirement_validation.csv,Evidence requirement not in canonical registry.,true,pending_review,,,
evidence_requirement_validation.csv,evidence,199,FPAN,evidence_requirement,missing,,evidence,medium,evidence_requirement_validation.csv,Evidence requirement not in canonical registry.,true,pending_review,,,
evidence_requirement_validation.csv,evidence,200,FPAN,evidence_requirement,missing,,evidence,medium,evidence_requirement_validation.csv,Evidence requirement not in canonical registry.,true,pending_review,,,
evidence_requirement_validation.csv,evidence,201,FPAN,evidence_requirement,missing,,evidence,medium,evidence_requirement_validation.csv,Evidence requirement not in canonical registry.,true,pending_review,,,
evidence_requirement_validation.csv,evidence,202,FPAN,evidence_requirement,missing,,evidence,medium,evidence_requirement_validation.csv,Evidence requirement not in canonical registry.,true,pending_review,,,
evidence_requirement_validation.csv,evidence,203,FPAN,evidence_requirement,missing,,evidence,medium,evidence_requirement_validation.csv,Evidence requirement not in canonical registry.,true,pending_review,,,
evidence_requirement_validation.csv,evidence,204,FPAN,evidence_requirement,missing,,evidence,medium,evidence_requirement_validation.csv,Evidence requirement not in canonical registry.,true,pending_review,,,
evidence_requirement_validation.csv,evidence,205,FPAN,evidence_requirement,missing,,evidence,medium,evidence_requirement_validation.csv,Evidence requirement not in canonical registry.,true,pending_review,,,
evidence_requirement_validation.csv,evidence,206,FPAN,evidence_requirement,missing,,evidence,medium,evidence_requirement_validation.csv,Evidence requirement not in canonical registry.,true,pending_review,,,
evidence_requirement_validation.csv,evidence,207,FPAN,evidence_requirement,missing,,evidence,medium,evidence_requirement_validation.csv,Evidence requirement not in canonical registry.,true,pending_review,,,
evidence_requirement_validation.csv,evidence,208,FPAN,evidence_requirement,missing,,evidence,medium,evidence_requirement_validation.csv,Evidence requirement not in canonical registry.,true,pending_review,,,
evidence_requirement_validation.csv,evidence,209,FPAN,evidence_requirement,missing,,evidence,medium,evidence_requirement_validation.csv,Evidence requirement not in canonical registry.,true,pending_review,,,
evidence_requirement_validation.csv,evidence,210,FPAN,evidence_requirement,missing,,evidence,medium,evidence_requirement_validation.csv,Evidence requirement not in canonical registry.,true,pending_review,,,
evidence_requirement_validation.csv,evidence,211,FPAN,evidence_requirement,missing,,evidence,medium,evidence_requirement_validation.csv,Evidence requirement not in canonical registry.,true,pending_review,,,
evidence_requirement_validation.csv,evidence,212,FPAN,evidence_requirement,missing,,evidence,medium,evidence_requirement_validation.csv,Evidence requirement not in canonical registry.,true,pending_review,,,
evidence_requirement_validation.csv,evidence,213,FPAN,evidence_requirement,missing,,evidence,medium,evidence_requirement_validation.csv,Evidence requirement not in canonical registry.,true,pending_review,,,
evidence_requirement_validation.csv,evidence,214,FPAN,evidence_requirement,missing,,evidence,medium,evidence_requirement_validation.csv,Evidence requirement not in canonical registry.,true,pending_review,,,
evidence_requirement_validation.csv,evidence,215,FPAN,evidence_requirement,missing,,evidence,medium,evidence_requirement_validation.csv,Evidence requirement not in canonical registry.,true,pending_review,,,
evidence_requirement_validation.csv,evidence,216,FPAN,evidence_requirement,missing,,evidence,medium,evidence_requirement_validation.csv,Evidence requirement not in canonical registry.,true,pending_review,,,
evidence_requirement_validation.csv,evidence,217,FPAN,evidence_requirement,missing,,evidence,medium,evidence_requirement_validation.csv,Evidence requirement not in canonical registry.,true,pending_review,,,
evidence_requirement_validation.csv,evidence,218,FPAN,evidence_requirement,missing,,evidence,medium,evidence_requirement_validation.csv,Evidence requirement not in canonical registry.,true,pending_review,,,
evidence_requirement_validation.csv,evidence,222,Good Neighbors International Nepal,evidence_requirement,missing,,evidence,medium,evidence_requirement_validation.csv,Evidence requirement not in canonical registry.,true,pending_review,,,
evidence_requirement_validation.csv,evidence,223,Good Neighbors International Nepal,evidence_requirement,missing,,evidence,medium,evidence_requirement_validation.csv,Evidence requirement not in canonical registry.,true,pending_review,,,
evidence_requirement_validation.csv,evidence,224,Good Neighbors International Nepal,evidence_requirement,missing,,evidence,medium,evidence_requirement_validation.csv,Evidence requirement not in canonical registry.,true,pending_review,,,
evidence_requirement_validation.csv,evidence,225,Good Neighbors International Nepal,evidence_requirement,missing,,evidence,medium,evidence_requirement_validation.csv,Evidence requirement not in canonical registry.,true,pending_review,,,
evidence_requirement_validation.csv,evidence,226,Good Neighbors International Nepal,evidence_requirement,missing,,evidence,medium,evidence_requirement_validation.csv,Evidence requirement not in canonical registry.,true,pending_review,,,
evidence_requirement_validation.csv,evidence,227,Good Neighbors International Nepal,evidence_requirement,missing,,evidence,medium,evidence_requirement_validation.csv,Evidence requirement not in canonical registry.,true,pending_review,,,
evidence_requirement_validation.csv,evidence,228,Good Neighbors International Nepal,evidence_requirement,missing,,evidence,medium,evidence_requirement_validation.csv,Evidence requirement not in canonical registry.,true,pending_review,,,
evidence_requirement_validation.csv,evidence,236,Good Neighbors International Nepal,evidence_requirement,missing,,evidence,medium,evidence_requirement_validation.csv,Evidence requirement not in canonical registry.,true,pending_review,,,
evidence_requirement_validation.csv,evidence,237,Good Neighbors International Nepal,evidence_requirement,missing,,evidence,medium,evidence_requirement_validation.csv,Evidence requirement not in canonical registry.,true,pending_review,,,
evidence_requirement_validation.csv,evidence,238,Good Neighbors International Nepal,evidence_requirement,missing,,evidence,medium,evidence_requirement_validation.csv,Evidence requirement not in canonical registry.,true,pending_review,,,
evidence_requirement_validation.csv,evidence,239,Good Neighbors International Nepal,evidence_requirement,missing,,evidence,medium,evidence_requirement_validation.csv,Evidence requirement not in canonical registry.,true,pending_review,,,
evidence_requirement_validation.csv,evidence,240,Good Neighbors International Nepal,evidence_requirement,missing,,evidence,medium,evidence_requirement_validation.csv,Evidence requirement not in canonical registry.,true,pending_review,,,
evidence_requirement_validation.csv,evidence,241,Good Neighbors International Nepal,evidence_requirement,missing,,evidence,medium,evidence_requirement_validation.csv,Evidence requirement not in canonical registry.,true,pending_review,,,
evidence_requirement_validation.csv,evidence,242,Good Neighbors International Nepal,evidence_requirement,missing,,evidence,medium,evidence_requirement_validation.csv,Evidence requirement not in canonical registry.,true,pending_review,,,
evidence_requirement_validation.csv,evidence,243,Good Neighbors International Nepal,evidence_requirement,missing,,evidence,medium,evidence_requirement_validation.csv,Evidence requirement not in canonical registry.,true,pending_review,,,
evidence_requirement_validation.csv,evidence,244,Good Neighbors International Nepal,evidence_requirement,missing,,evidence,medium,evidence_requirement_validation.csv,Evidence requirement not in canonical registry.,true,pending_review,,,
evidence_requirement_validation.csv,evidence,245,Good Neighbors International Nepal,evidence_requirement,missing,,evidence,medium,evidence_requirement_validation.csv,Evidence requirement not in canonical registry.,true,pending_review,,,
evidence_requirement_validation.csv,evidence,246,Good Neighbors International Nepal,evidence_requirement,missing,,evidence,medium,evidence_requirement_validation.csv,Evidence requirement not in canonical registry.,true,pending_review,,,
evidence_requirement_validation.csv,evidence,247,Good Neighbors International Nepal,evidence_requirement,missing,,evidence,medium,evidence_requirement_validation.csv,Evidence requirement not in canonical registry.,true,pending_review,,,
evidence_requirement_validation.csv,evidence,251,Good Neighbors International Nepal,evidence_requirement,missing,,evidence,medium,evidence_requirement_validation.csv,Evidence requirement not in canonical registry.,true,pending_review,,,
evidence_requirement_validation.csv,evidence,264,Good Neighbors International Nepal,evidence_requirement,missing,,evidence,medium,evidence_requirement_validation.csv,Evidence requirement not in canonical registry.,true,pending_review,,,
evidence_requirement_validation.csv,evidence,265,Good Neighbors International Nepal,evidence_requirement,missing,,evidence,medium,evidence_requirement_validation.csv,Evidence requirement not in canonical registry.,true,pending_review,,,
evidence_requirement_validation.csv,evidence,268,Good Neighbors International Nepal,evidence_requirement,missing,,evidence,medium,evidence_requirement_validation.csv,Evidence requirement not in canonical registry.,true,pending_review,,,
evidence_requirement_validation.csv,evidence,271,Good Neighbors International Nepal,evidence_requirement,missing,,evidence,medium,evidence_requirement_validation.csv,Evidence requirement not in canonical registry.,true,pending_review,,,
evidence_requirement_validation.csv,evidence,281,Good Neighbors International Nepal,evidence_requirement,missing,,evidence,medium,evidence_requirement_validation.csv,Evidence requirement not in canonical registry.,true,pending_review,,,
evidence_requirement_validation.csv,evidence,291,Good Neighbors International Nepal,evidence_requirement,missing,,evidence,medium,evidence_requirement_validation.csv,Evidence requirement not in canonical registry.,true,pending_review,,,
evidence_requirement_validation.csv,evidence,292,Good Neighbors International Nepal,evidence_requirement,missing,,evidence,medium,evidence_requirement_validation.csv,Evidence requirement not in canonical registry.,true,pending_review,,,
evidence_requirement_validation.csv,evidence,293,Good Neighbors International Nepal,evidence_requirement,missing,,evidence,medium,evidence_requirement_validation.csv,Evidence requirement not in canonical registry.,true,pending_review,,,
evidence_requirement_validation.csv,evidence,310,Good Neighbors International Nepal,evidence_requirement,missing,,evidence,medium,evidence_requirement_validation.csv,Evidence requirement not in canonical registry.,true,pending_review,,,
evidence_requirement_validation.csv,evidence,317,Good Neighbors International Nepal,evidence_requirement,missing,,evidence,medium,evidence_requirement_validation.csv,Evidence requirement not in canonical registry.,true,pending_review,,,
evidence_requirement_validation.csv,evidence,334,Good Neighbors International Nepal,evidence_requirement,missing,,evidence,medium,evidence_requirement_validation.csv,Evidence requirement not in canonical registry.,true,pending_review,,,
evidence_requirement_validation.csv,evidence,335,Good Neighbors International Nepal,evidence_requirement,missing,,evidence,medium,evidence_requirement_validation.csv,Evidence requirement not in canonical registry.,true,pending_review,,,
evidence_requirement_validation.csv,evidence,336,Good Neighbors International Nepal,evidence_requirement,missing,,evidence,medium,evidence_requirement_validation.csv,Evidence requirement not in canonical registry.,true,pending_review,,,
evidence_requirement_validation.csv,evidence,337,Good Neighbors International Nepal,evidence_requirement,missing,,evidence,medium,evidence_requirement_validation.csv,Evidence requirement not in canonical registry.,true,pending_review,,,
evidence_requirement_validation.csv,evidence,338,Good Neighbors International Nepal,evidence_requirement,missing,,evidence,medium,evidence_requirement_validation.csv,Evidence requirement not in canonical registry.,true,pending_review,,,
evidence_requirement_validation.csv,evidence,339,Good Neighbors International Nepal,evidence_requirement,missing,,evidence,medium,evidence_requirement_validation.csv,Evidence requirement not in canonical registry.,true,pending_review,,,
evidence_requirement_validation.csv,evidence,340,Good Neighbors International Nepal,evidence_requirement,missing,,evidence,medium,evidence_requirement_validation.csv,Evidence requirement not in canonical registry.,true,pending_review,,,
evidence_requirement_validation.csv,evidence,341,Good Neighbors International Nepal,evidence_requirement,missing,,evidence,medium,evidence_requirement_validation.csv,Evidence requirement not in canonical registry.,true,pending_review,,,
evidence_requirement_validation.csv,evidence,342,Good Neighbors International Nepal,evidence_requirement,missing,,evidence,medium,evidence_requirement_validation.csv,Evidence requirement not in canonical registry.,true,pending_review,,,
evidence_requirement_validation.csv,evidence,343,Good Neighbors International Nepal,evidence_requirement,missing,,evidence,medium,evidence_requirement_validation.csv,Evidence requirement not in canonical registry.,true,pending_review,,,
evidence_requirement_validation.csv,evidence,344,Good Neighbors International Nepal,evidence_requirement,missing,,evidence,medium,evidence_requirement_validation.csv,Evidence requirement not in canonical registry.,true,pending_review,,,
evidence_requirement_validation.csv,evidence,345,Good Neighbors International Nepal,evidence_requirement,missing,,evidence,medium,evidence_requirement_validation.csv,Evidence requirement not in canonical registry.,true,pending_review,,,
evidence_requirement_validation.csv,evidence,346,Good Neighbors International Nepal,evidence_requirement,missing,,evidence,medium,evidence_requirement_validation.csv,Evidence requirement not in canonical registry.,true,pending_review,,,
evidence_requirement_validation.csv,evidence,347,Good Neighbors International Nepal,evidence_requirement,missing,,evidence,medium,evidence_requirement_validation.csv,Evidence requirement not in canonical registry.,true,pending_review,,,
evidence_requirement_validation.csv,evidence,381,KIDS,evidence_requirement,missing,,evidence,medium,evidence_requirement_validation.csv,Evidence requirement not in canonical registry.,true,pending_review,,,
evidence_requirement_validation.csv,evidence,382,KIDS,evidence_requirement,missing,,evidence,medium,evidence_requirement_validation.csv,Evidence requirement not in canonical registry.,true,pending_review,,,
evidence_requirement_validation.csv,evidence,383,KIDS,evidence_requirement,missing,,evidence,medium,evidence_requirement_validation.csv,Evidence requirement not in canonical registry.,true,pending_review,,,
evidence_requirement_validation.csv,evidence,384,KIDS,evidence_requirement,missing,,evidence,medium,evidence_requirement_validation.csv,Evidence requirement not in canonical registry.,true,pending_review,,,
evidence_requirement_validation.csv,evidence,385,KIDS,evidence_requirement,missing,,evidence,medium,evidence_requirement_validation.csv,Evidence requirement not in canonical registry.,true,pending_review,,,
evidence_requirement_validation.csv,evidence,386,KIDS,evidence_requirement,missing,,evidence,medium,evidence_requirement_validation.csv,Evidence requirement not in canonical registry.,true,pending_review,,,
evidence_requirement_validation.csv,evidence,387,KIDS,evidence_requirement,missing,,evidence,medium,evidence_requirement_validation.csv,Evidence requirement not in canonical registry.,true,pending_review,,,
evidence_requirement_validation.csv,evidence,388,KIDS,evidence_requirement,missing,,evidence,medium,evidence_requirement_validation.csv,Evidence requirement not in canonical registry.,true,pending_review,,,
evidence_requirement_validation.csv,evidence,389,KIDS,evidence_requirement,missing,,evidence,medium,evidence_requirement_validation.csv,Evidence requirement not in canonical registry.,true,pending_review,,,
evidence_requirement_validation.csv,evidence,390,KIDS,evidence_requirement,missing,,evidence,medium,evidence_requirement_validation.csv,Evidence requirement not in canonical registry.,true,pending_review,,,
evidence_requirement_validation.csv,evidence,391,KIDS,evidence_requirement,missing,,evidence,medium,evidence_requirement_validation.csv,Evidence requirement not in canonical registry.,true,pending_review,,,
evidence_requirement_validation.csv,evidence,392,KIDS,evidence_requirement,missing,,evidence,medium,evidence_requirement_validation.csv,Evidence requirement not in canonical registry.,true,pending_review,,,
evidence_requirement_validation.csv,evidence,393,KIDS,evidence_requirement,missing,,evidence,medium,evidence_requirement_validation.csv,Evidence requirement not in canonical registry.,true,pending_review,,,
evidence_requirement_validation.csv,evidence,394,KIDS,evidence_requirement,missing,,evidence,medium,evidence_requirement_validation.csv,Evidence requirement not in canonical registry.,true,pending_review,,,
evidence_requirement_validation.csv,evidence,395,KIDS,evidence_requirement,missing,,evidence,medium,evidence_requirement_validation.csv,Evidence requirement not in canonical registry.,true,pending_review,,,
evidence_requirement_validation.csv,evidence,396,KIDS,evidence_requirement,missing,,evidence,medium,evidence_requirement_validation.csv,Evidence requirement not in canonical registry.,true,pending_review,,,
evidence_requirement_validation.csv,evidence,397,KIDS,evidence_requirement,missing,,evidence,medium,evidence_requirement_validation.csv,Evidence requirement not in canonical registry.,true,pending_review,,,
evidence_requirement_validation.csv,evidence,398,KIDS,evidence_requirement,missing,,evidence,medium,evidence_requirement_validation.csv,Evidence requirement not in canonical registry.,true,pending_review,,,
evidence_requirement_validation.csv,evidence,399,KIDS,evidence_requirement,missing,,evidence,medium,evidence_requirement_validation.csv,Evidence requirement not in canonical registry.,true,pending_review,,,
evidence_requirement_validation.csv,evidence,400,KIDS,evidence_requirement,missing,,evidence,medium,evidence_requirement_validation.csv,Evidence requirement not in canonical registry.,true,pending_review,,,
evidence_requirement_validation.csv,evidence,401,KIDS,evidence_requirement,missing,,evidence,medium,evidence_requirement_validation.csv,Evidence requirement not in canonical registry.,true,pending_review,,,
evidence_requirement_validation.csv,evidence,402,KIDS,evidence_requirement,missing,,evidence,medium,evidence_requirement_validation.csv,Evidence requirement not in canonical registry.,true,pending_review,,,
evidence_requirement_validation.csv,evidence,403,KIDS,evidence_requirement,missing,,evidence,medium,evidence_requirement_validation.csv,Evidence requirement not in canonical registry.,true,pending_review,,,
evidence_requirement_validation.csv,evidence,404,KIDS,evidence_requirement,missing,,evidence,medium,evidence_requirement_validation.csv,Evidence requirement not in canonical registry.,true,pending_review,,,
evidence_requirement_validation.csv,evidence,405,KIDS,evidence_requirement,missing,,evidence,medium,evidence_requirement_validation.csv,Evidence requirement not in canonical registry.,true,pending_review,,,
evidence_requirement_validation.csv,evidence,406,KIDS,evidence_requirement,missing,,evidence,medium,evidence_requirement_validation.csv,Evidence requirement not in canonical registry.,true,pending_review,,,
evidence_requirement_validation.csv,evidence,407,KIDS,evidence_requirement,missing,,evidence,medium,evidence_requirement_validation.csv,Evidence requirement not in canonical registry.,true,pending_review,,,
evidence_requirement_validation.csv,evidence,408,KIDS,evidence_requirement,missing,,evidence,medium,evidence_requirement_validation.csv,Evidence requirement not in canonical registry.,true,pending_review,,,
evidence_requirement_validation.csv,evidence,409,KIDS,evidence_requirement,missing,,evidence,medium,evidence_requirement_validation.csv,Evidence requirement not in canonical registry.,true,pending_review,,,
evidence_requirement_validation.csv,evidence,410,KIDS,evidence_requirement,missing,,evidence,medium,evidence_requirement_validation.csv,Evidence requirement not in canonical registry.,true,pending_review,,,
evidence_requirement_validation.csv,evidence,411,KIDS,evidence_requirement,missing,,evidence,medium,evidence_requirement_validation.csv,Evidence requirement not in canonical registry.,true,pending_review,,,
evidence_requirement_validation.csv,evidence,412,KIDS,evidence_requirement,missing,,evidence,medium,evidence_requirement_validation.csv,Evidence requirement not in canonical registry.,true,pending_review,,,
evidence_requirement_validation.csv,evidence,413,KIDS,evidence_requirement,missing,,evidence,medium,evidence_requirement_validation.csv,Evidence requirement not in canonical registry.,true,pending_review,,,
evidence_requirement_validation.csv,evidence,414,KIDS,evidence_requirement,missing,,evidence,medium,evidence_requirement_validation.csv,Evidence requirement not in canonical registry.,true,pending_review,,,
evidence_requirement_validation.csv,evidence,415,KIDS,evidence_requirement,missing,,evidence,medium,evidence_requirement_validation.csv,Evidence requirement not in canonical registry.,true,pending_review,,,
evidence_requirement_validation.csv,evidence,416,KIDS,evidence_requirement,missing,,evidence,medium,evidence_requirement_validation.csv,Evidence requirement not in canonical registry.,true,pending_review,,,
evidence_requirement_validation.csv,evidence,417,KIDS,evidence_requirement,missing,,evidence,medium,evidence_requirement_validation.csv,Evidence requirement not in canonical registry.,true,pending_review,,,
evidence_requirement_validation.csv,evidence,418,KIDS,evidence_requirement,missing,,evidence,medium,evidence_requirement_validation.csv,Evidence requirement not in canonical registry.,true,pending_review,,,
evidence_requirement_validation.csv,evidence,419,KIDS,evidence_requirement,missing,,evidence,medium,evidence_requirement_validation.csv,Evidence requirement not in canonical registry.,true,pending_review,,,
evidence_requirement_validation.csv,evidence,420,KIDS,evidence_requirement,missing,,evidence,medium,evidence_requirement_validation.csv,Evidence requirement not in canonical registry.,true,pending_review,,,
evidence_requirement_validation.csv,evidence,421,KIDS,evidence_requirement,missing,,evidence,medium,evidence_requirement_validation.csv,Evidence requirement not in canonical registry.,true,pending_review,,,
evidence_requirement_validation.csv,evidence,422,KIDS,evidence_requirement,missing,,evidence,medium,evidence_requirement_validation.csv,Evidence requirement not in canonical registry.,true,pending_review,,,
evidence_requirement_validation.csv,evidence,423,KIDS,evidence_requirement,missing,,evidence,medium,evidence_requirement_validation.csv,Evidence requirement not in canonical registry.,true,pending_review,,,
evidence_requirement_validation.csv,evidence,424,KIDS,evidence_requirement,missing,,evidence,medium,evidence_requirement_validation.csv,Evidence requirement not in canonical registry.,true,pending_review,,,
evidence_requirement_validation.csv,evidence,425,KIDS,evidence_requirement,missing,,evidence,medium,evidence_requirement_validation.csv,Evidence requirement not in canonical registry.,true,pending_review,,,
evidence_requirement_validation.csv,evidence,426,KIDS,evidence_requirement,missing,,evidence,medium,evidence_requirement_validation.csv,Evidence requirement not in canonical registry.,true,pending_review,,,
evidence_requirement_validation.csv,evidence,427,KIDS,evidence_requirement,missing,,evidence,medium,evidence_requirement_validation.csv,Evidence requirement not in canonical registry.,true,pending_review,,,
evidence_requirement_validation.csv,evidence,428,KIDS,evidence_requirement,missing,,evidence,medium,evidence_requirement_validation.csv,Evidence requirement not in canonical registry.,true,pending_review,,,
evidence_requirement_validation.csv,evidence,429,KIDS,evidence_requirement,missing,,evidence,medium,evidence_requirement_validation.csv,Evidence requirement not in canonical registry.,true,pending_review,,,
evidence_requirement_validation.csv,evidence,430,KIDS,evidence_requirement,missing,,evidence,medium,evidence_requirement_validation.csv,Evidence requirement not in canonical registry.,true,pending_review,,,
evidence_requirement_validation.csv,evidence,431,KIDS,evidence_requirement,missing,,evidence,medium,evidence_requirement_validation.csv,Evidence requirement not in canonical registry.,true,pending_review,,,
evidence_requirement_validation.csv,evidence,432,KIDS,evidence_requirement,missing,,evidence,medium,evidence_requirement_validation.csv,Evidence requirement not in canonical registry.,true,pending_review,,,
evidence_requirement_validation.csv,evidence,433,KIDS,evidence_requirement,missing,,evidence,medium,evidence_requirement_validation.csv,Evidence requirement not in canonical registry.,true,pending_review,,,
evidence_requirement_validation.csv,evidence,434,KIDS,evidence_requirement,missing,,evidence,medium,evidence_requirement_validation.csv,Evidence requirement not in canonical registry.,true,pending_review,,,
evidence_requirement_validation.csv,evidence,435,Nepal Red Cross Society,evidence_requirement,missing,,evidence,medium,evidence_requirement_validation.csv,Evidence requirement not in canonical registry.,true,pending_review,,,
evidence_requirement_validation.csv,evidence,436,Nepal Red Cross Society,evidence_requirement,missing,,evidence,medium,evidence_requirement_validation.csv,Evidence requirement not in canonical registry.,true,pending_review,,,
evidence_requirement_validation.csv,evidence,437,Nepal Red Cross Society,evidence_requirement,missing,,evidence,medium,evidence_requirement_validation.csv,Evidence requirement not in canonical registry.,true,pending_review,,,
evidence_requirement_validation.csv,evidence,438,Nepal Red Cross Society,evidence_requirement,missing,,evidence,medium,evidence_requirement_validation.csv,Evidence requirement not in canonical registry.,true,pending_review,,,
evidence_requirement_validation.csv,evidence,439,Nepal Red Cross Society,evidence_requirement,missing,,evidence,medium,evidence_requirement_validation.csv,Evidence requirement not in canonical registry.,true,pending_review,,,
evidence_requirement_validation.csv,evidence,440,Nepal Red Cross Society,evidence_requirement,missing,,evidence,medium,evidence_requirement_validation.csv,Evidence requirement not in canonical registry.,true,pending_review,,,
evidence_requirement_validation.csv,evidence,441,Nepal Red Cross Society,evidence_requirement,missing,,evidence,medium,evidence_requirement_validation.csv,Evidence requirement not in canonical registry.,true,pending_review,,,
evidence_requirement_validation.csv,evidence,442,Nepal Red Cross Society,evidence_requirement,missing,,evidence,medium,evidence_requirement_validation.csv,Evidence requirement not in canonical registry.,true,pending_review,,,
evidence_requirement_validation.csv,evidence,443,Nepal Red Cross Society,evidence_requirement,missing,,evidence,medium,evidence_requirement_validation.csv,Evidence requirement not in canonical registry.,true,pending_review,,,
evidence_requirement_validation.csv,evidence,444,Nepal Red Cross Society,evidence_requirement,missing,,evidence,medium,evidence_requirement_validation.csv,Evidence requirement not in canonical registry.,true,pending_review,,,
evidence_requirement_validation.csv,evidence,445,Nepal Red Cross Society,evidence_requirement,missing,,evidence,medium,evidence_requirement_validation.csv,Evidence requirement not in canonical registry.,true,pending_review,,,
evidence_requirement_validation.csv,evidence,446,Nepal Red Cross Society,evidence_requirement,missing,,evidence,medium,evidence_requirement_validation.csv,Evidence requirement not in canonical registry.,true,pending_review,,,
evidence_requirement_validation.csv,evidence,447,Nepal Red Cross Society,evidence_requirement,missing,,evidence,medium,evidence_requirement_validation.csv,Evidence requirement not in canonical registry.,true,pending_review,,,
evidence_requirement_validation.csv,evidence,448,PeaceWin,evidence_requirement,missing,,evidence,medium,evidence_requirement_validation.csv,Evidence requirement not in canonical registry.,true,pending_review,,,
evidence_requirement_validation.csv,evidence,449,PeaceWin,evidence_requirement,missing,,evidence,medium,evidence_requirement_validation.csv,Evidence requirement not in canonical registry.,true,pending_review,,,
evidence_requirement_validation.csv,evidence,450,PeaceWin,evidence_requirement,missing,,evidence,medium,evidence_requirement_validation.csv,Evidence requirement not in canonical registry.,true,pending_review,,,
evidence_requirement_validation.csv,evidence,451,PeaceWin,evidence_requirement,missing,,evidence,medium,evidence_requirement_validation.csv,Evidence requirement not in canonical registry.,true,pending_review,,,
evidence_requirement_validation.csv,evidence,452,PeaceWin,evidence_requirement,missing,,evidence,medium,evidence_requirement_validation.csv,Evidence requirement not in canonical registry.,true,pending_review,,,
evidence_requirement_validation.csv,evidence,453,PeaceWin,evidence_requirement,missing,,evidence,medium,evidence_requirement_validation.csv,Evidence requirement not in canonical registry.,true,pending_review,,,
evidence_requirement_validation.csv,evidence,454,PeaceWin,evidence_requirement,missing,,evidence,medium,evidence_requirement_validation.csv,Evidence requirement not in canonical registry.,true,pending_review,,,
evidence_requirement_validation.csv,evidence,455,PeaceWin,evidence_requirement,missing,,evidence,medium,evidence_requirement_validation.csv,Evidence requirement not in canonical registry.,true,pending_review,,,
evidence_requirement_validation.csv,evidence,456,PeaceWin,evidence_requirement,missing,,evidence,medium,evidence_requirement_validation.csv,Evidence requirement not in canonical registry.,true,pending_review,,,
evidence_requirement_validation.csv,evidence,457,PeaceWin,evidence_requirement,missing,,evidence,medium,evidence_requirement_validation.csv,Evidence requirement not in canonical registry.,true,pending_review,,,
evidence_requirement_validation.csv,evidence,458,PeaceWin,evidence_requirement,missing,,evidence,medium,evidence_requirement_validation.csv,Evidence requirement not in canonical registry.,true,pending_review,,,
evidence_requirement_validation.csv,evidence,459,PeaceWin,evidence_requirement,missing,,evidence,medium,evidence_requirement_validation.csv,Evidence requirement not in canonical registry.,true,pending_review,,,
evidence_requirement_validation.csv,evidence,460,PeaceWin,evidence_requirement,missing,,evidence,medium,evidence_requirement_validation.csv,Evidence requirement not in canonical registry.,true,pending_review,,,
evidence_requirement_validation.csv,evidence,461,PeaceWin,evidence_requirement,missing,,evidence,medium,evidence_requirement_validation.csv,Evidence requirement not in canonical registry.,true,pending_review,,,
evidence_requirement_validation.csv,evidence,462,PeaceWin,evidence_requirement,missing,,evidence,medium,evidence_requirement_validation.csv,Evidence requirement not in canonical registry.,true,pending_review,,,
evidence_requirement_validation.csv,evidence,463,PeaceWin,evidence_requirement,missing,,evidence,medium,evidence_requirement_validation.csv,Evidence requirement not in canonical registry.,true,pending_review,,,
evidence_requirement_validation.csv,evidence,464,PeaceWin,evidence_requirement,missing,,evidence,medium,evidence_requirement_validation.csv,Evidence requirement not in canonical registry.,true,pending_review,,,
evidence_requirement_validation.csv,evidence,465,PeaceWin,evidence_requirement,missing,,evidence,medium,evidence_requirement_validation.csv,Evidence requirement not in canonical registry.,true,pending_review,,,
evidence_requirement_validation.csv,evidence,466,PeaceWin,evidence_requirement,missing,,evidence,medium,evidence_requirement_validation.csv,Evidence requirement not in canonical registry.,true,pending_review,,,
evidence_requirement_validation.csv,evidence,467,PeaceWin,evidence_requirement,missing,,evidence,medium,evidence_requirement_validation.csv,Evidence requirement not in canonical registry.,true,pending_review,,,
evidence_requirement_validation.csv,evidence,468,PeaceWin,evidence_requirement,missing,,evidence,medium,evidence_requirement_validation.csv,Evidence requirement not in canonical registry.,true,pending_review,,,
evidence_requirement_validation.csv,evidence,469,PeaceWin,evidence_requirement,missing,,evidence,medium,evidence_requirement_validation.csv,Evidence requirement not in canonical registry.,true,pending_review,,,
evidence_requirement_validation.csv,evidence,470,PeaceWin,evidence_requirement,missing,,evidence,medium,evidence_requirement_validation.csv,Evidence requirement not in canonical registry.,true,pending_review,,,
evidence_requirement_validation.csv,evidence,471,PeaceWin,evidence_requirement,missing,,evidence,medium,evidence_requirement_validation.csv,Evidence requirement not in canonical registry.,true,pending_review,,,
evidence_requirement_validation.csv,evidence,472,PeaceWin,evidence_requirement,missing,,evidence,medium,evidence_requirement_validation.csv,Evidence requirement not in canonical registry.,true,pending_review,,,
evidence_requirement_validation.csv,evidence,473,PeaceWin,evidence_requirement,missing,,evidence,medium,evidence_requirement_validation.csv,Evidence requirement not in canonical registry.,true,pending_review,,,
evidence_requirement_validation.csv,evidence,474,PeaceWin,evidence_requirement,missing,,evidence,medium,evidence_requirement_validation.csv,Evidence requirement not in canonical registry.,true,pending_review,,,
evidence_requirement_validation.csv,evidence,475,PeaceWin,evidence_requirement,missing,,evidence,medium,evidence_requirement_validation.csv,Evidence requirement not in canonical registry.,true,pending_review,,,
evidence_requirement_validation.csv,evidence,476,PeaceWin,evidence_requirement,missing,,evidence,medium,evidence_requirement_validation.csv,Evidence requirement not in canonical registry.,true,pending_review,,,
evidence_requirement_validation.csv,evidence,477,PeaceWin,evidence_requirement,missing,,evidence,medium,evidence_requirement_validation.csv,Evidence requirement not in canonical registry.,true,pending_review,,,
evidence_requirement_validation.csv,evidence,478,PeaceWin,evidence_requirement,missing,,evidence,medium,evidence_requirement_validation.csv,Evidence requirement not in canonical registry.,true,pending_review,,,
evidence_requirement_validation.csv,evidence,479,PeaceWin,evidence_requirement,missing,,evidence,medium,evidence_requirement_validation.csv,Evidence requirement not in canonical registry.,true,pending_review,,,
evidence_requirement_validation.csv,evidence,480,PeaceWin,evidence_requirement,missing,,evidence,medium,evidence_requirement_validation.csv,Evidence requirement not in canonical registry.,true,pending_review,,,
evidence_requirement_validation.csv,evidence,481,PeaceWin,evidence_requirement,missing,,evidence,medium,evidence_requirement_validation.csv,Evidence requirement not in canonical registry.,true,pending_review,,,
evidence_requirement_validation.csv,evidence,482,PeaceWin,evidence_requirement,missing,,evidence,medium,evidence_requirement_validation.csv,Evidence requirement not in canonical registry.,true,pending_review,,,
evidence_requirement_validation.csv,evidence,483,PeaceWin,evidence_requirement,missing,,evidence,medium,evidence_requirement_validation.csv,Evidence requirement not in canonical registry.,true,pending_review,,,
evidence_requirement_validation.csv,evidence,484,PeaceWin,evidence_requirement,missing,,evidence,medium,evidence_requirement_validation.csv,Evidence requirement not in canonical registry.,true,pending_review,,,
evidence_requirement_validation.csv,evidence,485,PeaceWin,evidence_requirement,missing,,evidence,medium,evidence_requirement_validation.csv,Evidence requirement not in canonical registry.,true,pending_review,,,
evidence_requirement_validation.csv,evidence,486,PeaceWin,evidence_requirement,missing,,evidence,medium,evidence_requirement_validation.csv,Evidence requirement not in canonical registry.,true,pending_review,,,
evidence_requirement_validation.csv,evidence,487,PeaceWin,evidence_requirement,missing,,evidence,medium,evidence_requirement_validation.csv,Evidence requirement not in canonical registry.,true,pending_review,,,
evidence_requirement_validation.csv,evidence,488,PeaceWin,evidence_requirement,missing,,evidence,medium,evidence_requirement_validation.csv,Evidence requirement not in canonical registry.,true,pending_review,,,
evidence_requirement_validation.csv,evidence,489,PeaceWin,evidence_requirement,missing,,evidence,medium,evidence_requirement_validation.csv,Evidence requirement not in canonical registry.,true,pending_review,,,
evidence_requirement_validation.csv,evidence,490,PeaceWin,evidence_requirement,missing,,evidence,medium,evidence_requirement_validation.csv,Evidence requirement not in canonical registry.,true,pending_review,,,
evidence_requirement_validation.csv,evidence,491,PeaceWin,evidence_requirement,missing,,evidence,medium,evidence_requirement_validation.csv,Evidence requirement not in canonical registry.,true,pending_review,,,
evidence_requirement_validation.csv,evidence,492,PeaceWin,evidence_requirement,missing,,evidence,medium,evidence_requirement_validation.csv,Evidence requirement not in canonical registry.,true,pending_review,,,
evidence_requirement_validation.csv,evidence,493,PeaceWin,evidence_requirement,missing,,evidence,medium,evidence_requirement_validation.csv,Evidence requirement not in canonical registry.,true,pending_review,,,
evidence_requirement_validation.csv,evidence,494,PeaceWin,evidence_requirement,missing,,evidence,medium,evidence_requirement_validation.csv,Evidence requirement not in canonical registry.,true,pending_review,,,
evidence_requirement_validation.csv,evidence,495,PeaceWin,evidence_requirement,missing,,evidence,medium,evidence_requirement_validation.csv,Evidence requirement not in canonical registry.,true,pending_review,,,
evidence_requirement_validation.csv,evidence,496,PeaceWin,evidence_requirement,missing,,evidence,medium,evidence_requirement_validation.csv,Evidence requirement not in canonical registry.,true,pending_review,,,
evidence_requirement_validation.csv,evidence,497,PeaceWin,evidence_requirement,missing,,evidence,medium,evidence_requirement_validation.csv,Evidence requirement not in canonical registry.,true,pending_review,,,
evidence_requirement_validation.csv,evidence,498,PeaceWin,evidence_requirement,missing,,evidence,medium,evidence_requirement_validation.csv,Evidence requirement not in canonical registry.,true,pending_review,,,
evidence_requirement_validation.csv,evidence,499,PeaceWin,evidence_requirement,missing,,evidence,medium,evidence_requirement_validation.csv,Evidence requirement not in canonical registry.,true,pending_review,,,
evidence_requirement_validation.csv,evidence,500,PeaceWin,evidence_requirement,missing,,evidence,medium,evidence_requirement_validation.csv,Evidence requirement not in canonical registry.,true,pending_review,,,
evidence_requirement_validation.csv,evidence,501,PeaceWin,evidence_requirement,missing,,evidence,medium,evidence_requirement_validation.csv,Evidence requirement not in canonical registry.,true,pending_review,,,
evidence_requirement_validation.csv,evidence,502,PeaceWin,evidence_requirement,missing,,evidence,medium,evidence_requirement_validation.csv,Evidence requirement not in canonical registry.,true,pending_review,,,
evidence_requirement_validation.csv,evidence,503,PeaceWin,evidence_requirement,missing,,evidence,medium,evidence_requirement_validation.csv,Evidence requirement not in canonical registry.,true,pending_review,,,
evidence_requirement_validation.csv,evidence,504,PeaceWin,evidence_requirement,missing,,evidence,medium,evidence_requirement_validation.csv,Evidence requirement not in canonical registry.,true,pending_review,,,
evidence_requirement_validation.csv,evidence,505,PeaceWin,evidence_requirement,missing,,evidence,medium,evidence_requirement_validation.csv,Evidence requirement not in canonical registry.,true,pending_review,,,
evidence_requirement_validation.csv,evidence,506,PeaceWin,evidence_requirement,missing,,evidence,medium,evidence_requirement_validation.csv,Evidence requirement not in canonical registry.,true,pending_review,,,
evidence_requirement_validation.csv,evidence,507,PeaceWin,evidence_requirement,missing,,evidence,medium,evidence_requirement_validation.csv,Evidence requirement not in canonical registry.,true,pending_review,,,
evidence_requirement_validation.csv,evidence,508,PeaceWin,evidence_requirement,missing,,evidence,medium,evidence_requirement_validation.csv,Evidence requirement not in canonical registry.,true,pending_review,,,
evidence_requirement_validation.csv,evidence,509,PeaceWin,evidence_requirement,missing,,evidence,medium,evidence_requirement_validation.csv,Evidence requirement not in canonical registry.,true,pending_review,,,
evidence_requirement_validation.csv,evidence,510,PeaceWin,evidence_requirement,missing,,evidence,medium,evidence_requirement_validation.csv,Evidence requirement not in canonical registry.,true,pending_review,,,
evidence_requirement_validation.csv,evidence,511,PeaceWin,evidence_requirement,missing,,evidence,medium,evidence_requirement_validation.csv,Evidence requirement not in canonical registry.,true,pending_review,,,
evidence_requirement_validation.csv,evidence,512,PeaceWin,evidence_requirement,missing,,evidence,medium,evidence_requirement_validation.csv,Evidence requirement not in canonical registry.,true,pending_review,,,
evidence_requirement_validation.csv,evidence,513,PeaceWin,evidence_requirement,missing,,evidence,medium,evidence_requirement_validation.csv,Evidence requirement not in canonical registry.,true,pending_review,,,
evidence_requirement_validation.csv,evidence,514,PeaceWin,evidence_requirement,missing,,evidence,medium,evidence_requirement_validation.csv,Evidence requirement not in canonical registry.,true,pending_review,,,
evidence_requirement_validation.csv,evidence,515,PeaceWin,evidence_requirement,missing,,evidence,medium,evidence_requirement_validation.csv,Evidence requirement not in canonical registry.,true,pending_review,,,
evidence_requirement_validation.csv,evidence,516,PeaceWin,evidence_requirement,missing,,evidence,medium,evidence_requirement_validation.csv,Evidence requirement not in canonical registry.,true,pending_review,,,
evidence_requirement_validation.csv,evidence,517,PeaceWin,evidence_requirement,missing,,evidence,medium,evidence_requirement_validation.csv,Evidence requirement not in canonical registry.,true,pending_review,,,
evidence_requirement_validation.csv,evidence,555,Plan International Nepal,evidence_requirement,missing,,evidence,medium,evidence_requirement_validation.csv,Evidence requirement not in canonical registry.,true,pending_review,,,
evidence_requirement_validation.csv,evidence,556,Plan International Nepal,evidence_requirement,missing,,evidence,medium,evidence_requirement_validation.csv,Evidence requirement not in canonical registry.,true,pending_review,,,
evidence_requirement_validation.csv,evidence,598,Plan International Nepal,evidence_requirement,missing,,evidence,medium,evidence_requirement_validation.csv,Evidence requirement not in canonical registry.,true,pending_review,,,
evidence_requirement_validation.csv,evidence,599,Plan International Nepal,evidence_requirement,missing,,evidence,medium,evidence_requirement_validation.csv,Evidence requirement not in canonical registry.,true,pending_review,,,
evidence_requirement_validation.csv,evidence,600,Plan International Nepal,evidence_requirement,missing,,evidence,medium,evidence_requirement_validation.csv,Evidence requirement not in canonical registry.,true,pending_review,,,
evidence_requirement_validation.csv,evidence,601,Plan International Nepal,evidence_requirement,missing,,evidence,medium,evidence_requirement_validation.csv,Evidence requirement not in canonical registry.,true,pending_review,,,
evidence_requirement_validation.csv,evidence,616,Plan International Nepal,evidence_requirement,missing,,evidence,medium,evidence_requirement_validation.csv,Evidence requirement not in canonical registry.,true,pending_review,,,
evidence_requirement_validation.csv,evidence,617,Plan International Nepal,evidence_requirement,missing,,evidence,medium,evidence_requirement_validation.csv,Evidence requirement not in canonical registry.,true,pending_review,,,
evidence_requirement_validation.csv,evidence,618,Plan International Nepal,evidence_requirement,missing,,evidence,medium,evidence_requirement_validation.csv,Evidence requirement not in canonical registry.,true,pending_review,,,
evidence_requirement_validation.csv,evidence,619,Plan International Nepal,evidence_requirement,missing,,evidence,medium,evidence_requirement_validation.csv,Evidence requirement not in canonical registry.,true,pending_review,,,
evidence_requirement_validation.csv,evidence,620,Plan International Nepal,evidence_requirement,missing,,evidence,medium,evidence_requirement_validation.csv,Evidence requirement not in canonical registry.,true,pending_review,,,
evidence_requirement_validation.csv,evidence,639,Plan International Nepal,evidence_requirement,missing,,evidence,medium,evidence_requirement_validation.csv,Evidence requirement not in canonical registry.,true,pending_review,,,
evidence_requirement_validation.csv,evidence,640,Plan International Nepal,evidence_requirement,missing,,evidence,medium,evidence_requirement_validation.csv,Evidence requirement not in canonical registry.,true,pending_review,,,
evidence_requirement_validation.csv,evidence,649,Plan International Nepal,evidence_requirement,missing,,evidence,medium,evidence_requirement_validation.csv,Evidence requirement not in canonical registry.,true,pending_review,,,
evidence_requirement_validation.csv,evidence,679,Plan International Nepal,evidence_requirement,missing,,evidence,medium,evidence_requirement_validation.csv,Evidence requirement not in canonical registry.,true,pending_review,,,
evidence_requirement_validation.csv,evidence,730,Plan International Nepal,evidence_requirement,missing,,evidence,medium,evidence_requirement_validation.csv,Evidence requirement not in canonical registry.,true,pending_review,,,
evidence_requirement_validation.csv,evidence,731,Plan International Nepal,evidence_requirement,missing,,evidence,medium,evidence_requirement_validation.csv,Evidence requirement not in canonical registry.,true,pending_review,,,
evidence_requirement_validation.csv,evidence,739,Plan International Nepal,evidence_requirement,missing,,evidence,medium,evidence_requirement_validation.csv,Evidence requirement not in canonical registry.,true,pending_review,,,
evidence_requirement_validation.csv,evidence,740,Plan International Nepal,evidence_requirement,missing,,evidence,medium,evidence_requirement_validation.csv,Evidence requirement not in canonical registry.,true,pending_review,,,
evidence_requirement_validation.csv,evidence,741,Plan International Nepal,evidence_requirement,missing,,evidence,medium,evidence_requirement_validation.csv,Evidence requirement not in canonical registry.,true,pending_review,,,
evidence_requirement_validation.csv,evidence,742,Plan International Nepal,evidence_requirement,missing,,evidence,medium,evidence_requirement_validation.csv,Evidence requirement not in canonical registry.,true,pending_review,,,
evidence_requirement_validation.csv,evidence,743,Plan International Nepal,evidence_requirement,missing,,evidence,medium,evidence_requirement_validation.csv,Evidence requirement not in canonical registry.,true,pending_review,,,
evidence_requirement_validation.csv,evidence,744,Plan International Nepal,evidence_requirement,missing,,evidence,medium,evidence_requirement_validation.csv,Evidence requirement not in canonical registry.,true,pending_review,,,
evidence_requirement_validation.csv,evidence,745,Plan International Nepal,evidence_requirement,missing,,evidence,medium,evidence_requirement_validation.csv,Evidence requirement not in canonical registry.,true,pending_review,,,
evidence_requirement_validation.csv,evidence,746,Plan International Nepal,evidence_requirement,missing,,evidence,medium,evidence_requirement_validation.csv,Evidence requirement not in canonical registry.,true,pending_review,,,
evidence_requirement_validation.csv,evidence,747,Plan International Nepal,evidence_requirement,missing,,evidence,medium,evidence_requirement_validation.csv,Evidence requirement not in canonical registry.,true,pending_review,,,
evidence_requirement_validation.csv,evidence,748,Plan International Nepal,evidence_requirement,missing,,evidence,medium,evidence_requirement_validation.csv,Evidence requirement not in canonical registry.,true,pending_review,,,
evidence_requirement_validation.csv,evidence,749,Plan International Nepal,evidence_requirement,missing,,evidence,medium,evidence_requirement_validation.csv,Evidence requirement not in canonical registry.,true,pending_review,,,
evidence_requirement_validation.csv,evidence,750,Plan International Nepal,evidence_requirement,missing,,evidence,medium,evidence_requirement_validation.csv,Evidence requirement not in canonical registry.,true,pending_review,,,
evidence_requirement_validation.csv,evidence,755,Plan International Nepal,evidence_requirement,missing,,evidence,medium,evidence_requirement_validation.csv,Evidence requirement not in canonical registry.,true,pending_review,,,
evidence_requirement_validation.csv,evidence,756,Plan International Nepal,evidence_requirement,missing,,evidence,medium,evidence_requirement_validation.csv,Evidence requirement not in canonical registry.,true,pending_review,,,
evidence_requirement_validation.csv,evidence,759,Plan International Nepal,evidence_requirement,missing,,evidence,medium,evidence_requirement_validation.csv,Evidence requirement not in canonical registry.,true,pending_review,,,
evidence_requirement_validation.csv,evidence,761,Plan International Nepal,evidence_requirement,missing,,evidence,medium,evidence_requirement_validation.csv,Evidence requirement not in canonical registry.,true,pending_review,,,
evidence_requirement_validation.csv,evidence,785,SOSEC Nepal,evidence_requirement,missing,,evidence,medium,evidence_requirement_validation.csv,Evidence requirement not in canonical registry.,true,pending_review,,,
evidence_requirement_validation.csv,evidence,786,SOSEC Nepal,evidence_requirement,missing,,evidence,medium,evidence_requirement_validation.csv,Evidence requirement not in canonical registry.,true,pending_review,,,
evidence_requirement_validation.csv,evidence,787,SOSEC Nepal,evidence_requirement,missing,,evidence,medium,evidence_requirement_validation.csv,Evidence requirement not in canonical registry.,true,pending_review,,,
evidence_requirement_validation.csv,evidence,872,WOREC,evidence_requirement,missing,,evidence,medium,evidence_requirement_validation.csv,Evidence requirement not in canonical registry.,true,pending_review,,,
evidence_requirement_validation.csv,evidence,873,WOREC,evidence_requirement,missing,,evidence,medium,evidence_requirement_validation.csv,Evidence requirement not in canonical registry.,true,pending_review,,,
evidence_requirement_validation.csv,evidence,874,WOREC,evidence_requirement,missing,,evidence,medium,evidence_requirement_validation.csv,Evidence requirement not in canonical registry.,true,pending_review,,,
evidence_requirement_validation.csv,evidence,875,WOREC,evidence_requirement,missing,,evidence,medium,evidence_requirement_validation.csv,Evidence requirement not in canonical registry.,true,pending_review,,,
evidence_requirement_validation.csv,evidence,876,WOREC,evidence_requirement,missing,,evidence,medium,evidence_requirement_validation.csv,Evidence requirement not in canonical registry.,true,pending_review,,,
evidence_requirement_validation.csv,evidence,877,WOREC,evidence_requirement,missing,,evidence,medium,evidence_requirement_validation.csv,Evidence requirement not in canonical registry.,true,pending_review,,,
evidence_requirement_validation.csv,evidence,878,WOREC,evidence_requirement,missing,,evidence,medium,evidence_requirement_validation.csv,Evidence requirement not in canonical registry.,true,pending_review,,,
evidence_requirement_validation.csv,evidence,879,WOREC,evidence_requirement,missing,,evidence,medium,evidence_requirement_validation.csv,Evidence requirement not in canonical registry.,true,pending_review,,,
KOBO_XLSFORM_STRUCTURE_AUDIT.md,kobo,1,,kobo_label_list,review needed,see Kobo audit for label/list mismatches,kobo_label_list,low,KOBO_XLSFORM_STRUCTURE_AUDIT.md,Kobo forms cannot provide canonical codes; only label/list review is possible.,true,pending_review,,,
